etiqueta,p0_x,p0_y,p0_z,p1_x,p1_y,p1_z,p2_x,p2_y,p2_z,p3_x,p3_y,p3_z,p4_x,p4_y,p4_z,p5_x,p5_y,p5_z,p6_x,p6_y,p6_z,p7_x,p7_y,p7_z,p8_x,p8_y,p8_z,p9_x,p9_y,p9_z,p10_x,p10_y,p10_z,p11_x,p11_y,p11_z,p12_x,p12_y,p12_z,p13_x,p13_y,p13_z,p14_x,p14_y,p14_z,p15_x,p15_y,p15_z,p16_x,p16_y,p16_z,p17_x,p17_y,p17_z,p18_x,p18_y,p18_z,p19_x,p19_y,p19_z,p20_x,p20_y,p20_z,angulo_pulgar,angulo_indice,angulo_medio,angulo_anular,angulo_meñique,dist_pulgar_muñeca,dist_indice_muñeca,dist_medio_muñeca,dist_anular_muñeca,dist_meñique_muñeca,dist_pulgar_indice,dist_indice_medio,dist_medio_anular,dist_anular_meñique
hola,0.12246271550521114,0.4234655176862797,0.23791117904832237,0.16591785881419502,-0.16439807005835738,0.2800813782858532,-0.04586493669924541,0.821917738021805,0.903851801705311,-0.20598896016914636,0.5602791915247061,0.034503351827296115,0.14818723576616633,0.7555292643524322,-0.9441737752298778,-0.8538557770589672,-1.0102047611360698,0.6809520577256397,0.5109122981236405,0.6694091114268738,1.0305191229116057,0.5870283134091204,-0.07366486525974011,0.4898209432622381,-0.7906702844883927,0.28538817214054096,-0.7708431040530224,0.9081227350164514,0.0136647090042031,-0.18526080750861668,-0.500974106402216,0.6410812880938802,-0.0883741968037996,0.08398235128950199,-0.9212931535221303,0.174228811653203,0.2346346251950806,0.13588448755552507,0.8210868545843268,0.373483660000423,-0.24406086985265746,-0.11736767834181856,0.38947997773511767,-0.8946042415209248,0.259607331372964,0.3052835288165834,-0.6022668164003075,-0.6892912933793476,-0.3519623836732092,-0.3607304658828915,0.15659773930549903,-0.14205108709617514,0.9429015761031544,-0.7653265640619005,-0.5306965116855331,-0.6308169582741976,0.26425577476966494,-0.5088774137129966,-0.050815282717209226,-0.46237155964067655,-0.7060195446012251,-0.7885326665045805,0.25734243023024544,-0.783444428506806,-0.5662089855201831,-0.19473765724953063,0.6383859536168535,-0.7556208035192763,0.6939716162499895,-0.84005917194233,0.9709887103022122,0.014204231618701615,0.9517308744251767,0.28792322228079226,0.3475399035921161,-0.8805292902725974,-0.4300337214352723
hola,0.08267664033135613,0.43496677157161406,0.1061483064132431,0.07878277160191813,-0.13483477274660327,0.36568292837038807,-0.15073908838829736,0.7431213214195002,0.9022376688228317,-0.18734685646334087,0.5998876316483134,0.03130182931745702,0.16175249384353244,0.8560471540527241,-0.8094956340775816,-0.8608440552907862,-0.975946312449237,0.6456342834392681,0.48313775449309504,0.7548303103468671,0.9702894480745224,0.5985728012655702,-0.08877063216289366,0.4902898154703902,-0.7844834144004015,0.26270631682870915,-0.7534072886429881,0.8812735485158674,0.06389918634087027,-0.07636682495842631,-0.4621598851491541,0.5613448984045716,-0.09142163135521127,0.04092933697234494,-0.9637460928997506,0.23828250464880543,0.34735355106910715,0.2242499455104577,0.902573524145929,0.36190500972170464,-0.3394181007334046,-0.06879495167556607,0.43285904348886844,-0.839997459389308,0.2880640581515984,0.4114154547831238,-0.6493274309919322,-0.7128045500002799,-0.25962051686113335,-0.3221052743712892,0.11207865435562069,-0.11781440482097724,0.9515738934126424,-0.8734435500572505,-0.5788183390700292,-0.7304961499163127,0.32989627246255593,-0.5393880066321259,0.010118265963489553,-0.5503114806136064,-0.6981639085192444,-0.7385738568029062,0.2511159631088491,-0.712261100572566,-0.5414781389257716,-0.3429238204061332,0.6512181526224854,-0.7928033087014563,0.7149809585864734,-0.869650719755978,0.8868960993725777,-0.03660051842375196,0.9683714100423336,0.22221568200738576,0.49584956927145213,-0.9556256515702832,-0.42277338998913067
hola,0.11228063151958356,0.39466116184352057,0.2988154777005256,0.1134580120393831,-0.21225557618232302,0.3246159065650037,-0.17355966098598105,0.8229002317512821,0.9852552999524288,-0.27415107826603013,0.6316188826275453,0.07842888585263388,0.17719213018758911,0.9460329257180194,-0.8701972894043697,-0.8634282088147931,-1.0040389266006247,0.624449176847604,0.5524584164289957,0.7570818952344706,0.971071224432029,0.6396762908852484,-0.07639118090024095,0.6337350564307768,-0.7766839899240313,0.4158505009845286,-0.6820100577936569,0.8464799562783536,-0.009847981402912265,-0.14655249925679356,-0.4820619150570386,0.584167403573038,-0.06403745433822566,0.13322645210445339,-1.00476008503071,0.1595286329174609,0.20186569784149178,0.27668793346568743,0.8982008442357585,0.3013536592713674,-0.2723251525598689,-0.10667022341487525,0.35106952004447306,-0.8718628014441839,0.33644386681363536,0.28412722434478765,-0.561345509834904,-0.7141081783718817,-0.3149907359928684,-0.21988835551300964,0.07151007243790472,-0.16968822507111544,1.0024994394788853,-0.7702210809583334,-0.5564941034950283,-0.4847443896972714,0.3347611764654552,-0.4366385129114058,-0.019678366112727302,-0.4785792534315046,-0.6978242949409779,-0.7413012566467263,0.2740179182036683,-0.7354750276397728,-0.6311034540313482,-0.2584559517087557,0.7577193880295456,-0.8991607080434649,0.7102028245163334,-0.8884389777715564,0.9293223367373198,-0.00825006685622854,0.9567361773354474,0.15580380059362664,0.44276197333360495,-0.8876445280446249,-0.47090440643303766
hola,0.10844993733374825,0.43265732474002966,0.17294673476299688,0.19696357046006002,-0.12099445020629002,0.19053109680043187,-0.1155028617361436,0.7504566783257401,0.9699471877418697,-0.2727429992700796,0.5777132540919843,0.08303920345483182,0.1793768818963707,0.7911784562325332,-0.8746529453962736,-0.8494886661549664,-0.9922296667480341,0.7535124031099308,0.5765625874477488,0.676980098776886,1.0031297818182667,0.7044249382840788,-0.02541801246657896,0.48508985427521023,-0.7876628519054462,0.34318760011437877,-0.7486768984628462,0.9115288055064792,0.08242834617161018,-0.21702264359785697,-0.4738650435938361,0.3864040118649797,-0.1389187176336174,0.124239490167639,-1.024809558225532,0.3168915593483359,0.15268437654681116,0.21186576941466465,0.8940331858935529,0.4357042626602726,-0.3527773064113999,-0.0677779047935691,0.39577404490550905,-0.9286244892938579,0.3566386046044989,0.35122872401499233,-0.6092457217102579,-0.7386573004407925,-0.3884089779947203,-0.26690259085219237,0.1735000745618116,-0.043496132268091695,0.9148569011771099,-0.6892587097711305,-0.6798508777864557,-0.6849702189817867,0.3356325112550257,-0.4793672015336841,-0.09851343027841711,-0.5215549285146582,-0.7067108794419023,-0.8087179555186003,0.3551392837815981,-0.7057833230045201,-0.6414807564029257,-0.21756966490640925,0.6573514357397007,-0.7651543424719295,0.7073712570937885,-0.8492529347581774,0.924909878016943,-0.025332916448433752,0.9840406896523475,0.20864595979188452,0.48439352796204244,-0.8577411707019374,-0.4639646442889723
hola,0.12498187691315141,0.4202691001231442,0.19464269198192674,0.14470520859315322,-0.11141958387278908,0.3324637079333442,-0.05955163711689852,0.7845961936457975,0.9614231695668067,-0.24863030017811738,0.5996583937897513,0.05128268678742473,0.14093892043750053,0.8809511278571678,-0.8988389177658997,-0.7211220368126455,-1.0098640741943337,0.6045302604564894,0.6142190455747043,0.7796074311917851,0.9884426753181358,0.6297344038966612,-0.07765361413648204,0.5161956339986193,-0.7596609203524473,0.24598395707944204,-0.6645374385110197,0.8819849650240609,0.0024217836605177692,-0.1867454121016025,-0.45024220307696483,0.5202811512282346,-0.12881035534522448,0.14905225831189264,-0.9501720705718536,0.20992383538319764,0.2006395301639267,0.24547049061739565,0.8150919399543821,0.29326740948813906,-0.31690640991504976,-0.13660844998690946,0.41080777013442993,-0.8057812458939827,0.37641641205143633,0.33327881273814747,-0.5801856882474526,-0.7922738729221839,-0.37006895495125175,-0.2870113900607617,0.15652946885266375,-0.16415852025297545,1.0027150018305109,-0.719273432853815,-0.5876844952331735,-0.6572953781250604,0.3407238505163525,-0.5134778185147276,-0.056173830196866587,-0.5105191959577048,-0.677177027781519,-0.8179002068641631,0.313884687643494,-0.6987341827404999,-0.5342780962501409,-0.21458611737381145,0.7496455825714481,-0.84416482655828,0.7195058468336417,-0.7986360839251563,1.062409076687675,-0.10311251097235442,0.9115360842716355,0.17972140721789082,0.372332372581113,-0.9479121665753967,-0.47234270792486577
hola,0.10514669717845988,0.4474665315336969,0.29933529410408205,0.13728755790309624,-0.18153558410531073,0.24686749256589433,-0.10022961889928969,0.7175343412131274,1.0188984592947763,-0.17414495631238025,0.5599912935600939,-0.027866886948734917,0.20378274089613527,0.8454662843226912,-0.7960370680055531,-0.9054627835366369,-0.9895319562670372,0.6655018760817851,0.5586625315879381,0.7175210229196761,0.9883791810829029,0.5449361069643175,-0.08416024974520098,0.5670731341585059,-0.7377292065591962,0.31542278655949213,-0.7695255297738006,0.8126321255623866,0.1075804845950688,-0.15406041941997325,-0.5083131026185738,0.6260249776445594,-0.08191560385225997,0.19583275694048835,-0.9590444750567843,0.3383083903958535,0.31195848756700306,0.22141978632556017,0.9360747045769661,0.3959093956862242,-0.21255262097581054,-0.1741822654303223,0.42956496485445167,-0.826627832398981,0.24559645657017964,0.2821128136030301,-0.6811964867403233,-0.7556177464125213,-0.33326618536183417,-0.19746060550995337,0.14409827985674803,-0.04136619579679471,0.9077426032077078,-0.8810795004717016,-0.5850238727551615,-0.6581776917830421,0.3045819135260922,-0.5967888999224296,-0.07183445626302684,-0.5763722910220371,-0.6485772052674587,-0.7609198053665474,0.26566518961417906,-0.7493274431696071,-0.6597959527343406,-0.26568361354173037,0.6897435757209321,-0.8550837507306547,0.7010921407735,-0.8343160651306959,0.9132752884136743,-0.06804911470232473,0.9017600602597056,0.18200857422273284,0.4186332641671609,-0.8233881588455392,-0.43262289724859443
hola,0.06264073245502022,0.44107772828155006,0.19991034965874627,0.07871788601713257,-0.12198206632001932,0.3296636116356775,-0.15135063485514136,0.7547550895319255,0.9135729361444763,-0.34821302058522385,0.5076905230554015,0.12613355287803518,0.21833750786292883,0.8387414746075031,-0.8291000354514378,-0.8101788928697418,-0.8056191646965867,0.7212184366676049,0.5499176223256627,0.692247274463617,0.8769143684526494,0.6084903102268083,-0.11485881275835147,0.4899456670930272,-0.7957797924742599,0.2257646424743279,-0.628936343428279,0.9334198219466403,0.04329801143431248,-0.09667891307445153,-0.46702036040836514,0.5054031688020202,-0.011543131703420029,0.16381339992152996,-1.0142827068436124,0.22575406024757372,0.18041053277560495,0.16472800720129704,0.9338050344058304,0.45911143023047335,-0.35091257754338506,-0.09778763056678855,0.3627302633984384,-0.9039053259296952,0.3039137346793919,0.298076200752328,-0.5768087964550769,-0.7836949105108453,-0.3556204568626403,-0.2750903635872116,0.1284461384924388,-0.1681751561774392,0.9479091095900357,-0.758140817212656,-0.5572006284291116,-0.7262587264699351,0.31118326620225817,-0.4558474387518463,-0.15084871834345603,-0.4839808063777978,-0.7151920206562529,-0.7507197842417318,0.274496221103421,-0.8138782023359984,-0.6882123985340511,-0.2601454113450027,0.6549725847819443,-0.8510132796690979,0.7078194379364765,-0.8908791873255218,0.9496149400944257,-0.12324840669271969,0.9209303709905663,0.21206097305591265,0.43550649053240575,-0.9408521927028499,-0.3840714343864588
hola,0.06878241437849207,0.47216333834809604,0.14904140941040683,0.11625657488955787,-0.08061197028929556,0.16820600112694778,-0.1646703402481388,0.8123996079231866,0.9171732516999089,-0.21455966867987913,0.5532508168295381,0.062119328879453956,0.12830526041826065,0.9095823796683125,-0.8452068414391655,-0.8088612674931585,-0.9801570534254719,0.6408593798922513,0.5346855925087199,0.7597469036125531,0.9361874604245148,0.6128058712782678,0.02672876443813564,0.6046145877444955,-0.7797523248705256,0.3399027387632449,-0.7336971938329848,0.7874316073402751,-0.006707672045726858,-0.26421571607024563,-0.48846444999281147,0.5493882978279109,-0.003877469953138757,0.15321426642550515,-0.9733754255677329,0.27674127321092856,0.11363467999444855,0.24564872165494214,0.9260394167235967,0.28971128591797474,-0.22379649669208151,-0.10901127202659638,0.37449799615948964,-0.8479099634361461,0.44706807378155516,0.35036905198924356,-0.5668238485373014,-0.7651154496673056,-0.41163551662487186,-0.23106166728754252,0.09758934954031592,-0.11921866121438968,0.9528648037801966,-0.7719613872166242,-0.5655633825459832,-0.6255039670171125,0.2807158309880595,-0.5069105416851043,-0.1163166400765028,-0.5333634790006001,-0.663195808056718,-0.7414002868391222,0.2665509127216656,-0.6801538012974894,-0.5390533836996455,-0.24187791351688676,0.7358262503237735,-0.8444869083690562,0.613657079832037,-0.8967391966572877,1.0277211456012507,-0.02997931388689396,0.9507429428351515,0.22368947080608295,0.4222527064316845,-0.7993368165105174,-0.42792501574841946
hola,0.10309674758489415,0.46666706393977353,0.2295772137301234,0.10096056720775029,-0.19221412409445618,0.315361643990112,-0.03072435265086329,0.8508170038719084,1.0069848523340283,-0.25867774617000383,0.5339698351524002,0.051500493500826555,0.13887536780229934,0.9059028525088695,-0.942551115089967,-0.7492638846238879,-0.967463600048298,0.643895637598505,0.5057082831366926,0.6572814629003498,0.9983952136636237,0.6019830267928674,-0.141539320481189,0.49630441396973013,-0.78024038322664,0.3632931189195173,-0.7262729927500874,0.8141806864432625,0.03140949029584614,-0.18431229850633635,-0.6057331079378246,0.5457526355425427,-0.0992460620773368,0.17167821597796795,-0.8699725943800225,0.29159924562914197,0.2107470109171013,0.17854169831243033,1.0161641471917413,0.36660151990769124,-0.28028773425678066,-0.12714234675681726,0.40516662989292246,-0.8867670773376575,0.3048503305473235,0.3139327921742992,-0.5808725413631182,-0.7693186432469816,-0.40478558728549047,-0.2672569467301599,0.1276446799647165,-0.047597323646224876,0.8441991856988018,-0.7413350359078208,-0.5199422281854491,-0.781050475850415,0.28908227122677943,-0.5119888382202253,-0.13775403902327849,-0.5500396503763383,-0.737589624982252,-0.6916361955002086,0.3594430985879199,-0.6600563425530644,-0.5707516734377313,-0.3190022472389332,0.6157604463818815,-0.7813287203524816,0.6147834245530105,-0.7721532627034544,0.9409026601188848,-0.08143863708207673,0.9890701747908488,0.2319042050643939,0.46047885050564935,-0.8636579253231462,-0.4884392412271757
hola,0.1284237882018627,0.46003379564325814,0.19004943017758824,0.10607301710589963,-0.21524608014145574,0.3379895770936573,-0.13407068429676444,0.7574098505382075,0.9797759822939031,-0.26833414687558255,0.5130270113471512,-0.02004161917038623,0.1663896197551466,0.7871718089605079,-0.7701881745050079,-0.9298378709911047,-0.8747403867048467,0.6757905644560069,0.5514778463061814,0.7127783421531908,0.9771934901831315,0.5964353933122047,-0.021876181393310233,0.5667697350060129,-0.7559360601890397,0.2616614320443548,-0.7161407063679606,0.9047279225437708,-0.04181177613268794,-0.2380853911242385,-0.4337255710896103,0.5570106507748305,-0.09689850238453686,0.13778959439056668,-0.9450413138592062,0.20828301013628603,0.18527620917472717,0.2436602565043979,0.8385775181484967,0.3840532359926904,-0.36611337906432,-0.0744783105350349,0.41889226597518187,-0.8667475700257665,0.382667980088611,0.42454946145944766,-0.5285163746014117,-0.8341911162568757,-0.43312214648841735,-0.3038193869995387,0.14169809334630096,-0.09691402205190315,0.9404604854607791,-0.78657204028009,-0.6200156344279968,-0.7079568543796049,0.23588359608838574,-0.539578457225981,-0.1349626845682041,-0.5599424786456612,-0.6293787428785685,-0.8267196621129869,0.4442782821724164,-0.6989682022587279,-0.5975934704551493,-0.30546754768713247,0.6770019536663198,-0.8345793397257661,0.6819903057298758,-0.6797989572986342,0.948115935040559,-0.005233930390313057,0.9183633551243799,0.20794161496524385,0.5670671905783788,-0.9529727683807471,-0.3437636469473344
hola,0.1330146046274233,0.40225539395012555,0.2371471390960638,0.13839408847513024,-0.12159990321133077,0.21327699013878942,-0.1611824362658584,0.7711700697865843,0.9236038495470562,-0.2020833574709107,0.5923351262119919,-0.008977378429696106,0.1550990147381628,0.8817225638495132,-0.8299383612076742,-0.7717023643191875,-0.9178670973919033,0.6881986950572978,0.5528052163267686,0.6569762498178388,0.9787175954221573,0.6087015127916028,-0.06346233363436764,0.4972209237818954,-0.8175039752825467,0.33249968532169283,-0.7152711828747399,0.923412868967799,0.04511256230666641,-0.16918831304416557,-0.42397458549194617,0.5226651424575647,-0.08289329671985374,0.1137541333020449,-0.9841452104989055,0.21981238797832214,0.23529813402652847,0.20993056266633997,0.9502839633079244,0.31891023309599165,-0.29032778106049595,-0.14792264531502583,0.46761128607221636,-0.8697213179158816,0.3851256578647671,0.26699772058447024,-0.5658823645588552,-0.6976658649091215,-0.36502909868786104,-0.21930443936148722,0.11452911833074067,-0.05232960106608031,1.0916925822994148,-0.8140523065259269,-0.6045216138803692,-0.6047117403741225,0.38519525821733247,-0.5195597962780992,-0.08838779514218029,-0.5252380464398199,-0.7492833582606744,-0.8251823149955997,0.2624521405929434,-0.7620239755579788,-0.6085695210092321,-0.25083892205124575,0.7195114843365741,-0.855715150450817,0.725105934921437,-0.8185026264233494,0.9504457445441699,-0.028956622096266656,0.8973860753025593,0.22881152679929445,0.48684976920725614,-0.8970018522909512,-0.41992764265178995
hola,0.22039201485019422,0.3984917335322732,0.17897690439319686,0.05860933967255551,-0.18046425728020332,0.25991886976798634,-0.06537475091923739,0.8545712139636523,0.8987882063145848,-0.274734741003656,0.6070208539846493,0.030178687291760396,0.16773571307564017,0.8613394276278871,-0.9337150893540878,-0.7483661405304155,-0.8697693214645725,0.6346002565716566,0.5369284239029017,0.7543175660298835,0.9739595239648793,0.6312443420670887,0.02346895144418118,0.5522109911982085,-0.8033660104890562,0.21087608125432128,-0.7498399271790032,0.8876814854554779,0.13342453667603274,-0.1965566849707614,-0.45969937820880113,0.5476462340647957,-0.028279671894498704,0.26321451903097814,-0.9889638377733058,0.210799022025843,0.27639948929829644,0.2679625682308294,0.9798315233160501,0.392837007473265,-0.298948803391781,-0.09640335086670163,0.4506975708836751,-0.8385249476815921,0.35889713244670024,0.39460947371577654,-0.5207700983300345,-0.673039455138417,-0.33670780377215015,-0.2809343621305975,0.14772922515742543,-0.062471524749941464,0.9359008925690906,-0.7774767130602988,-0.6019134284266987,-0.6759437230832667,0.37013924406116183,-0.4838618415194406,-0.06505662687957998,-0.5791416230457904,-0.6447481544075995,-0.7469755086143359,0.42082191509581984,-0.7390230090504224,-0.595877760256696,-0.250080474492534,0.7208591236840439,-0.8105622250332251,0.6898408912861248,-0.7774083587262469,0.9622493861846094,-0.08501927743212326,0.9632266760255896,0.26337262698308056,0.4272013938260503,-0.9149759317840148,-0.4693921155941395
hola,0.15737933930089162,0.3542193875056502,0.17758065977970833,0.10862695974701977,-0.07441419986047355,0.28850071307966285,-0.1525855538092749,0.8776038550361891,0.8549248259812463,-0.3430572601794487,0.6054507986679958,0.0326871282881784,0.08502748133132895,0.8866110989502898,-0.8457378479156662,-0.853945332133755,-1.0235784250528932,0.7088625575098833,0.588823560797634,0.7350655033046691,1.0495685342679113,0.5448128901171396,-0.15331753404037324,0.5264629490788487,-0.7657304490799085,0.2920090151211822,-0.7253552280747236,0.9069406039248826,-0.01888032770937885,-0.09848788981528984,-0.4749963347103745,0.6043321704478397,-0.0705630682480177,0.1597055586949862,-0.9339320351156796,0.25765642215261986,0.25632758343822004,0.3003256202561354,0.8973222155143219,0.3990907860863924,-0.2854709835667893,-0.053930231628843445,0.3614427767515662,-0.7895020350959195,0.33152553335911816,0.2697369841304164,-0.5728296571067787,-0.7761999875640374,-0.32711112070219606,-0.30520965707987435,0.1180843691750203,-0.21727400962263588,0.9541323601559986,-0.9171043448353917,-0.6614416289846168,-0.6393602314227926,0.3455066588633385,-0.47214391683118756,-0.11572726144384807,-0.5135343838038935,-0.682240959663489,-0.8371679521310169,0.38782909401890436,-0.6797659827739888,-0.6178834853313762,-0.26120536672834527,0.6524056000932479,-0.907884191835092,0.6635309458715779,-0.8419023966119638,0.9028379295320458,-0.07675261134889459,1.0434065027231505,0.24173318255344242,0.4499682093074635,-0.8929952764235507,-0.3644183030178807
hola,0.14385869200028795,0.43336025124084765,0.17317991325800905,0.12467753167447324,-0.1330161320511031,0.33654788713469885,-0.0930669873905165,0.8360236373301263,0.9005637604240302,-0.1672472590667283,0.5933300563999492,0.16155288313707222,0.10162973128338623,0.9379914667435846,-0.8480323444310938,-0.858312300777641,-0.9837574968220646,0.64922232568616,0.5775217992197967,0.7661660708954133,0.928551684268599,0.5970993988203981,0.030072242436456884,0.6474355110779465,-0.7416349647784319,0.28174221656345766,-0.7072918588459941,0.9200137327356886,-0.007442984759776929,-0.18354494689012008,-0.5543179794846256,0.5684285349986973,-0.05533953858176585,0.11270857462232832,-0.8837210609627881,0.17398271100163706,0.15097270143435182,0.24509058467751244,0.9398510721598561,0.4478369827798603,-0.303928411995875,-0.0720020507297523,0.39333696837949433,-0.8881804217385013,0.377716427765669,0.3738918831569898,-0.6580544857015307,-0.6683203872039986,-0.3001387304442597,-0.3038565931902313,0.16018371750762972,-0.09809546376122236,0.9897813644096477,-0.8234256361962149,-0.6158276562072332,-0.6786586677795797,0.3648531018937651,-0.46623678719071415,-0.08590917089169273,-0.47256388046437725,-0.8244879637404643,-0.7218114326527846,0.22567348999164186,-0.741756144372929,-0.6628187713712002,-0.32728373246411707,0.7000277990647962,-0.8291825084794721,0.6932150090841436,-0.810149213156033,0.9767709713879476,-0.05885650215158408,0.8893725651712457,0.25950438046244895,0.45383932963853774,-0.9994535104243463,-0.4557918328954765
hola,0.17266499738636504,0.4728898198505136,0.1880941454228948,0.07230348077787228,-0.16877215388305972,0.39562562531135426,-0.10572880486303732,0.8050480839237131,0.9788396937036506,-0.22117750439711892,0.570497968874294,0.047972347051560046,0.1325090592171614,0.84933216475983,-0.8215464064223771,-0.8231441063065537,-0.9229312012585696,0.6612038620904469,0.5602452614155055,0.6401142622670329,1.003053068200652,0.6156415522283468,-0.027140770001153697,0.41624558366322645,-0.6590324130230971,0.27286256124728897,-0.6578842843450313,0.8373425377428912,0.07433533875327183,-0.22334689817763564,-0.5020772238255363,0.6441689465617726,-0.09723345560507024,0.14773954139628315,-0.918917012592852,0.26005508855038434,0.23171239070202165,0.2521160438728251,1.007666936291162,0.36075965835528756,-0.2709292465166796,-0.07340337260093649,0.4505386885024289,-0.8201975414634414,0.3654699419927946,0.28412549359979467,-0.4975633012372634,-0.7994646743412278,-0.35401152488968063,-0.3102922506157227,0.13718662350610966,-0.10635885256018529,0.992815536890966,-0.7748143407921796,-0.5015609243573983,-0.6547042491543085,0.2940088191662644,-0.44521243650601794,-0.007904929841155393,-0.5725292067536442,-0.6521908292164676,-0.7441910805558448,0.29778100376254724,-0.6548487566371914,-0.6143380559915194,-0.2562708360044947,0.6333328684816767,-0.8050184960348041,0.6210760606528477,-0.8798057283417886,1.0326441831880402,-0.10504566412051325,0.9039525589078589,0.1020215338099062,0.4465790714121282,-0.9877789051617336,-0.35228531684036235
hola,0.1481178623217812,0.39597121548595277,0.31814854241050317,0.13885464034337344,-0.1689319704976217,0.16681794038963357,-0.010278448845077892,0.7140673782259798,0.845055583654214,-0.18198844074796258,0.7054376964822928,0.12700348043133486,0.1642845781904826,0.8809309936685864,-0.8152571056652107,-0.7877949711075803,-0.9455036339208798,0.6704497462934698,0.5531838455047249,0.7023260670503045,0.9432029306221893,0.5136692877236779,-0.0819582568338738,0.511628797215365,-0.8186306141229222,0.28883675021272154,-0.6436933108646772,0.9352536643992835,-0.03482838668101551,-0.2201575268474697,-0.42385021639133524,0.49934300919151786,-0.09893099306675414,0.1643705026885246,-1.0108376218704715,0.24053976945905212,0.1574901706989326,0.20379961155195314,0.9034852537363752,0.28399091153038336,-0.258960461954408,-0.12691798234765114,0.4228868895753871,-0.8683533500382272,0.4017404523900276,0.3475369643687142,-0.6007051549085809,-0.7360325295386791,-0.3419783966998129,-0.27013545459846955,0.1424231253959534,-0.15789655746569708,0.943602630240905,-0.8660406420939285,-0.49476765065098366,-0.7395741259995717,0.2715713910410015,-0.5293371581988956,-0.022632235440165356,-0.5258962999113959,-0.6196737290752738,-0.8129242488835832,0.32660888704173696,-0.7654014499657602,-0.4995778202512236,-0.32192957962954744,0.6574774952072215,-0.7741086043672726,0.6965797698701828,-0.8170675671559593,0.9464278950401201,-0.06050702310564137,0.9461720762992498,0.25788499532983744,0.5890533088761709,-0.9494990047417503,-0.5028762238261347
hola,0.09321290543708677,0.5593641996275549,0.1653430237448012,0.1717222062659971,-0.06880536061836855,0.26410881404791253,-0.09637642351535121,0.8649658327205865,0.9083691339526843,-0.24329598035356267,0.554366030467897,0.007052002971165615,0.10362524493456426,0.7899962632472093,-0.8562237101912649,-0.8642400621498507,-0.9478739095298112,0.5874449087856947,0.5728575135104238,0.7817007445740846,0.8575499023369553,0.6170199569258258,-0.015657825870471695,0.5005763016383507,-0.6798225289202484,0.3007929931233499,-0.7485440179698276,0.8865493802162825,0.07161298912622947,-0.16687585044833225,-0.4439509761684276,0.502433699214465,-0.079231294365099,0.066182172892048,-0.9679817021947247,0.19007561207851464,0.1874149483153545,0.2956726525100357,0.9420616630589618,0.39409750425232565,-0.33559983708605695,-0.14175651488605717,0.4559172768534889,-0.8724632110594651,0.44949990789042005,0.3609416312060374,-0.5696324220278166,-0.7576032279004185,-0.36246625291251816,-0.280201949933782,0.1757989746701888,-0.07496185723563009,0.9374482030930549,-0.8624720261818327,-0.6740567564654955,-0.6519813978843803,0.2510483206221032,-0.6010613245680599,-0.047949524060839216,-0.386498840125155,-0.6823643782859552,-0.7373251789488077,0.3167506468579251,-0.7285785799623296,-0.5608814524905046,-0.27706338588750434,0.6553560753994654,-0.7897125581040768,0.6424852923154554,-0.7582010667352477,0.944170942192021,-0.1004848546792391,0.9803476685591944,0.16476764040054007,0.47993621666505976,-0.9220803653235689,-0.3800912965556019
hola,0.12136191949864715,0.4291273848075818,0.2464150671033021,0.15927674344465942,-0.12479988600459747,0.29230585712548124,-0.19041738909212297,0.7302903184103909,0.9120642857843252,-0.26359257245640877,0.5741015110160569,0.06062233575066432,0.16257375990570117,0.8476683376823675,-0.833602801412916,-0.8225176798564126,-1.058336533437042,0.6182729214049383,0.5491091241136202,0.679539559351583,0.9872331209653382,0.674854670050632,-0.016103182909270472,0.5503862090264006,-0.688914841419636,0.28727541551515323,-0.7301477237378091,0.8586677009221207,0.028573159175736933,-0.19008496094601426,-0.46236796467197167,0.5564960779209266,-0.08754703455923218,0.1587148062246145,-0.9028880853879726,0.2827487009238203,0.14994654702234764,0.1061719370044161,0.934212152591212,0.29529666328619575,-0.29222246894706216,-0.18444174370428507,0.30516336997552873,-0.8524759203312209,0.3714911889064677,0.31245021919998284,-0.7087869924595637,-0.7694596271029175,-0.34955309788150496,-0.3465240365534612,0.14956153682471707,-0.12356246553400908,1.0057122510985068,-0.7899313600832362,-0.6308999348544084,-0.6175523891467829,0.2982901722794484,-0.49478202189593234,-0.11404185224104724,-0.53331292855637,-0.7263009684103057,-0.7878970206675608,0.398244602937664,-0.7922291544493402,-0.6875133465337301,-0.18899114230339137,0.6315202758382769,-0.8392510853468733,0.7278850493674116,-0.838083961198917,1.0442194157041382,-0.02880130313763339,0.9291266059733891,0.3175564501533671,0.4482414126464364,-0.8845196468908934,-0.41942144582685625
hola,0.1627140723245894,0.5084542925811816,0.2071269595965761,0.05209547247648455,-0.12969179417523477,0.2579024576457069,-0.02415621509828382,0.7903727681182964,0.9090594434364532,-0.22388294705519918,0.5160937616888444,0.009209137580276382,0.1961098175850859,0.8183485626367523,-0.9102734327383231,-0.7989087629705542,-0.9002779973861987,0.7011873566291293,0.6061158861899918,0.7021845420651653,0.8861461511284359,0.6733838110312216,-0.0931752674362431,0.5485167017501585,-0.6970414411696807,0.30765354312508064,-0.6904990365778269,0.997587951344222,0.0115207319811362,-0.12428411361489097,-0.46803811954589186,0.5618969928115962,-0.011275914246276317,0.16225968555177822,-0.935505595174808,0.28889636101724425,0.20594380896769854,0.1919075103825635,0.8352556973281966,0.26532276873816674,-0.17817384235541187,-0.18109651068740124,0.3841997106752411,-0.8933897217359064,0.3489037657817904,0.38206259986328367,-0.5362112034343309,-0.7713012766187403,-0.37749938384095283,-0.2584494605903398,0.12795898452658191,-0.042429694274359664,1.001296423700365,-0.759166489201453,-0.54910242437696,-0.6187072713557412,0.3152677288659822,-0.558258392318228,-0.04739405669975534,-0.5437166606863859,-0.7084916667964484,-0.7499315167336351,0.37457333250222863,-0.7225705184659693,-0.5913936260099448,-0.17743891144630988,0.6540241186702986,-0.6757132927048577,0.704165297279185,-0.8958413221698648,0.9905860110820182,-0.04363967746045796,1.0180098140848115,0.24335010705358986,0.47160435959741465,-0.9828393273058269,-0.4448372377114821
hola,0.055100985144184496,0.4013525602546028,0.23495567236431825,0.17326159121136403,-0.13295682483104154,0.231994073031553,-0.10259544406360795,0.8433775758964421,0.8968363757860894,-0.23981782068209048,0.5841844859017891,0.018544923851696954,0.16850314388005758,0.845145869154933,-0.8369512614088748,-0.8701160094870236,-0.9814361201355191,0.7013587589872645,0.5376718442951126,0.8263724890553086,0.9372548751847979,0.6095513647210415,-0.03041173390048181,0.49014006592625936,-0.8514915888611724,0.20355922692654288,-0.6501642200105481,0.8617449268045454,0.17160660778355596,-0.19888849995182226,-0.4616612106308942,0.6255728764968271,0.01260530884105325,0.2399430765691169,-0.9020020875976326,0.28647412044232723,0.253817792904902,0.27278604755784575,0.8599368712128217,0.32273065403585144,-0.28115292172297557,-0.1344453235275635,0.37260098938816594,-0.8447296843686246,0.3812986913198609,0.3456960835509112,-0.5053583737995551,-0.7992318603969686,-0.3788262711156182,-0.308419574144895,0.04706670998210627,-0.12693100736749427,0.9706603006992882,-0.7202378913418372,-0.5507059035825917,-0.7285903054464677,0.3989212792475063,-0.4323651101441681,-0.03827356911395663,-0.5224730209392862,-0.7300327945451346,-0.7978600564749424,0.36709660991575616,-0.629404782006042,-0.5296731002262836,-0.2869921297673855,0.5860055880314197,-0.7987531360683172,0.5874678467194652,-0.7916447985028348,0.945538800711858,-0.08599942179800896,0.8737870230173345,0.23537104481857776,0.45189211681350777,-0.980120257276873,-0.5779991855112633
hola,0.0962512626021177,0.5189913125783262,0.28858971287068125,0.06691155316448014,-0.18280100434027963,0.31522693893706344,-0.17474484943402957,0.7986355965551328,0.9656295349212931,-0.1717703011542292,0.5784423723413316,0.047606151996960666,0.09218999285003657,0.809849258883329,-0.8692518281993025,-0.8073731252561097,-0.913883973807686,0.6250807435618587,0.630947930347677,0.7264681164415099,0.9561683197481062,0.560956544476056,-0.1982532885077834,0.6052606223909635,-0.7266089534075119,0.26577566479913695,-0.7099438893206635,0.9151347949843728,-0.034430649344183786,-0.19712875388626758,-0.43117554180965467,0.48575290770997087,-0.07302143895857144,0.06903880750612676,-0.9390989000056134,0.23348892003687993,0.14343485464956734,0.2921049614723724,0.8507665781893459,0.3231279763562478,-0.2709557389908808,-0.06850422492988133,0.34447130090560985,-0.8764650642490618,0.354974255907864,0.375931019599476,-0.570412800088457,-0.7604987966444595,-0.41052280918406825,-0.26827126396243606,0.08678659023647893,-0.26886449725008965,0.9985756663263358,-0.7507136364496341,-0.7003931095874225,-0.7278674994655043,0.33717436398105677,-0.39054202143485084,-0.06633876890361703,-0.5475489630582513,-0.6912056547642026,-0.7105058967139805,0.2803609699743201,-0.7635936976352851,-0.6309724527489946,-0.3102160890910074,0.64811997549561,-0.7245635254903995,0.6920437786534093,-0.8204208593183883,0.9383283665810143,-0.1408571371394297,0.9976776652380323,0.20579917963945182,0.4695031631170721,-0.7619690370991156,-0.41944842942889654
hola,0.06003745534989029,0.4090608529345618,0.2629490376031255,0.09542988652068195,-0.22460430023805894,0.3377496728620724,-0.1582327817515647,0.8772108903750369,0.981327924287791,-0.25548305713138214,0.6475008942520848,0.06118261503217912,0.17872780594397558,0.8754299174500458,-0.9002457163537698,-0.8579188922127917,-0.9080651642402905,0.648500924490549,0.5361310787376011,0.6922681675261707,0.978416637745201,0.7014433743956044,-0.13041792120684995,0.5622693254065488,-0.6928401204913621,0.2758599730927619,-0.6906748353694205,0.8362181576918238,0.06511199836052578,-0.18003333326918025,-0.42160227600675293,0.6078366814466709,0.0417788465340278,0.1658495563979758,-0.9461305832981814,0.24499020923062093,0.2065331308043084,0.2507921859225984,0.8727260865222969,0.37206364702044753,-0.21510432207203,-0.17626322066529915,0.452256319910982,-0.8136933033744671,0.3276300045417814,0.23518299428588907,-0.6096259772070398,-0.6772976773622379,-0.37028670126657637,-0.3225435697295003,0.11515479477434841,-0.08076597175013164,1.0040843545285214,-0.8078569834624286,-0.600587708401065,-0.6969688716821986,0.26009614170587175,-0.4126480104469637,-0.08349447774795442,-0.4502908899555197,-0.605995030112838,-0.7293341727639917,0.2910781632946444,-0.7034475927859419,-0.6080450569594388,-0.3077347517145782,0.6582044237819503,-0.8647494379718675,0.735273784420686,-0.8310340490769935,0.9629769128204335,-0.04853320312728974,0.9405769276954704,0.23902572956385568,0.45478197596547715,-0.8780595506184965,-0.5016850588595183
hola,0.1039459868319701,0.5273251826977532,0.15551018591300902,0.05587911746755115,-0.12699500883924483,0.30076731523029215,-0.10729407251093702,0.8080053580715427,0.959061594430147,-0.17763197025063343,0.6039410090117548,0.04572695677488184,0.16971780724800117,0.9461873733300828,-0.8645595709233548,-0.8744678658304507,-0.9042091716549999,0.6592206328981961,0.44768002459899914,0.7823953803511594,0.9304702751678319,0.5937904643182391,-0.06044225896568558,0.5705833365618642,-0.7279785574051816,0.2580677241265555,-0.687638135273103,0.8763605002199719,0.0806371675445185,-0.13990774581830015,-0.5176607108929758,0.602766484677185,-0.1144975078226053,0.1772707876513543,-0.9440560334572227,0.3271801779915102,0.2130181463262502,0.21640215394360396,0.8865251767348618,0.34848160906525305,-0.24098710375532548,-0.2067516228231465,0.342578270897212,-0.93293920282042,0.38104881049001416,0.42680640786541507,-0.5844573387791918,-0.750588490849794,-0.3656406899959732,-0.21448454298434527,0.09402588412623057,-0.11087852393862005,1.0255075576075738,-0.7708556700069515,-0.5727674069803934,-0.6273286596016504,0.171055036280835,-0.4595230289438904,-0.10008223844375862,-0.6026804608396173,-0.6565007027327115,-0.7105667904132419,0.30578675319916226,-0.6759903699426254,-0.5262213637404607,-0.19680393599886942,0.7239846861644399,-0.7686910738602828,0.6796614969426874,-0.8879014748069323,0.9406158056202941,-0.10485992647040643,1.062069312255565,0.2008967488684751,0.48468739913582765,-0.8940501466893352,-0.43220595252855815
hola,0.18237955987618715,0.39924626465811636,0.2152571249051499,0.05264283670889131,-0.21869152688322588,0.26119977158804797,-0.12667741732703558,0.7620808903382965,0.8927044720083658,-0.30343283553203626,0.5792947975338945,-0.01744617919574115,0.17409192037234475,0.8553152642320472,-0.9308054585774727,-0.8412018544494118,-0.9971710253988777,0.681198416616835,0.6233360242008582,0.6462656730113511,0.9629879884228989,0.5903104886551152,-0.043474271671613024,0.5717181839847953,-0.8010496148490746,0.26388934587171675,-0.7530947180220816,0.9431381910290977,0.04476222593374046,-0.07561658573130245,-0.4739218164814771,0.5130470405229102,-0.16338505519754426,0.04671091392449976,-1.0416271962775643,0.2486273267023283,0.24962769660633952,0.15480845864790715,0.9322480727330541,0.3394875456227948,-0.2736445482531505,-0.04532506098854587,0.4401043576478063,-0.8929755891367519,0.288973819620571,0.23368496916985357,-0.6151925438144392,-0.7527039166316781,-0.4185022745091915,-0.27914130646937,0.1442361349836977,-0.13403977216576324,0.9442475470772794,-0.7874776449056075,-0.5601494553318601,-0.7319009181021497,0.3767632699181104,-0.49834620153464887,-0.06643597314014504,-0.4757380948339667,-0.6704000261457855,-0.7315928859757275,0.32701538719063805,-0.7542559660347943,-0.5887601003795879,-0.3197359690441049,0.6474144449846964,-0.8074589479461005,0.6654839721339808,-0.8142300597840204,0.8588264777519096,-0.09013384209164492,0.95816442143773,0.21768385908996196,0.4271434017503054,-0.8583390234481236,-0.47769481725790586
hola,0.14609986788098633,0.4517384508384232,0.1732153866510976,0.17853191062426932,-0.21237224291001458,0.3377459348138123,-0.07479646157246606,0.7500149911103273,0.996948786005275,-0.24561928807839223,0.597884757629322,0.07080593144437,0.12937368511433722,0.8917336902433112,-0.8182534475766154,-0.9131679992588276,-0.8943461929754409,0.5821150916940923,0.6079408121167839,0.7963595533350175,0.9026883629547681,0.577776414035718,-0.1323265089184331,0.5503123010584742,-0.7788528624714206,0.3188250692685146,-0.6477779878759268,0.9591220246386656,0.015588242171228242,-0.18113721370617922,-0.5550606854017935,0.5081738755436239,-0.03945675391203002,0.2176470389147086,-1.0241378427212857,0.2056477811941094,0.22287115759689646,0.24787605169049418,0.847015981033166,0.3848436504301713,-0.30467616620597376,-0.12665870594523104,0.4225766042547147,-0.8792279432509135,0.31171413636500694,0.3357952490400273,-0.5836530258125849,-0.7606479561843997,-0.3820831012849874,-0.19264609958951895,0.16843951323282122,-0.13757098897681733,1.0115953963439892,-0.8126013529917444,-0.5235902559309985,-0.6588988546201028,0.3008515437305854,-0.4710309486299219,-0.1459222618908124,-0.5674871894422848,-0.7417570830289133,-0.7721025629332043,0.39928492890480144,-0.6120690899931408,-0.5749327215678551,-0.23750743493084894,0.5519335729882333,-0.8329311384005785,0.6365006274021958,-0.8388455641246296,0.944511739097552,-0.08630212558945322,0.8545571858618849,0.24708655229596863,0.42489000750961303,-0.9096620722858012,-0.33068194135968215
hola,0.05165777827532833,0.3038643566075224,0.19122654104928222,0.1448143477437223,-0.05477302861116089,0.23031074641069138,-0.0999906163127889,0.7602804787251569,0.9220281032868518,-0.10089979499759286,0.5083015597455716,0.07047682258053764,0.15947378077613628,0.9054825928322894,-0.8530287259306814,-0.8103388736217134,-0.9791456334904381,0.6786960381581314,0.5391538881248304,0.7711028909864409,0.9387561676633464,0.6171721481285565,-0.07850441617838523,0.6173608651115193,-0.7660208344415579,0.19119041924470356,-0.6501973501462076,0.8440512190560369,0.011008326567702356,-0.20045918472112745,-0.4021668711322052,0.44168366816949856,0.0691880911160968,0.1896707381905996,-0.9512584534208317,0.2325262941209398,0.23846914918772566,0.25992411516848074,0.9197569363267512,0.39142082150713925,-0.2765051647896655,-0.13580301341668338,0.38769872767185415,-0.8892944707590944,0.3902219357346886,0.3709535753503619,-0.7262543095855323,-0.7093523658638053,-0.3594064884156935,-0.27351389593704967,0.12096761818131499,-0.06659133707605863,1.0241239992245952,-0.8345542618951243,-0.5618938734541039,-0.7259638009570718,0.23723574269135034,-0.524752656149934,-0.024258780668249484,-0.4634925637279902,-0.656406561704096,-0.7429949283289898,0.3384680932862948,-0.75570817706392,-0.5852391494061959,-0.22252918241668768,0.6797010261865489,-0.7463517798401453,0.711305007357661,-0.7902307738349947,1.006426441942613,-0.06402365966704986,0.9094284438192883,0.20153769129290375,0.4412820265562809,-0.9553833292400777,-0.4416120083829567
hola,0.05800601180465144,0.41498065626288694,0.11084601879559847,0.10043105136244065,-0.15263012755407937,0.2509337945799027,-0.09186329405299473,0.8304245084454874,0.8469475277836098,-0.2712532012767553,0.5449929586759643,0.010794684450365723,0.17756286428445206,0.8415019696466819,-0.8711536256697566,-0.9259345188172563,-0.9277923036088872,0.6032767713532023,0.5593101334130174,0.7538931433915479,1.0252696142574607,0.5328761084774916,-0.22801688328517758,0.5702508298105957,-0.6734255891865909,0.3417893603020195,-0.7028104544181759,0.8647560248175654,0.08405277333200886,-0.21935343000417626,-0.4470708873229351,0.5737408868267647,-0.03468884019195891,0.2748508996828509,-0.9427996007683513,0.2098228128663792,0.2229127298352431,0.14541419850505793,0.8527605004747955,0.3431764763013116,-0.3071886187491576,-0.11831834879963099,0.35414139523541965,-0.8234975233752367,0.3335437841372452,0.3408107231793881,-0.5956296136779641,-0.7343878704973444,-0.32788838491825056,-0.3159349689002998,0.10748771638199645,-0.13798327451419254,0.9094541299447916,-0.8368732714900188,-0.6060575314875636,-0.6336615051943711,0.3193447173808931,-0.48373729935205856,-0.02483355617898881,-0.5180174054167643,-0.6625375902125161,-0.7844108053180145,0.32592729640052825,-0.7527720301833515,-0.7287761345537145,-0.269263616787387,0.7131238665008672,-0.7594866783017978,0.7241596892271663,-0.745996648121763,0.9573518095748634,-0.052831811334317066,0.9226395816089568,0.19388739668873944,0.5093157162851605,-0.8614301936329178,-0.44135838863123084
hola,0.07511754461207892,0.43040513068766884,0.2355870895897435,0.017573625187116637,-0.2674994489790525,0.2642613836587331,-0.18586119877032292,0.758138991681794,0.919936505061185,-0.2557793827995953,0.6560734528888664,0.07412707773592496,0.15111284016840604,0.8823036337874922,-0.9148695394932645,-0.7737858112259052,-0.9633514194461216,0.6987637219579366,0.5027206402476931,0.6623363581928351,0.9981311673667794,0.617137604738323,-0.12214385321201182,0.5175751985091762,-0.7071794090413951,0.22037144801168124,-0.631159777519109,0.8443067973667744,0.0756162397805625,-0.18710704380640206,-0.44072940423662893,0.5212616787627237,-0.09583898087051762,0.13891385650708307,-1.0125297719163633,0.2723122114227604,0.19853076712126355,0.2224379979825129,0.8377786882988227,0.2355239152672013,-0.2905355869824364,-0.005305321320671297,0.4344926062494309,-0.88051207572818,0.320388889430922,0.34239903387692117,-0.5518789220935577,-0.8011880454557356,-0.3134272134181887,-0.23680939234269258,0.176302827121156,-0.10087318613487294,0.9777285090031519,-0.7622673167056029,-0.5526557811232617,-0.6950829997770587,0.2775365622859518,-0.48832398015733647,0.010072553287371944,-0.5731041697794895,-0.7554370959965826,-0.7710116756095639,0.31520356402334776,-0.714967014084252,-0.594637616744468,-0.27370977140981206,0.7164796316259743,-0.8858426473377032,0.6344649637585955,-0.8129659222195262,0.8707594894690831,-0.0714903169262004,1.0365956846670752,0.21073536390489003,0.49006220408253753,-0.9846326537499877,-0.4652041452491547
hola,0.07886718883845266,0.41449297790702727,0.2696089418934762,0.11765091903004996,-0.20826329916904218,0.3041134650549125,-0.09991449004977572,0.8405534534902228,1.0063525553304773,-0.28387167193983803,0.5429072006048122,-0.005089053439921859,0.12438812923251555,0.8745111953076388,-0.808561157774771,-0.8295389517790447,-0.9755555812820907,0.672827590708313,0.5145563568181998,0.844501232578377,0.876853633109625,0.6075541573782334,0.024139035467345665,0.5613983448009108,-0.7729531000122083,0.2619697715145263,-0.7223130092700276,0.9579802578329943,-0.06689645206633199,-0.09400443495413655,-0.5420866334132534,0.5351347624067125,-0.10916155658183599,0.166295561225833,-1.042326616721477,0.25837962745585125,0.32540692660918547,0.1657092935198733,0.8969814654097681,0.33054148931713634,-0.25968983854277616,-0.12497870353052949,0.3631880464023142,-0.8551554424979066,0.4237508363806725,0.3317305496499539,-0.5432469807449091,-0.8068110525838516,-0.4169651169925327,-0.24895814422073592,0.21459934226255753,-0.10501630563607631,0.9610947745922946,-0.7959458082327762,-0.6447668745088165,-0.6471551979122392,0.35033330404696733,-0.5160213115620897,-0.0908805616753625,-0.49785490451419206,-0.7038968195109904,-0.7825563484026808,0.4176452683888726,-0.7359853823400723,-0.6247522842409541,-0.29492674895982973,0.679196058270867,-0.8148586570747826,0.6434211630815365,-0.7417379825984233,1.0238990802524734,-0.09271877499153211,0.8601951788126434,0.26006672398193803,0.44429566750860316,-0.8820931355332202,-0.5328912657327727
hola,0.14225687476961496,0.3698201362807999,0.242064958096614,0.09048001938561544,-0.20038737229202283,0.2714364104869732,-0.09050965462677993,0.7888407242199212,0.9565461700256828,-0.13429493312267032,0.5052379955797766,0.13865046825424016,0.14130691906402526,0.8062540741691656,-0.9244435648911756,-0.8351974201357703,-0.9134806995231256,0.6588622350769993,0.6318712484120683,0.6674655119910604,0.9566322370732253,0.5356974562127912,-0.05885968136288791,0.6054027220777759,-0.7844892379461862,0.14963134982369092,-0.7033460178420825,0.9111747616858432,0.06391138124822823,-0.10888701042784513,-0.5244414597731986,0.5824781841409558,-0.028073959943004156,0.047938518536971175,-0.9464378078313409,0.21006200260137053,0.22011531178976051,0.25125181792643064,0.8631347288235707,0.3298551942488862,-0.27927657797802674,-0.18029838934445722,0.34097113541027047,-0.8455803925936352,0.2760937291334026,0.3745913642817794,-0.5561053132096206,-0.8284377411298233,-0.403021530768415,-0.21287298796238616,0.0913352642787752,-0.14601718619082868,0.9998507207810472,-0.7567408530398141,-0.5948234321125554,-0.7072564739645896,0.37733514401572227,-0.4064718117305568,-0.018435551748297647,-0.5068829088685433,-0.7224741187910069,-0.820771937999218,0.33878488419383473,-0.7027141862583383,-0.5367553469925715,-0.23002715405126484,0.5668324446078793,-0.7532000675277315,0.6259867836318872,-0.8270017478096915,0.9654289403393762,0.03708577778460137,1.1090181041809424,0.24002719244690107,0.46936732786058394,-0.8948991330673312,-0.390003303553489
hola,0.08159362657678992,0.5201393005404551,0.21703029010285785,0.11465352044836344,-0.11939418871946751,0.31286755666403504,-0.08287855245113437,0.7526833422368134,0.899410433304757,-0.28812467399702935,0.6054251376963405,0.09673666468141467,0.15897776549545892,0.9349178982526989,-0.8582076845456784,-0.7923043178172929,-1.0141482489263143,0.645884705972156,0.5910903897779899,0.7824794020307955,0.9425383370823189,0.5947371658405438,-0.15293496282817678,0.5432068925325805,-0.7189319900861443,0.30860229346037593,-0.6882601391128467,0.8918265184582158,0.044049801431552175,-0.20369217699262518,-0.4359473547806193,0.5695160260879029,-0.06309839316726294,0.110566155603918,-1.070087545120852,0.2901286297394389,0.2002495726444226,0.1907292055473578,0.922170102624948,0.34403996621101035,-0.22798737965009688,-0.09508579492248222,0.4294408580145536,-0.9478468423014871,0.3941306301606554,0.35433826579801164,-0.5976987348146283,-0.7349779813231808,-0.45795505979654827,-0.25214581754072124,0.0889249654266557,-0.19043048736753604,0.9006297168075578,-0.7402759597544476,-0.6137096574949701,-0.6006945787341825,0.279426577778182,-0.5787846928000832,-0.12320467628482037,-0.44935823499644756,-0.689855741605794,-0.8066640824959198,0.3206600902231862,-0.6985449604943952,-0.5509653358447699,-0.19012469718342545,0.623998027406416,-0.8720998327179794,0.655216556941444,-0.7947891588829296,0.9047309837162609,-0.110555142449349,0.9707115704581686,0.20725842191156937,0.4801670085671827,-0.9595491822263621,-0.4459061105574692
hola,0.051415350641234286,0.4748886533010783,0.25728921887947537,-0.0025430271181109687,-0.1991659443318111,0.2169617633788083,-0.15732677419495988,0.7793741030746415,0.8548432600171321,-0.27920995300471024,0.5332522075612542,0.06815320597575616,0.13955633903967715,0.8151063989184594,-0.8490868399972562,-0.8530754048262819,-0.9731459606356512,0.7489122956108029,0.6233365544892183,0.6750452346472584,0.9987233053594867,0.6388869561580268,-0.13445443993176723,0.6019972347606539,-0.686554552341506,0.22371480234282695,-0.7591685662326204,0.9402209074413429,0.05727140904142575,-0.14310230625697667,-0.45385931497072124,0.5680021749148405,-0.15402294198245706,0.18923378306836944,-0.9039408995059011,0.22380145694835274,0.2220175979541497,0.15731261862172774,0.9132088948301401,0.39224347029267403,-0.28409374970239354,-0.06971842440779195,0.3785585303055327,-0.8513187604467803,0.2825502139567296,0.34009813169260694,-0.58795259074746,-0.7308820085882463,-0.3876196445933002,-0.2791520878983382,0.1816958994078346,-0.14463518493727018,0.8964188210815184,-0.7084311832936728,-0.5131737838758063,-0.7419940989852885,0.3407020411930566,-0.5185655334480029,-0.05420409352083445,-0.4964376095461198,-0.6937812227247767,-0.8184380009507095,0.2781321263147339,-0.7694436930768345,-0.6484263870514152,-0.26590857318053956,0.6061984602403326,-0.7716948451282465,0.7502521227644041,-0.836805846280576,0.9648891550535603,-0.037713341189450154,0.977122289926638,0.2134888028858963,0.5156612797145894,-0.8975119678573258,-0.49626919596354574
hola,0.14108481107411316,0.47474327460817606,0.16736244693435867,0.09166325776617383,-0.11852395168163711,0.28132253515434413,-0.0711766750863144,0.9017396262951276,0.8880262193703095,-0.30216919250613333,0.598641005945573,0.09386796476211615,0.12454580349562618,0.9238563097513738,-0.9248581735903886,-0.791095469445338,-0.9898562461572933,0.7512085864062408,0.6559392695581069,0.701691467104471,0.929758827670099,0.6412965227824373,-0.09639780798361204,0.558787791676299,-0.7621817272350131,0.1838583848451648,-0.713985312486619,0.854851445395959,0.01904050238015475,-0.09849451984551212,-0.5337141205047089,0.5891276382058321,-0.10164748208349333,0.12287988931250529,-0.9229018043247041,0.25227355888019865,0.25272209530581935,0.2822772267761569,0.8709307378700822,0.3330287614815793,-0.3352417251803179,-0.16720661890026484,0.542717113119966,-0.817315077704621,0.2659797125809343,0.2751528413991403,-0.5551415747663936,-0.7147841648213951,-0.34169910638576406,-0.2853262477924397,0.13412082783561427,-0.10640299686739144,0.9810423264331188,-0.9068753971413206,-0.5937364693390903,-0.7199512859430232,0.31497722187622246,-0.34415384479026523,-0.04900437101367221,-0.5268253003054144,-0.6359707576100979,-0.7551153233109291,0.3336639034531389,-0.6932915676419888,-0.5040080983984159,-0.3190940804443676,0.6656680635364429,-0.8521165049129544,0.7036654473147202,-0.8537375097863786,0.9320505893465373,-0.07745209241649216,1.0023130123479098,0.2556137616872126,0.4162412899742841,-0.9188777099413662,-0.4698650675846395
hola,0.034701762320882776,0.4195278802236204,0.19010261272049678,0.21110219031106986,-0.1310424100541558,0.22290735109560036,-0.1530642776831621,0.8346151663356295,1.0317476596455548,-0.3124161279603425,0.48945385690837695,0.1513380982743981,0.1555698310564098,0.8077786399915038,-0.8311964292981043,-0.9575287875477625,-0.9593944297894905,0.6816307497380303,0.6025270088765925,0.6893294988790114,0.9615210425356959,0.5520458971304678,-0.06427208771042045,0.5162910364547597,-0.7838561902201446,0.23005127291553618,-0.6807366130907243,0.932260389932001,0.03196561500227266,-0.16876422027095142,-0.5433183465224233,0.5334835464680939,-0.09020956641899014,0.2679075522887958,-1.0180187504159979,0.308479856089376,0.2740343841181332,0.24789981397402067,0.975427181239005,0.38224587183730996,-0.26152623906903155,-0.12859212505219436,0.4564408359754611,-0.8247255950509161,0.30224956651652474,0.27531337950638046,-0.5893839097221011,-0.7821493329101757,-0.3723195268824,-0.21070655138054784,0.11752845808141978,-0.12493814214093805,0.9796488128588722,-0.7534888343936796,-0.6945909545095609,-0.7077159789682723,0.3167808355447705,-0.4334128470990927,-0.09197357666269768,-0.6049764512988882,-0.6510752604106538,-0.8110178371126712,0.25317584597602877,-0.7548513667884336,-0.6160615445226855,-0.2927868919049824,0.5317081568409168,-0.7609441385695208,0.7396335670615439,-0.7752270846450986,0.8960346465055506,-0.07277217340197274,0.9531961106192014,0.23963075896818745,0.5119441832325073,-0.9583331054302835,-0.43028629702650284
hola,0.12049102808541157,0.5031698488521773,0.2407520791345239,0.12921920036256968,-0.14849906992572254,0.36231118339348745,-0.10433743767664011,0.740491606055481,0.9974940195083181,-0.1982217987214932,0.561297875108905,0.03381519113584679,0.15091789944490272,0.8743525163487013,-0.8480632703226658,-0.8101759669247743,-0.8745653363905295,0.7188168487076203,0.5658452814629522,0.7870898255320125,0.905610489289151,0.6182134809307877,0.013424041992519203,0.5501560578032922,-0.8058328446930878,0.2472375982253946,-0.7677750770490266,0.8500997386927827,0.0251712385706419,-0.24095447097788492,-0.4701078590932659,0.5935812375577657,-0.13308714457424892,0.21283209391938546,-0.93688079470091,0.28680002343295696,0.19129971775223598,0.27659425510284463,0.8328994620094827,0.40815297324879224,-0.2723922318627514,-0.09827353140207791,0.3364826615732871,-0.9243025488552906,0.3633948418040046,0.2938583390251088,-0.556074563247362,-0.8105042950133057,-0.32673458751829887,-0.3342046238531802,0.16800853771973545,-0.09151542639305926,0.9419090851969736,-0.7668090501497076,-0.5692243746436528,-0.7043230570396444,0.25578891672698645,-0.5915480795040647,-0.04989595192240274,-0.5893889545648973,-0.6772936227368952,-0.7924221284755022,0.3466163177024566,-0.7387363722772656,-0.6233076659572476,-0.225956123463657,0.658739361150076,-0.7899896505547386,0.6993531944880341,-0.8845817903724291,0.9907583640261406,-0.032074157003916734,0.9026880199518494,0.19748701580638187,0.4765617944152218,-0.9283492547114452,-0.4176930765187541
hola,0.1691953469462087,0.48446706912848037,0.13991579247171743,0.12086986550909616,-0.0862437353454201,0.31112865216777236,-0.07027655621531663,0.8841595238491978,0.9785109983074076,-0.22065153256635814,0.6357044998695669,0.06503423116065352,0.1372842743521124,0.8336225647996355,-0.7797572156626207,-0.8666628338940187,-0.8829448188854427,0.6902328972828946,0.48634819315960387,0.7584067611432094,0.8522353590829468,0.629592529274999,-0.03277970134468675,0.5314405547903083,-0.7572737634643545,0.37754991434256197,-0.738580760395004,0.8363924547463377,0.11777981362327329,-0.07254676049241308,-0.4707039921983537,0.5990405306388511,-0.020625539790358846,0.09974368611037782,-0.9866856908956831,0.29681471980949087,0.3084421593802683,0.2620120367582316,0.8435054393541456,0.4629936537919389,-0.3075327437430262,-0.14269298145988968,0.41237928357901077,-0.8018410357057216,0.37623222971894654,0.36201901425441435,-0.5560704513464129,-0.7399716712581201,-0.34123632242570695,-0.39905646199947,0.12556316788226937,-0.11073087632952025,0.9191969719374771,-0.7765942126133658,-0.5924700488596367,-0.589607179314233,0.3848676371915397,-0.5167070733763439,-0.07492033986572219,-0.5148461942772141,-0.7046438065169417,-0.7694984684699834,0.27474507548616733,-0.7801648640496487,-0.5756997154448795,-0.23107317946698125,0.6017706717128706,-0.7610296768757475,0.6443109285393412,-0.7951449223101748,0.9939361306574144,-0.0643782249397825,0.976259221987731,0.18386955729571336,0.46870382962519846,-0.9319173870353756,-0.47171499217419277
hola,0.0887882996988604,0.35294781780165163,0.18096906478618252,0.07552259132531018,-0.1654993889469596,0.2797133538397733,-0.12791378746762141,0.8075180774684627,0.9710513747086846,-0.26560522369085793,0.523290033395872,0.005687618893653809,0.11172897612811826,0.8335972106944967,-0.896427686914099,-0.8905472338094134,-0.982369246493058,0.6743110221015746,0.5860649751914792,0.7121531438382223,0.9365867933583563,0.5519822129910816,-0.07861323401287512,0.5186369208633702,-0.7347947576000735,0.19054871805834206,-0.7312749088045303,0.9043932010587549,0.05288836931626857,-0.03602443681992798,-0.45339877456235067,0.49826464902633283,-0.09247254792135655,0.04805558106397442,-0.9664503865921278,0.19361819130171617,0.2699609592228509,0.2063909800197371,0.881657861239486,0.3318627061367466,-0.19404163125976143,-0.14199823070721268,0.4868902440284898,-0.838841468635547,0.35763676725810467,0.3597123966021948,-0.5595450129415056,-0.8385310336575739,-0.3830874678591701,-0.2303205595555387,0.137948681662054,-0.19305646541553806,0.9741274535895789,-0.7107051026911693,-0.5199019020335947,-0.6804811646983091,0.3537891147837012,-0.5117421459388384,-0.15257203362872337,-0.5573721154032723,-0.6039163942835507,-0.792949371762855,0.30048997996179594,-0.7386260071165164,-0.5116284471612427,-0.1812517129099686,0.7529254713682769,-0.81374970893388,0.6906710394349626,-0.8836353116831135,1.0267656513327053,-0.1210865742679936,0.9643609545688058,0.15482591310844973,0.4490838174596685,-0.9634875370438437,-0.4647798378809717
hola,0.07067087269720057,0.4029652929985851,0.24719344773230312,0.03452322634066772,-0.14166332997149725,0.3526861837485902,-0.1504853957002848,0.7476500570267794,0.915799289743046,-0.17413070193040908,0.593155457712997,0.031229124775429034,0.16028295474726661,0.7960786690935009,-0.8238599080820788,-0.8053110352118302,-0.9749536286762928,0.6233104011735144,0.5119794557855281,0.7667651633109338,1.018685709589981,0.5664517410820075,-0.05412194031656209,0.4567070016428075,-0.7926820347949936,0.27828909601150253,-0.7587775960309989,0.842512515359688,0.010307665676699038,-0.15606648360263417,-0.4802552267110648,0.4365558172021847,-0.19373434319865623,0.10652463884443825,-0.9395360698246121,0.09789575201549239,0.1992049366372613,0.20755560092364278,0.9569130459396707,0.34438950762132364,-0.26183474961538156,-0.11887323539694393,0.28873406786416966,-0.8411386959098734,0.34430325616414975,0.3666891712200483,-0.3829229925305019,-0.8463530516652228,-0.28290846566357686,-0.28695083408477257,0.15475998605590974,-0.12507258534042143,0.9555358594485502,-0.8244020249158818,-0.5657710510316801,-0.7532396490635914,0.34374560930688514,-0.5142265151646985,-0.12388192123940531,-0.5336494588965852,-0.619203371865832,-0.8060164720222008,0.33058185984102784,-0.760181911088546,-0.568939184143712,-0.22827427173856157,0.7344169013606908,-0.8145756456888382,0.7093225552355031,-0.8028998072351267,1.0177125191199423,-0.09863921608503337,0.9907724420245383,0.19995617468425786,0.4753177499411785,-0.91703679126894,-0.421774055025847
hola,0.0918155556985516,0.44111439190336527,0.284432655021397,0.13903885027455465,-0.10923267169734575,0.2690112498321187,-0.1692876188860312,0.8313110294760472,0.9711278606285483,-0.15948342856089548,0.5532510448668677,0.046312406737791606,0.05411491406159291,0.8315697212822785,-0.8080993580752538,-0.8490661695583285,-0.9275392153593074,0.6557145357959854,0.572516353310779,0.6826397270028549,0.961497156947223,0.448760329888411,-0.08638608340223555,0.4795346903871539,-0.7031514224347928,0.3187124102932732,-0.6899598760836031,0.9653881454571368,-0.003749182541098517,-0.08330796012317492,-0.4242791975777268,0.536639614507486,-0.030918328207755696,0.08155322211671531,-1.0036461072036733,0.2048415079897691,0.19774256004164206,0.1810401116115012,0.9486503103840146,0.35069787818847525,-0.263358950434584,-0.15445366072200112,0.3042322268271038,-0.8660461888218892,0.2379206821203465,0.3378440369320454,-0.6476506297939587,-0.642783604728753,-0.32357516204289616,-0.2672907685511808,0.20357887471849273,-0.1651127719486461,1.003921645051957,-0.7859198568180081,-0.5690454837436472,-0.613763289224669,0.342841256069787,-0.4789806117791846,-0.15012282609880223,-0.5591511307607677,-0.6881962793887467,-0.7745810989575572,0.25614899269685065,-0.6030502635238513,-0.5310155738772143,-0.2324437426584476,0.6455883027600574,-0.816407896908935,0.628293891996496,-0.8039291582861308,0.965806557033929,-0.12478562547867807,0.9702309972429192,0.2019280870488545,0.3831367809027338,-0.9646436660303337,-0.455066351518263
hola,0.19201139072165901,0.4582063889715269,0.1387526736882932,0.11406818046467558,-0.23005560076910886,0.3459227788276659,-0.1483818100655089,0.778864192127201,0.9936153533791681,-0.2974751407776571,0.5135941669096796,0.028609873188508717,0.18800806473883044,0.77522597281148,-0.9995356635097545,-0.8482993435173686,-0.9319761651238025,0.7252527785828174,0.5331554337954311,0.7194529661378382,1.0149317211783153,0.5048300434486761,-0.09646731425328678,0.5705795470691638,-0.7409902121978819,0.2543517079955035,-0.7115713745966151,0.7649214664285183,0.010784222883450933,-0.14800068439122946,-0.5200034775034801,0.5514165899479132,-0.065355710526768,0.11974043769440877,-0.9538972105774611,0.1871343658875235,0.21386088146004048,0.264378802228975,0.89534480507767,0.33431403472877,-0.2697733786378883,-0.09020560286948619,0.2927653279256558,-0.8215953534936654,0.31672069395728175,0.36255023589833035,-0.5193725316700568,-0.8107310895518167,-0.4046153482730096,-0.28700589290854,0.10120586477953786,-0.03605014428351888,0.9339090714271128,-0.8236877174782872,-0.5720270362301818,-0.7374884405338119,0.2864326153429837,-0.477544131857927,-0.08402147450651298,-0.515818158941792,-0.7085274383313791,-0.8549732331304281,0.32873883949750876,-0.6358874437204103,-0.6059151951007211,-0.2512864528156943,0.6766225974517132,-0.8692639732412124,0.7610155479040881,-0.7976867443909338,1.034511774981247,-0.09934924648079632,1.0444252725085654,0.2484488141918311,0.5061791630892213,-0.9099231927737013,-0.4468125057509033
hola,0.15765359077834312,0.4373967262372413,0.10717326696393013,0.0339070429084436,-0.16198268893182793,0.30728817529158997,-0.12765500191960977,0.8444945410538427,0.8297704278001273,-0.22593756552318658,0.4925511148959714,0.09577545428001738,0.13136618646576448,0.8721737751865279,-0.9011220316337144,-0.7617681540140311,-0.907476971916406,0.6944169062464703,0.549837639556529,0.7690171607583949,0.9218920560661605,0.6410949113844828,0.0054327692220597495,0.6145888805718702,-0.799931271752504,0.2979129085187028,-0.7779505023698395,0.9179573496579516,0.0662268141432703,-0.26416693699556104,-0.5289779679863642,0.534310434031245,-0.10274232292394422,0.07639405096635675,-0.9429714626596806,0.24784467459877974,0.21447798884591684,0.19607841874159568,0.9399315133500765,0.4464109538613816,-0.30516227304475485,-0.15654443825905812,0.41982277512512955,-0.8974505257288097,0.32656357085817367,0.3782583968225524,-0.6747026822276828,-0.6762322884476599,-0.3655092719351652,-0.2931531153428638,0.13593183312468682,-0.12467550532433337,0.8901876109462061,-0.7211634671312821,-0.5801802061967997,-0.6552308577076387,0.353794139459499,-0.5444749177984508,-0.043704859335626,-0.5245308705417342,-0.6397222939481358,-0.8856110886889645,0.3077044639184834,-0.7537751300919705,-0.5852221291081853,-0.23904744930966168,0.6066051649547689,-0.8414061416226797,0.6703565465697413,-0.8526352955778342,0.9950181147993978,-0.08115795672696915,0.8081727654145922,0.19094993665900162,0.42659996775440473,-1.003188206264406,-0.4962574067583095
hola,0.10309743144629802,0.4968107741572505,0.22118597583653676,0.05944119658300674,-0.12989519156365545,0.26883371062236266,-0.15955559593277222,0.7258278681525103,0.8397340806644726,-0.25261314767641685,0.5913527506613357,0.05295865600506447,0.11529077579049668,0.803905973550483,-0.8275155740199777,-0.8915979965942479,-0.9207618094271748,0.6151288401495397,0.5186917400320492,0.6666850369628545,0.9321665771212462,0.6470827513573462,-0.05125987107193848,0.6099794581743126,-0.7373440209654367,0.22465855122852918,-0.729832886398285,0.8503278776432946,0.11022538870209536,-0.2305155523402684,-0.4262038913212905,0.5931150723738718,0.0037816745189014622,0.11638356810582215,-0.9268042911482817,0.34935358597869626,0.19330936159815798,0.15711598137289584,0.7934956553338601,0.39927619965003336,-0.37514170925535717,-0.14455204504821323,0.4171280512064778,-0.8702902798999647,0.354805674100544,0.35239023202636155,-0.5152915871866486,-0.7897632237272333,-0.40299305507455885,-0.311211430378296,0.18190313142888978,-0.07777704365560612,0.9993089420843778,-0.7367356951594475,-0.6411485311791496,-0.5940197586524506,0.3823785820164098,-0.45663569505814844,0.02171149115116558,-0.5939799763806832,-0.7082832395220932,-0.8160148907054874,0.348733145118414,-0.7761411342828797,-0.5689605191730187,-0.1940228514782361,0.6767466047000702,-0.7916098972308024,0.6264961479525704,-0.8501457325183421,1.015399875291625,-0.023730146509330224,0.9515712004117971,0.1887955622017974,0.3772367651410345,-0.9751670364255806,-0.3388151204901947
hola,0.03360422930452617,0.43985272380589296,0.2558989508030477,0.027020232593679097,-0.1434548775831364,0.338684003008845,-0.12420061137925247,0.926966154347498,0.8438955580581488,-0.18018053585425065,0.574809989295506,0.09638584724764271,0.15815447977282693,0.8145354667298222,-0.8464780639812591,-0.918636473166833,-0.9294008300907789,0.6801476143954023,0.588246510331856,0.7929302127479958,0.9756176764760136,0.605721599423361,-0.12109469232720092,0.5254473143904583,-0.704114417253267,0.35165881294034657,-0.7251989469975099,0.8916379714618314,-0.001534075249544957,-0.11203827775558059,-0.4376179346061571,0.6455282506916208,-0.13161548942588985,0.11796750278638615,-0.9508481030010111,0.26759547103804265,0.2134080635674612,0.1902199392268288,0.9315665334754268,0.3996973663342459,-0.32679790388061425,-0.0581639523460423,0.4537723273143599,-0.8728342318790707,0.3375133240101372,0.36897862779211416,-0.6223200313651311,-0.7406458307320892,-0.47676247538209127,-0.228755675839608,0.0623188797136663,-0.047625981653909355,0.9602416714201298,-0.8064937276005028,-0.613633183114556,-0.6917829079261113,0.3771432181881987,-0.6178072277471898,-0.003530184982978038,-0.4942476419417091,-0.7424119151018214,-0.8330153373238516,0.396478830290957,-0.7709094412999089,-0.6645028021696909,-0.20568393155983533,0.6589141035101659,-0.8526937272406974,0.6867210637678387,-0.8590908183940877,1.0079599999479218,-0.00962904846094017,0.9801224863217715,0.22777409255244277,0.5665865650399721,-0.9216400991219473,-0.4934797811182209
hola,0.12010070349626485,0.5346810852216947,0.15478877748399514,0.07169322765909444,-0.13186809941711794,0.2890929836830253,-0.1739407564934807,0.8396388943756831,1.0433275571029215,-0.22331038939724923,0.5382466616785292,-0.0196581867468648,0.14898792124892365,0.9063871437511349,-0.834169496279457,-0.8258615926428613,-0.9890267877088139,0.6106315094599715,0.5980510682159451,0.7857128775629176,0.8799501951309914,0.6778090773424814,-0.04833771444943624,0.6310380848302006,-0.8305575356863893,0.21155083488427567,-0.7207418906702721,0.9144770554439274,0.13351468464649152,-0.13537217432819626,-0.48302283963134773,0.4971489184851387,-0.026199306930945396,0.08863262644976128,-0.8809969713886736,0.22105176167142865,0.3037205490757353,0.26781455825247774,0.8806463825571255,0.3376707796156605,-0.29802959271973195,-0.10452025778255522,0.39912021666541553,-0.9092396271448956,0.3252518603754537,0.3452045907222763,-0.6856715825730588,-0.7192389989508584,-0.41812935938747264,-0.330245078275042,0.05602632348022375,-0.21249159796875383,0.9089753009628379,-0.8313614263854684,-0.4845835309340022,-0.7036749480247677,0.3151041562441984,-0.47339272559511936,-0.060825194976594985,-0.5150209890330942,-0.7418255208889228,-0.7067033402574291,0.4030190111124411,-0.8077670320089066,-0.658036706184212,-0.2765401757969221,0.5937595699503606,-0.7804991707410842,0.6394762048772772,-0.6995503808217437,1.0124463597439712,-0.0520688951729861,1.0048714895466608,0.2649860607079574,0.4503297843936912,-0.9624352777184569,-0.43047892169869845
hola,0.14070881407954672,0.43733175267750984,0.12667692803373787,0.04962514379625161,-0.1563890445019095,0.2880049459170207,-0.026198468635124567,0.7142466044442096,0.9526049830938523,-0.15866130693203012,0.697022563436469,0.037569968346610895,0.16066059482387463,0.8796812944452544,-0.8481537970265616,-0.8306836606588839,-0.9377644356443463,0.5386273868348918,0.5904169764028325,0.7463331916767367,0.9461129396266147,0.7006602382194251,-0.11078797643366392,0.5409045531196593,-0.6638734831518969,0.23823897741255481,-0.7407991893287341,0.8819865629276252,0.08573336760662081,-0.16028599465128715,-0.5355200431483592,0.5218589507120739,-0.11806705722751347,0.13300684547614475,-0.9411282161957982,0.25618128194615275,0.1353908577424227,0.28706504312755665,0.9001245993290795,0.4328672005866621,-0.25877428248789436,-0.07086994451452898,0.4185896574270361,-0.8122377689313229,0.35964596269222426,0.3363799769141736,-0.4656131418299741,-0.6976955485762988,-0.3404560771014116,-0.3363936789416716,0.07597815996258239,-0.10816119896826663,0.9840237360068644,-0.8266165067543597,-0.5751973528297276,-0.5979496178278276,0.3409867746583118,-0.5504672204080727,-0.07295389564453461,-0.5513971400394225,-0.7014458285293886,-0.7999305009528719,0.2887768998003466,-0.7863908659014421,-0.6132180107158025,-0.2905800405204373,0.4955140251957568,-0.7031488471887943,0.7303282977084414,-0.8266182204583237,0.9538598825138215,-0.12128031407047493,1.0383083202712176,0.3045554742287475,0.48636184520892956,-0.8704478832820914,-0.42562173590048463
hola,0.030790735910852976,0.4097875642966561,0.2121231504818856,0.06703898005662151,-0.16362306519394237,0.2872182482578565,-0.12886950236788805,0.7861589260890337,0.8742952676822285,-0.2689677698048414,0.5192208628803308,0.10668061699011898,0.030806775095848393,0.9088727937511684,-0.788610413741084,-0.8408504299460496,-1.0897200595107135,0.6471741629975115,0.55310429383526,0.6894943854971927,0.9314757647751158,0.6748268883766148,-0.04379491737904926,0.514830146854006,-0.8433311067419051,0.2634911767745591,-0.7239662641494291,0.9141477934673335,0.0169308078717604,-0.14510114125085977,-0.3741310737877346,0.5892424299906465,-0.09010376093344154,0.12771037418463227,-0.9802540558362833,0.29430303977436134,0.19282577314727767,0.23612912919951295,0.8900560521233026,0.3385513885663902,-0.349607476246633,-0.10978736722043368,0.39221219326176054,-0.8545370332696318,0.306853415569377,0.40231680417697124,-0.6230735669129104,-0.6565453904893988,-0.45652512364304537,-0.25083995488691024,0.16416507496209046,-0.16257482647240343,0.997967373011503,-0.731934445015936,-0.6930874297780338,-0.6522437238554668,0.18155310991429296,-0.5417000350965961,0.014079863957659838,-0.5402379176663972,-0.7407548309294092,-0.7891466041206239,0.41605449583872445,-0.8152182096630737,-0.6594007722218602,-0.18767807451909047,0.7348715768727568,-0.8109690096283917,0.6139371798712757,-0.703011009121616,1.0326410496142513,-0.0287502473164852,0.9129020589338033,0.2072395724481901,0.47050915474436183,-0.9050818502605797,-0.361836002940614
hola,0.14159785991151966,0.37650992889560103,0.27435157464426463,0.1054229729944515,-0.11833711152924477,0.3651152690972424,-0.18040458995029254,0.7817547226288364,0.9007527934340978,-0.3115099336167174,0.6007855750455752,0.18336766708503013,0.04408523496257698,0.8495792460328485,-0.8259007368504875,-0.8195874905141095,-0.9652196077451356,0.6002788729235848,0.5679528390467091,0.702186097642842,0.8477405992166003,0.6580467394591337,-0.02912198450203418,0.5636414014154649,-0.7519974138518485,0.3335579432908257,-0.702076442343003,0.9345387118372335,0.028822533456450843,-0.1050769330902555,-0.45484948949411186,0.558169976048727,-0.15120239000250452,0.15121569045238245,-1.0040181450020123,0.20335685782532942,0.18342266402903676,0.1805562471545526,0.9937347271800965,0.430207551306387,-0.18496582374521492,-0.18708084337909528,0.39882507935007433,-0.9442244380016651,0.29874868703148216,0.29536939006549007,-0.5172556775302402,-0.7619588885953814,-0.31572433146693146,-0.24237241363532888,0.2555754784409987,-0.19676918423234552,1.0397093381077922,-0.7385883349839075,-0.6309154297116824,-0.6270242974063495,0.3230238990821083,-0.5047906079181061,-0.1085752286359874,-0.5471042885692539,-0.5795702279196643,-0.7792155767235156,0.3517656790071198,-0.7631790663861501,-0.645827923950975,-0.20845041821557467,0.5745076491182936,-0.826558136809141,0.6775911855512194,-0.8022345541200713,0.9439642657759837,-0.04290660764980069,0.9881649641715649,0.24642291676305844,0.429236968363212,-0.9358321703877985,-0.37464793175333394
hola,0.14235936723334314,0.36173576017078574,0.22310074716089784,-0.00914489647494679,-0.1503436562191721,0.3866765769706111,-0.1722202133380643,0.7418298492895804,0.9655270100807015,-0.3102570381089269,0.5518123246710772,0.0876118963848966,0.10437482980339446,0.8393947772247735,-0.8207185980884744,-0.8046640964200905,-0.9462222853045784,0.6482835771323741,0.5748165576631488,0.7338376624886505,0.9801269649618173,0.5734705271775483,-0.08616972421311336,0.5115604629453102,-0.7652015287624454,0.2392919994736054,-0.7689957476900069,0.9022708914919372,0.05433363229302637,-0.1315324332715242,-0.492445054269501,0.5688700212102711,-0.06015945695321974,0.15910658812887676,-1.0037030832673968,0.24273916826531355,0.2423984602475759,0.23422691709491095,0.7831722741106941,0.3716650794056408,-0.17035764688256588,-0.14393805583916622,0.3588585369617637,-0.8608816287558905,0.34915234141466395,0.40091249750713953,-0.6421282856477626,-0.7055783920615437,-0.3396221950890591,-0.2796857849617821,0.15732790673184377,-0.07132409899544144,1.0203634451198749,-0.8530613441076302,-0.5412385784725564,-0.6806153944816334,0.3098603558315726,-0.489756945370351,-0.07489060372730043,-0.45156344114144126,-0.6862467307014212,-0.8352270240905482,0.2929826861320604,-0.7146993614622487,-0.5453745374250405,-0.2323949244306301,0.599459695758518,-0.6815379525799329,0.6891285805465068,-0.7440336473121232,0.94533320834793,-0.036029634469324376,0.9954956016065946,0.2706007750778047,0.5313955740655146,-0.8780145654877097,-0.45014041140688626
hola,0.06903970575684644,0.44700910826104884,0.2521831557603412,0.07863033095496337,-0.09943180303647126,0.3644190634076212,-0.17064162342828598,0.7416999663743455,0.9203067680567918,-0.21773632893898476,0.5572217254769767,0.1253999734491662,0.15729246526378718,0.853165628997359,-0.9297233597976525,-0.891532191418294,-0.9455127426052582,0.5586099097881342,0.6069453723819046,0.7321166042750223,1.1193913329452647,0.7137129409642528,-0.08611372895651215,0.5557415024463451,-0.713672072562032,0.36500067315094953,-0.795194878053708,0.8000190608314335,0.012594903222424278,-0.1415392408602596,-0.4460450962653662,0.6019559516176258,-0.14768421198516832,0.021060704588853174,-0.9195196893621824,0.19386118050349238,0.12326705222541091,0.24112118104748292,0.9271549414401822,0.35753774160090296,-0.3038766181615524,-0.13390420400861242,0.37673325373449057,-0.9469514123384687,0.2977993970418138,0.3673397344870095,-0.5631509507834932,-0.7337444143919524,-0.41890072224430125,-0.2816536162215381,0.03154028851361654,-0.11387313988108982,1.0481905615091307,-0.8696169851060491,-0.6115428714762183,-0.660925625294501,0.36885878265217104,-0.5158280257354433,-0.10199097075068225,-0.6095949731175987,-0.6768889262435552,-0.6771459156642026,0.32652710202878066,-0.7247480462619581,-0.5907311611015438,-0.2631042588755019,0.6013357410828637,-0.7646334526299922,0.6871778911531955,-0.806922521615391,0.904150628662879,0.0024777998921411137,0.9867573136473298,0.18204499762172682,0.5286184014807002,-0.946502957410619,-0.47348624947273266
hola,0.05964185198063515,0.3418253050904344,0.22910387116419803,-0.001790877923123782,-0.2141125928854787,0.18800882567938557,-0.12912906211415964,0.776029978550566,0.9109907103427404,-0.2852458470819734,0.5248383884934972,0.08100833268313767,0.10856152560244023,0.8670111926621293,-0.9021903179104372,-0.8166882634583644,-0.8943993032535453,0.6945479811155152,0.535692810988877,0.7528842450114347,0.9452034257390174,0.5987111376681836,-0.09332182810156149,0.5528415922786414,-0.7528464806084249,0.2301741076759501,-0.7640873665314061,0.8199107064076072,-0.036316911725042145,-0.2315402546299768,-0.4629156504505396,0.5038280030938391,-0.062018612355348085,0.1386035851749251,-1.0608456097991925,0.2680197733628386,0.26473137772442834,0.18417486000777117,0.9085057341739979,0.32081568633650687,-0.2761006800150112,-0.18916101274906538,0.3056070692278009,-0.8986899162221088,0.32734698357759356,0.3213917545555886,-0.6384364057634462,-0.7621423577968502,-0.35567856052259555,-0.27482310962088163,0.14951859236571996,-0.15630273309807097,1.0353335718542604,-0.8547190453316829,-0.5578684729559947,-0.6182864095820094,0.3302620555682416,-0.5035430062736773,-0.09379330662053638,-0.4593444334444817,-0.7532095789720442,-0.8277559306903719,0.29278129065596076,-0.6617514094271725,-0.5878468948378482,-0.31095194660358405,0.626471074426625,-0.8365136056186921,0.640400365385931,-0.7588587062842349,0.8843317735636163,0.01774144608212183,0.9949336608899054,0.2642341230202768,0.45538018319534046,-0.9291214514453141,-0.5060436655734164
hola,0.07139388750130936,0.4550614751269965,0.27032990523235756,0.03440852515367114,-0.17096569817145388,0.2842232651216861,-0.19461503758423926,0.8131134636520796,0.8911260044149281,-0.24288647990729578,0.5608526075697353,0.018322914219825237,0.13573687291383688,0.8404127976569209,-0.8765207777181594,-0.8621644816809357,-0.9435869715802008,0.7479205545204902,0.5633078635416573,0.7898302072391947,0.8877255882078549,0.6062052003981356,-0.13190969144268963,0.48721210619631583,-0.8004197186350854,0.3394370093757263,-0.6657926337484249,0.9014880702018878,-0.0329383844943532,-0.18049015258834966,-0.4558037753456593,0.5572441903473633,-0.1798890147409402,0.09235200533630342,-0.9656242873347255,0.2620855396276136,0.11438505438984549,0.2257617949755209,0.894648595523196,0.4061211976327775,-0.24634131964055614,-0.09680752646087683,0.355265366519433,-0.9749491635976257,0.3138807930382653,0.3913573304967468,-0.5095621514760966,-0.7066199495754041,-0.34767625701154553,-0.2535964756954565,0.11258760349772025,-0.1292999877530403,1.060201152409769,-0.8430382787935377,-0.501507548274838,-0.6934823719546104,0.3724882563855508,-0.5637575453953126,-0.03808324422915496,-0.5479873227941756,-0.75282419230517,-0.7683230155508425,0.3631327683603453,-0.7658811692324472,-0.681786074662813,-0.26714189689481954,0.6376146932570111,-0.7783814670361525,0.7233695435658323,-0.8107739432756985,1.0456940957665046,-0.051485859477832255,0.9362008510803292,0.12911267153495054,0.465394182780795,-0.9384437627619154,-0.3863708350331073
hola,0.1207511890579922,0.3714102766632081,0.21413947146383963,0.1233429245802464,-0.07628883335279894,0.3361634245040152,-0.08678324475904109,0.7865503012949178,0.9467411212732311,-0.17064171731313665,0.5168112062913467,0.04031787314496116,0.09746068475005258,0.8701509325216282,-0.7964167748216867,-0.8555901149329723,-1.0790784234928203,0.6446286538446525,0.6019871885005713,0.7669057916411323,0.9786459968560568,0.5843174633397232,-0.14099281230512561,0.5868230686541343,-0.8051652387638648,0.38904687932407045,-0.6847680647641814,0.8603054189714703,0.013127381130711938,-0.17532333034963224,-0.48286387189183355,0.6043090676449311,-0.07837852707970058,0.10028631079187061,-0.8678983648695006,0.23773641072776525,0.26263342924328764,0.20345666837727588,0.9056519384164745,0.37919609776412655,-0.3754666634572356,-0.025172336878285073,0.4597946149006571,-0.8994088225487598,0.2784199438685426,0.3586538199264964,-0.5748999928815983,-0.7243639572621319,-0.3595644283419278,-0.24726640864945848,0.2127588258053496,-0.094391812818927,0.9242649011729553,-0.7277822358683212,-0.5002157596359162,-0.5197781275044032,0.25004194926881695,-0.481272694262922,-0.17148338944683678,-0.48349135817783406,-0.7094708476172992,-0.683077427930142,0.27392843042961773,-0.8080932492011355,-0.630398463675019,-0.36132404723892864,0.6795414324212357,-0.9090516007266936,0.6773126940567658,-0.9116937752048837,0.9369040397999594,0.019471311085629855,0.971554570952464,0.16651635924184524,0.4769669843496491,-0.9207235718891363,-0.41075455755501056
hola,0.02928408969060818,0.4600070964372055,0.07030717056314897,0.05827213837560321,-0.17710409344476782,0.3234545674368742,-0.12369403484077152,0.7132678488713452,0.8780758647112078,-0.22318296187107425,0.5794967090721014,0.028833634024021636,0.11204743271226565,0.8860016764432865,-0.8838125122476869,-0.8301459627983723,-0.8510663757153214,0.5940555592516799,0.463721365320968,0.7792037797335687,0.9233045314008228,0.5824052520463162,-0.11609909440069202,0.5480683455345353,-0.6835242426573165,0.3199484655859536,-0.6701822495875583,0.8185264813095355,-0.013861043327500114,-0.3126300529932242,-0.5113578168448838,0.5963025381877163,-0.06185200977948435,0.12579223458969083,-0.9635354133131924,0.20082671702298382,0.23442938956493203,0.2721619077235446,0.8067018176587247,0.3786229825988342,-0.23436245530469463,-0.14669110684948558,0.4302974224605589,-0.7388163345178327,0.32831629124199074,0.360941091736585,-0.6161377320353878,-0.7330848465601909,-0.3461297169025171,-0.2628363411012479,0.08940877485031644,-0.11247888450908677,1.0498574730543342,-0.7734785902782175,-0.5341471283567386,-0.6892315627306389,0.3437116629019824,-0.4794534030096095,-0.11492399077174903,-0.4952227657568508,-0.7316456658809761,-0.8108937314156294,0.3221255942951656,-0.7087718836337662,-0.6662968998937495,-0.209850370118928,0.6705867736108938,-0.8410338701944217,0.599010575175149,-0.8150484131661454,0.9306217443337335,-0.057040573851945706,0.9353663433228959,0.10931819645284144,0.4591098118815454,-0.9369053710447743,-0.4027030236084779
hola,0.06271702412409702,0.5143124664134673,0.10994472461069989,0.15532474088392495,-0.1639063498660958,0.33476746975049004,-0.12083550327167833,0.840523778365433,0.907957422774418,-0.2880479836073352,0.6544752905288823,0.0521158072117019,0.14716704586907514,0.9129308722875619,-0.9095256457089479,-0.7959668557149557,-0.989057942942493,0.6586312233136574,0.5599274501689154,0.6650132034212916,0.9182948323245063,0.6658707730541041,-0.03273171606489653,0.5579263737065492,-0.7512949753364889,0.2651299173732248,-0.645464255890508,0.8793202052094596,0.055288748106885756,-0.11337461281184957,-0.5097573500330413,0.626406838093278,-0.16422240605407173,0.21835000429293694,-0.9810541783248884,0.22313605676049003,0.12969093688569566,0.2111282578806292,0.8355058304779042,0.3332582809382932,-0.28784974714187195,-0.0780465116776718,0.405642559424561,-0.8641652240714046,0.2787574614490572,0.2972380347561823,-0.48929862693475257,-0.7789074564284557,-0.28633288554876746,-0.2847315180587981,0.14050793764293448,-0.06927871506386282,1.0403422972153853,-0.8014510065178982,-0.6016586404864076,-0.6801769866561181,0.32311452734240276,-0.448851610576948,-0.06716696133767984,-0.48020450109563684,-0.6001428460954135,-0.7601842370581505,0.32824182173078575,-0.7995796385572758,-0.7383717834813461,-0.24313087221656338,0.6372452481318266,-0.8315365821596146,0.688066325206925,-0.8108233706719192,1.0093079425584865,-0.058392053291647955,0.9161760121271659,0.2591993514380564,0.4676706050492932,-0.8952975813077433,-0.45825661015682084
hola,0.06513566357977768,0.43458714425412376,0.20616818432047201,0.11375771776213538,-0.1661226889876777,0.19997023694479238,-0.14646427165403442,0.8232369249213504,0.9124567170399033,-0.24543613247417198,0.632768901460626,0.022191178142862818,0.058948961275719636,0.8431617206090474,-0.8821365811666629,-0.8740537165845813,-0.9683321279142831,0.6898149734582152,0.5558490738213102,0.7553733501279503,1.047907069391299,0.5811731853555689,-0.06312384376190283,0.5355976844429542,-0.8057691342564822,0.25059665998415914,-0.7372313537579916,0.9073116239765241,0.1611504328351812,-0.20647829183274485,-0.4917200410715192,0.5453112282128709,-0.06790939313141554,0.15004543833503625,-0.8982156094298839,0.11395139062499371,0.10484495193505917,0.20907408514900638,0.9423611664064337,0.285358196626687,-0.43136581583711586,-0.09737712209035665,0.40744525303966544,-0.9340594770814318,0.28425645085528883,0.2927885532545851,-0.5737081119786211,-0.7734631684994437,-0.34444010220285626,-0.41530979125997436,0.0975509475793693,-0.17909967112091182,0.9639306421998277,-0.8228127664284508,-0.5423542988155423,-0.7703478028130104,0.3084912247473345,-0.4654999737598505,0.025453917540710316,-0.5352371145514683,-0.6658379024913347,-0.869442857299508,0.19306136871489565,-0.6813953785136874,-0.6071132913222965,-0.20362402418815065,0.5733163152473828,-0.7798023414374399,0.7693307070248004,-0.7868179037942106,0.966748005306344,-0.062269792663379356,0.8749781035243787,0.27746968627560936,0.44798427680635006,-0.8964002526722078,-0.5125377901757435
hola,0.038654024629260486,0.5021331027059507,0.1881616376953956,0.16243013979592097,-0.15660193427511648,0.19969333748541934,-0.08022219748802895,0.7540513856763792,0.9622599616779107,-0.2318564189714405,0.5062941647681857,0.06600457777433741,0.24590027929550456,0.875842599511045,-0.8608037712544993,-0.7719742304990737,-0.9490297818591931,0.6757164026090157,0.5017322432917458,0.7517166977831182,1.0090088552863752,0.5565140208284459,-0.005816484431788921,0.5564730513656546,-0.8078396238390606,0.3297236465010599,-0.7276331369688207,0.9273135784734732,0.02910871188721649,-0.173667427195448,-0.4462107655740315,0.5630122317479336,-0.18747592458948983,0.08080571073257742,-0.9159498998877489,0.22866416470667675,0.19800488030627172,0.16593929298664012,0.8335093409654559,0.26255066620886947,-0.28604823478750463,-0.15585797143036945,0.34693299730526395,-0.882955227999858,0.35173196243397226,0.44593563584681606,-0.6548290488304789,-0.6841783525252673,-0.3204882201008787,-0.31153309508358984,0.15055533856506084,-0.14567863554224006,0.9860321051393893,-0.7204538278337164,-0.551966176178765,-0.6519505455683354,0.28470118493306473,-0.5676196281666526,-0.07780186481440782,-0.45081840825359876,-0.758419225538443,-0.8320041860802245,0.31897256574225025,-0.7728668365451355,-0.6464614489956536,-0.28372958776448065,0.5737055894863627,-0.8545035407246959,0.7110612108369733,-0.8731716733236221,0.8730253233020496,-0.09419884568129157,0.9901199515061666,0.19984494909024747,0.45529810489082245,-0.9194064756155783,-0.5216714464901635
hola,0.12236229054340113,0.44955048431502115,0.18506132843850168,0.14006259158361456,-0.2090652062698425,0.3481836757959907,-0.11710089419485242,0.7667183720702508,0.9263318392336429,-0.23848020063899167,0.644464220986215,0.003955883132258281,0.0979631602305347,0.9030084211889461,-0.8877046303634191,-0.780714746730339,-0.874591405968913,0.6451499397487943,0.5903816182284662,0.6823396824266454,0.9949733493689185,0.6082883277327855,-0.053389361386125544,0.5287797489711412,-0.8465053190404922,0.30500464589252285,-0.8164635828058799,0.8734703094870411,0.09075573682114184,-0.16108123322530102,-0.3734716435512554,0.599722836497522,-0.12039425498318174,0.13823356672986895,-0.9647889342545115,0.15616215598444777,0.17717149962062514,0.20582994840052082,0.7856851318864515,0.36601527161954894,-0.29343779108508,-0.2095807874668958,0.41547303511839634,-0.8437554195069124,0.3448851548345798,0.3250723304758703,-0.5496627702647254,-0.7081363866664588,-0.35377311966564784,-0.3138090706364928,0.15422357911131832,-0.06302294053408536,0.9469162231878658,-0.6910134115473223,-0.6085280345095998,-0.6757606135630007,0.27259237113048007,-0.48225325312442274,-0.15448953891915118,-0.5384509059376306,-0.736666892726389,-0.7724828002767752,0.36238154770599224,-0.6913337879470448,-0.7254182446828377,-0.16044617603167777,0.6567504567269136,-0.8446224054385275,0.6837462109471548,-0.7989936930869392,0.9195764941792133,-0.05280176333749307,0.9231485619996589,0.1894729398555908,0.4442132020088491,-0.9932579799783413,-0.42709425133641166
hola,0.12689197968046642,0.45612291254865756,0.24652301477504945,0.10598337649453714,-0.17932667623303578,0.33377141935487165,-0.19270145446671172,0.7385124324385355,0.8791155174308963,-0.17911415939147907,0.630589501872333,0.0821551013580587,0.18968561544845447,0.8072291374647227,-0.8404981276111771,-0.8320001220160768,-0.9172190999251029,0.6594784794682661,0.537066357479197,0.7670697224216878,1.0010451428250897,0.5648998686911071,-0.08009505906175511,0.5081363208908283,-0.8883541991367805,0.28986502422573407,-0.6828481573691756,0.902441174553504,-0.05378144238757501,-0.18821859152277656,-0.5818061637933001,0.6169524342511425,-0.1420020646728072,0.19963807821029184,-0.9151269169430825,0.19024147652495105,0.16755219788145556,0.25138650456883077,0.8452799551700948,0.36876483031487717,-0.3051255783927739,-0.21499401312459876,0.2837389908983068,-0.8682148443167305,0.3054555435748041,0.31362124839061223,-0.544441685897629,-0.6834752908586712,-0.38277053421972274,-0.28960839346024786,0.16540069249145348,-0.19064375156033808,0.9879053288558373,-0.7683160799128361,-0.5482349773894492,-0.7742185993551307,0.2681488874403498,-0.5373299575616091,-0.06238410656692678,-0.4871115870083953,-0.6072253123366615,-0.8039979916897934,0.2877805540150862,-0.666150496358835,-0.5920064297133778,-0.1991670831186731,0.6564228598463621,-0.8636532793495411,0.6092333972587175,-0.8853787966650203,0.9860215217647151,-0.003267755550246443,1.0459902834499932,0.2518463061062539,0.5366690876733526,-0.9506252321240429,-0.49220686568437366
hola,0.14013097447552716,0.451262770356809,0.21089897086033238,0.10913494002544322,-0.1365311271992803,0.3559790691259903,-0.060076298233767186,0.8107570191811769,0.969615664630205,-0.2074138347272058,0.5603915895635982,0.09561807325146596,0.06636436874490154,0.9038878542001162,-0.9176540305925278,-0.811451236257182,-1.0018209030406564,0.6929091402495974,0.5546172406033055,0.6602864985854717,0.978271666016452,0.5694210895918117,-0.03298393945346785,0.5611246370096313,-0.7436800989927317,0.23196359490428703,-0.7427600367532753,0.8664059022941135,0.08653176751227114,-0.08680726562867835,-0.5111473633778899,0.6023097861013174,-0.196183206453188,0.07715842768268255,-1.0103593219366285,0.167645559679718,0.1450120259554638,0.2545179393564037,0.8767927721428552,0.3826108680872223,-0.24646056454635232,-0.11265524274269041,0.4281505506620484,-0.8830256710535738,0.2741837614760481,0.39416644827735864,-0.6086904844913745,-0.7889272196284147,-0.3780391919418522,-0.3182190040795804,0.11952202173628766,-0.10559427699718599,0.9941647630807587,-0.8408018818252253,-0.6066317564577679,-0.6236643139914952,0.33103665681749395,-0.3896635429530087,-0.008372045600311039,-0.45393416256879754,-0.7514542602317507,-0.7410567000897186,0.3100038388457013,-0.7511831874796848,-0.5984345096132666,-0.2152890819474976,0.6670280392460808,-0.8497211384809804,0.7130127606772388,-0.839682561315872,0.9637530859750059,-0.07786510007845356,0.942578863793893,0.24800318824211742,0.42651747280580843,-0.824364661777512,-0.5254403783119057
hola,0.06774362369190665,0.448889327241926,0.23474246046505326,0.08474257996520847,-0.1555599364722677,0.31231573039969307,-0.136379051347499,0.8532050644609048,0.9692929767136387,-0.18947574479816287,0.5351422399968083,0.053820418285523815,0.12106582475182943,0.8009132078008487,-0.8399196744069378,-0.8526236884859094,-0.9267930136268367,0.6117301129511594,0.6422655325417921,0.6952076635640352,0.9682018013255498,0.6379100939528506,-0.10557329700414195,0.6036817847445585,-0.8249103281521544,0.35244792761417565,-0.7125859619336192,0.8595172637007238,0.028737554878771623,-0.13023015654931686,-0.500111540383268,0.5109994943972944,-0.09877616544608982,0.07801979209879861,-0.8713932037301989,0.20695126459101795,0.265772284753863,0.24434149793190246,0.8382694545051499,0.3633428627463303,-0.24178405988689058,-0.13534915915563242,0.4549180391470811,-0.8284732871023671,0.3794791736242518,0.31829290062266896,-0.6332270002413926,-0.7728267849584332,-0.3593312511182962,-0.245289122438137,0.0318149705977369,-0.12320263315594682,0.9846521373846115,-0.8097875913197214,-0.5176827958595367,-0.656291960517464,0.37172624633484175,-0.5042148209379473,-0.020504579662041174,-0.4293954962704185,-0.6164761602453275,-0.8338567973428264,0.2999753750534278,-0.7408923325752622,-0.5823725498860767,-0.22823198092734512,0.6000418259945834,-0.8024055227180306,0.5748934483898009,-0.7357059339219794,0.9273002179929568,-0.059904399712372,0.9380396906812712,0.2669924182407627,0.3366518367267344,-0.9224549326076541,-0.4396770127220657
gracias,-0.18863780997443613,0.5269603141660978,-1.0441377233080988,-0.35674504587453737,-0.6886755789304697,-0.7522468478356286,-0.6608390314835335,-0.3455269908700925,-0.1516615561647902,0.09889953342321942,-0.23885783852724835,0.34347375007035547,-0.5717763678445621,0.7981230838592203,-0.9791863462637954,0.1952222208659574,-0.1392292359788944,0.05636362239430452,-0.8200930627156531,-0.7454133180794494,0.6421881803609604,0.9429540239590434,-0.3844344627171269,0.45409644948676625,0.7846445387432303,0.8700283291437905,-0.899548350868794,-0.9236179647319335,-0.741174829618263,0.7448158902660529,-0.8157371250222337,-0.12645406812674212,0.9180572543580988,0.09750092686002992,0.4189262345578914,-0.261222304118717,0.3572370225988611,0.6222002087614269,-0.951119264545796,0.46017462853295776,1.0518202162348163,0.4821704068124172,-0.46739083426488914,0.5549928708454211,-0.7576271156711339,-0.11210029680976394,0.785107665179672,-0.32950410737146446,-0.46725781486039003,-0.738164552061795,-0.9286507766788943,0.27610431035892824,-0.5527307429295857,-0.52166206502957,0.024285457602376707,-0.941407460361788,0.18287366257646917,-0.6512511968736441,0.22168290008820873,0.41208255245376746,-0.8068961894908333,-0.20070900317760557,0.4623520499963454,-0.20661622195457685,-0.9519463857863255,0.10506125858266466,0.28778245028025284,-0.017724950756689235,0.8170092988731384,0.14896458903095994,0.8026680793809423,-0.71289600532449,-0.6738819932835087,0.6411274736023373,-0.21418993700659184,-0.6792013895851204,0.880525034237827
gracias,-0.10232748244842352,0.44696469685847623,-1.0232277930758307,-0.44497815479059777,-0.7787484815863852,-0.7820093268602283,-0.5985806510626803,-0.28001036965857146,-0.2128980238562629,0.14798020530130143,-0.18581689592265127,0.4182024626538793,-0.5930326452864423,0.725817334547924,-0.9155982982382596,0.36141682629100413,-0.14754175730239977,0.12144357799431325,-0.721120776895374,-0.4843784221867205,0.660701969610882,0.9726644961880706,-0.3675616857713449,0.4350030913684616,0.7786780434116493,0.7905235646463964,-0.8450897935237399,-0.9259363004173697,-0.818860447664765,0.7668150488237083,-0.8277301363394178,-0.07815125007575147,0.9167462638415916,0.006882398969286052,0.3812602201945408,-0.42127479224099934,0.39667222614879066,0.68379871201172,-0.915531463756203,0.4607445403052067,0.9794225826243967,0.428080218988347,-0.40403727677495394,0.6045022159249831,-0.7687577357933374,-0.10413199608034261,0.8379296507256306,-0.3325547478372112,-0.4387040356794032,-0.7330105965779404,-1.0155723992184764,0.3142580177998653,-0.5718531033452166,-0.4137100039204522,-0.029667722651902043,-0.9050707362314454,0.1278909487588074,-0.7332806837305959,0.19335964659200958,0.3246538377829301,-0.7312841635110119,-0.2051591392673364,0.42489548972739727,-0.2351413908158885,-0.8666510755805148,0.10539004222174803,0.3467993940398725,-0.019943201973372487,0.9016669214615305,0.11395727176726639,0.7941656678209578,-0.6735799366597587,-0.6816122091449458,0.6155417245460693,-0.25338665482507494,-0.6370122201574248,0.8559862226769691
gracias,-0.2819717705063732,0.47978047820014214,-1.0009828920587949,-0.3352122923371669,-0.7612517443079141,-0.9741580011222044,-0.6135253843273989,-0.29430036207980587,-0.29099863291898276,0.02870849071338357,-0.023850084007415312,0.35515847008582885,-0.5545475517181543,0.7237018814134717,-1.0497399585468055,0.33242210801700917,-0.17867062328005132,0.09738574495808475,-0.7249581645848521,-0.5905836082479606,0.593983289788383,0.8733228430414268,-0.3488424041034174,0.287176643572507,0.6502604317278666,0.826172351742773,-0.8045605636536763,-0.924760201787937,-0.7301115861086158,0.7208894598251225,-0.816443669718225,-0.23757944841860135,0.8788276273998422,0.09894708685486814,0.45511949611540753,-0.38994047562080164,0.41082627307897224,0.5735483402653725,-0.9304508832559358,0.4600912091535609,0.9930894586483879,0.4839436878476933,-0.3730913153819979,0.5348368744859812,-0.7621676719666244,-0.11818832081301635,0.8092757322857079,-0.4219643979106015,-0.4667329780520082,-0.7406478040587783,-0.9643984953654969,0.36973307830011837,-0.5725185107152387,-0.42900695377493575,0.02932174936304502,-0.9458060758572293,0.1916738360135647,-0.7658596715438725,0.20800386821345523,0.4305036592770058,-0.8908969869274735,-0.16723906203439287,0.3653755097874744,-0.20957972384296344,-0.8325504655728754,0.0391088547991522,0.28727044398367513,0.033562971116871794,0.9234689992965475,0.1660276517034795,0.8651223578592296,-0.6985018086093204,-0.8303578714850545,0.5883092292436972,-0.2327384309965178,-0.6453235580946634,0.7237763079733622
gracias,-0.03850550515896589,0.4672002916290267,-0.9923274101694257,-0.33625646891536315,-0.5893055157251427,-0.7717854782329843,-0.5800389224210771,-0.3023440446906854,-0.21354133920700755,0.05384369580646883,-0.2029165707791375,0.3360882958085441,-0.6586232987541143,0.7524413002476397,-1.029458192465467,0.35048084656399,-0.16720692566786316,0.1247264218108377,-0.7453327013105321,-0.44995400332121727,0.669494932360089,0.874296026434559,-0.3615082393101694,0.35424492419176196,0.702054318256706,0.7222097234514979,-0.8083007427224815,-0.9559594452877139,-0.611947859669602,0.8059741175853482,-0.7346106130733273,-0.20040408829360085,0.9395473408356044,0.09795328077814919,0.36004531914574844,-0.40755733585751786,0.453477888651966,0.6806261375813485,-0.9316250577760294,0.45918482929853854,0.9167579544868797,0.4678588200350733,-0.4453130852406895,0.5253476565621096,-0.7940402272772351,-0.18863820705161466,0.7611886350626975,-0.37922614083879724,-0.39425979681340784,-0.759536694032788,-1.0121542997132535,0.30630088830348134,-0.5954071802969476,-0.436680756673283,0.02955860312789281,-0.9181014965399377,0.09056058968478695,-0.693150668295063,0.13743432527527602,0.3736040880988022,-0.7290673378224964,-0.13053225293257498,0.3966990310680628,-0.23523741100183085,-0.8895232537342928,0.12492567637039947,0.30880760715130084,0.09733392861595289,0.953826776457537,0.25629672261115954,0.8220659869023347,-0.6956810067172243,-0.6507379410819284,0.6371522742724964,-0.22970803141844348,-0.6917187475925275,0.8669449084807548
gracias,-0.23048406169216296,0.43348604111610656,-0.9449438944537976,-0.5048975472945845,-0.6297641132760482,-0.7592040995272464,-0.650467808036182,-0.28170900452031405,-0.2063076651933438,0.13913298642864805,-0.11247681405491333,0.30043546463436854,-0.5617323798637563,0.7459534800997285,-0.9410831850782426,0.3045264253083137,-0.0779835418097043,0.1693827478866321,-0.7562146810081808,-0.6705275521757541,0.5822055058021809,0.9582482837433604,-0.3611413514842032,0.44730187257704035,0.7922742907011192,0.83769177829534,-0.8135688072299223,-0.9913553700447848,-0.6701240874282073,0.8092894938542595,-0.8058824787601321,-0.13263023155870832,0.8998416445386972,0.014839977518941894,0.3775870246986412,-0.3535163658362414,0.3402174693900951,0.6574657815519124,-1.0103966074109154,0.5562508757681397,0.9629993899335877,0.568969086015988,-0.36267462334414424,0.5745063586668898,-0.8439704234720834,-0.20850784153485652,0.7435891525348516,-0.481463444497574,-0.3555258414542273,-0.7341516264020973,-0.9417858580548064,0.24665001543302562,-0.636642089460745,-0.42455269243323324,-0.0025149758201941097,-0.9006351737001191,0.17647732891403228,-0.624752959881589,0.16755895062971596,0.4029852101747658,-0.7857012964077831,-0.052282542597163736,0.28383250223453893,-0.1374803102067543,-0.9058331945457788,0.10013139814023213,0.29472066273984143,0.027329972573694614,0.9247600409549014,0.3287555910561779,0.8472056400458705,-0.7674538716090504,-0.7426352895996181,0.5921118719998549,-0.2944284846604336,-0.6857961153512063,0.891658614883155
gracias,-0.22966759654869176,0.49307311943684584,-0.9753825093110933,-0.4320465208348724,-0.7135647002326663,-0.7354067200803527,-0.5908021865693649,-0.3084393631689971,-0.21834921738670934,0.08146392152929686,-0.18719914909052557,0.26520152550756826,-0.4889866050102286,0.7640011227418609,-0.9253174503480208,0.338039632862959,-0.20214623530197545,0.10808343284406478,-0.799195860919248,-0.4899426969275772,0.5397635374299535,0.8849248372464361,-0.39516460390083435,0.44904901758124705,0.7535037545552093,0.7274065372061715,-0.7671946592225772,-0.8853404021949612,-0.6334174130100396,0.7920717189173683,-0.6835882373047772,-0.04853000523809005,0.8814432931508391,0.14752481958659175,0.4029126373888917,-0.34401394718098666,0.2883883137810009,0.660732055525336,-1.0040646248284446,0.5416915706346004,1.0312762028331297,0.3926069912088632,-0.44021375907140314,0.6346517321426897,-0.8028819349603882,-0.06775976539807144,0.8347492795675453,-0.3956886916550097,-0.4380150717307174,-0.8007718959702301,-1.0173425916306573,0.3931386916025478,-0.5757708552239378,-0.47583229348590883,-0.038048183555441054,-0.9085343520398769,0.20058080070843312,-0.723305054281781,0.11155783814149005,0.436699308818871,-0.8055749755375842,-0.17031823108422456,0.46917923077546575,-0.17266948881372007,-0.8856338984518894,0.01284663726610688,0.3166058178220296,0.06025452637704719,0.8114208252895645,0.18315233565977132,0.8118433842080073,-0.722986218928153,-0.6695893605655707,0.6315045031614737,-0.13074273111111062,-0.7189710815458362,0.8618133891529852
gracias,-0.16173265127535463,0.38718626219656216,-0.951956500260743,-0.27910118944367956,-0.7073385220899655,-0.790071756048716,-0.6232536534538918,-0.3445577794092633,-0.2975030654287609,0.04234479385194563,-0.23120889024099694,0.45564410469647487,-0.5968509852331271,0.7389389063295323,-0.9007671223647574,0.28484746521401005,-0.20373359716597367,0.12078327035393437,-0.6677876732383584,-0.5787127695718031,0.6139053944768674,0.9404290382005959,-0.3531398509051756,0.3947278765950909,0.7012796908532298,0.7915172880893522,-0.8835960102063318,-0.9178363063891941,-0.6843715579452743,0.8832540879979693,-0.8053010515214855,-0.22799672830297513,0.9090700497671577,0.09229850722792855,0.4674224252085729,-0.39844135798481,0.2938804566619853,0.7100931943662949,-1.032453380606599,0.4784808578145607,0.9648411535374397,0.49284963609467336,-0.40465379301747284,0.5443769427886577,-0.807234449453054,-0.10492646529565909,0.8246709040621305,-0.40788034451724486,-0.40264903406617353,-0.6977508802813578,-0.9416343784768575,0.3803503420552429,-0.6558549263372058,-0.46639529629726356,0.007121695960757013,-0.8568278500373168,0.11361767227233643,-0.7394948139328119,0.14990604004238856,0.4263374150364295,-0.7436370895981379,-0.19226102972544346,0.43419843113684264,-0.16546747048796498,-0.9063073709659475,0.0612236003401247,0.36491985866968546,0.04605711495597063,1.0029807833640085,0.13049884885411964,0.8327089156772658,-0.7515106421981006,-0.7649116548479151,0.6142392205672991,-0.19777870205858106,-0.5233829280131298,0.8458098700079077
gracias,-0.22246492706908616,0.45429952275903546,-1.1035032522426287,-0.39993269386653374,-0.7056869542510159,-0.7755927913151438,-0.5787984647732658,-0.3340570268592904,-0.21399575227015677,0.039327426476180344,-0.2180140989337951,0.38593373976255074,-0.6547747779667951,0.7355035277532976,-0.9949835115991096,0.36841917967131743,-0.07531889030242166,0.052300257751336746,-0.811877046954411,-0.6100413660977458,0.6022740271489613,0.94745611677666,-0.3954676694432316,0.3746132663973566,0.7711538251191067,0.8412348716399366,-0.9276640157763583,-0.9403374054858084,-0.649648721173809,0.7103862016282895,-0.7167478507455348,-0.18955524400133253,0.9137144259506397,0.09413167478814868,0.354189988460852,-0.461297390378095,0.35156912901734066,0.7207233715910979,-0.9802682016508734,0.45796691481698604,1.0240057882881255,0.47979256395852615,-0.46462005655370053,0.5860314613861425,-0.7550104763637766,0.014872728938437635,0.8585528115690623,-0.3547797049332238,-0.44974763277669527,-0.7912362610619185,-0.9581495167784497,0.36302956164276173,-0.6306694050681118,-0.47767140775074823,0.0031121986466331256,-0.8752552400149353,0.17344960365323978,-0.6919946136815076,0.1532606408430657,0.3738216887094202,-0.8552787122440422,-0.08264927240160862,0.38947283368645486,-0.1828841137359373,-0.9465326861804486,0.21857570694741207,0.27392288882843285,0.008335827836313453,0.9099813537959297,0.20312072929119973,0.8547004333365512,-0.6346701663190618,-0.6961394227254473,0.5619810374207143,-0.2174935822850219,-0.6538999871404402,0.9584284628673589
gracias,-0.23584626451606686,0.5007778121455776,-0.9907755318879894,-0.35344332797484646,-0.7115879541975705,-0.8574444419687207,-0.5899359382745916,-0.27615699455862347,-0.15786220325167402,0.07696823623778212,-0.19160207235940285,0.2924996510423269,-0.5501268371299948,0.7774293469040902,-0.9935139452473456,0.31400633669197325,-0.18872833586331808,0.04323043529238241,-0.7601102426397892,-0.6604885396705601,0.5808651867566765,0.8995882765223169,-0.4545018897248518,0.4857747428671022,0.8154053411435381,0.7502623559316953,-0.8162905074277637,-0.9010171790431705,-0.6007848681321883,0.7153547555258224,-0.7487009931347786,-0.1851800152002424,0.8489859400925732,0.102537397911759,0.4482921491070681,-0.23957328931133987,0.31301559210865665,0.7041973280487852,-0.983913507501293,0.5394565654161365,0.9041977002514269,0.43319281997475056,-0.4779057570295138,0.5825068591863812,-0.8256020501716337,-0.07126023045251868,0.8685357370990868,-0.38279282619037325,-0.3435099408442591,-0.7191515242906775,-1.0221109197764142,0.42583989155669894,-0.6070015797801818,-0.42338575627126906,0.061833029388431895,-0.8704405092293193,0.07342727032579366,-0.7524534585138692,0.24474829715082527,0.3910605857597215,-0.79135246559724,-0.1339468035526829,0.42361645855950636,-0.15770147032692167,-0.910526500668849,0.05615938954440529,0.3704842317041448,0.057456700670006786,0.8763245119507371,0.22721569665364288,0.8003521248192778,-0.7676337004242446,-0.7593958404436502,0.5658455356035593,-0.2182668268591172,-0.6076053918493248,0.8147624017405424
gracias,-0.15653220254394684,0.4078145196029455,-1.0127867024288821,-0.4708369153355831,-0.7175151298236008,-0.8250080794526525,-0.6004651800428734,-0.297714500251136,-0.2663846577862624,0.13184338020889103,-0.15109581918231063,0.3803586766523933,-0.5915546182062221,0.7303470004207798,-0.9343346966167114,0.36471444215323356,-0.2527351798330238,0.09044161502419854,-0.7319734713297119,-0.5909884915455285,0.6611546876474297,0.897936110708956,-0.39804973602240645,0.35901852580630067,0.7127019250868496,0.7718540022520816,-0.7913714662610456,-0.9745822083024526,-0.638948441113217,0.6711898953579095,-0.8313732321560101,-0.17425921500079497,0.9995220439467071,0.05259045470839974,0.2736920542284008,-0.4689131833309366,0.3747033346805014,0.6999398865842412,-0.9446506524302537,0.5086671351799844,1.0358351576882727,0.46935174772282223,-0.39436648806984836,0.4969579126516562,-0.8387953784916192,-0.1945650173947805,0.8034487411527015,-0.4150847641159581,-0.4187442482159765,-0.7368486881190879,-1.0076437507999922,0.34815902365912116,-0.6516161014301693,-0.40074523249893507,-0.03203498508422347,-0.9177192157180238,0.2276822274062303,-0.7686551768658412,0.12233171810497004,0.34470570379843407,-0.7987247114293224,-0.1503064428789835,0.4257840888613819,-0.043041695071446257,-1.0125647048178639,0.102229591287244,0.2997327618109661,0.0004574666721784519,0.8582009055689328,0.12767159746358717,0.8910300723059396,-0.6829357253568298,-0.7202875065706141,0.6823333650433976,-0.28027277429387665,-0.7358268623326808,0.7461187741823334
gracias,-0.20092671760101638,0.44873391321955386,-0.9946283214686935,-0.38786775918332644,-0.777041059919078,-0.7751650733317033,-0.6154982013327083,-0.27222583184060456,-0.3011031604181627,0.09320801094660339,-0.22099923318928674,0.3505728381659509,-0.564377255605146,0.7607895530946865,-0.9878018125931136,0.3412486781660254,-0.2419671610279282,0.17489302668641812,-0.729490323784345,-0.5478695246174761,0.5751625529962712,0.9103443520184659,-0.4113609830134066,0.4284539279232819,0.7173067467256529,0.8214430986284534,-0.8490341971439087,-1.0206885985288163,-0.6888548642601855,0.6973295961406839,-0.8016111961497829,-0.21730513677362018,0.9620778153367348,0.061776776928382786,0.37487442816300975,-0.336174131098495,0.42119720206696043,0.6682464062062632,-1.001983460289081,0.41159014908432845,0.9434196899612304,0.46547069642728073,-0.4337591432215748,0.5613013128460757,-0.7591513382421445,-0.13486211121172414,0.814338947843544,-0.3535723310927965,-0.4073580621295542,-0.7429447328478729,-0.9913633063561647,0.32600949604403306,-0.6192744306474793,-0.49595702454469254,0.020929610497892312,-0.9043693233304526,0.08074655751496458,-0.6181343855353905,0.19460933336382663,0.32916955001620385,-0.8174235887063895,-0.16634370521944247,0.47402992012035905,-0.22704708385913816,-0.8512910461400284,0.1417671331796403,0.29615657518584915,0.01590254317360545,0.8373740496129382,0.1629370239499706,0.8049743318586204,-0.6920680918034064,-0.6669381319474605,0.5773777741879653,-0.30301257924023256,-0.6703538447299465,0.8696940372904999
gracias,-0.1534851062105999,0.424315324508864,-0.9935336453821135,-0.3195626143187081,-0.6874015099176485,-0.8339912317125586,-0.652489468099458,-0.31737116379779107,-0.12462805344712813,0.06846843253040402,-0.16260068841944578,0.3463233222467038,-0.5361463326648669,0.8542267355191246,-0.9226941611325783,0.3450736655460757,-0.16355125360703432,-0.001835682547783976,-0.6819685795952916,-0.5970887010304502,0.6229062398841096,0.9009500417346098,-0.3923744876303689,0.3640939845134695,0.8038594537957285,0.77027533517754,-0.7257785611549543,-0.9003473125834834,-0.7241232938706488,0.7498576921962284,-0.8358900884417206,-0.2675038734808969,0.9957526073066933,0.10148769705703434,0.41041459379591233,-0.3606985549728889,0.30390097692854545,0.645070486816974,-0.9213344065724157,0.4477276284008098,0.8511337120004487,0.4849760083706325,-0.44619989357256656,0.5853368277237125,-0.7571220546689892,-0.07233265703662924,0.8301294964483872,-0.35299513384830555,-0.5003978118679683,-0.7147137650395752,-0.9299391660925588,0.2956929515757699,-0.6518872984340014,-0.5062037875793276,-0.04993075356508802,-0.8556039365907177,0.1175082717994714,-0.7493602761024399,0.14802938697184054,0.4554483367495729,-0.7946789736255007,-0.18085057562870896,0.38330004052043765,-0.10703844422986857,-0.9375516684379878,0.13756822637802835,0.3381141053856528,0.02175725501784974,1.0142345368783408,0.12032810651405601,0.7891195425974167,-0.786672153665725,-0.6738242069716744,0.6992420241016316,-0.12115018695870089,-0.6080941681088342,0.8451361374022696
gracias,-0.1842180394693443,0.3570904982596129,-0.8979775736062205,-0.3718859508288971,-0.7310860636092481,-0.748919966013056,-0.6761178030826582,-0.2885474442027708,-0.21509650825320187,0.10956732500072894,-0.16478964815271646,0.29789260623795777,-0.5873166819034632,0.808678079875659,-0.9466856338968469,0.37969077643625876,-0.21766686954944872,0.1160666172280107,-0.7504516455639614,-0.5664479798250069,0.6030637154641731,0.9710268352556257,-0.318766122373621,0.4192261600946976,0.7664342263067588,0.7393027140821243,-0.8300508827937892,-0.9485449536350269,-0.6775423587060735,0.7375582993213137,-0.8523026110730121,-0.25565167944659517,0.8823719078846155,0.0759995425422421,0.3163453756295722,-0.36818462616429287,0.46801527657871556,0.7204041715573578,-0.8812463698555899,0.5198450237365713,1.0360976689623118,0.4601330722362894,-0.47132902922228886,0.44160164659610335,-0.734240713142601,-0.02719674865719536,0.7895321439188276,-0.42546928857250277,-0.4621424285118506,-0.72081017818957,-0.9050194569942438,0.2705324671857299,-0.5562718414677693,-0.48274026984150487,-0.011183961840988951,-0.8703252096821247,0.1388250890453851,-0.7117221928586688,0.16791731542883653,0.4480325301312764,-0.7743931443379735,-0.16085884747399531,0.3252527294008761,-0.19057044810685242,-0.855159624090867,0.0736776404872193,0.36056586391903456,0.11810381413299881,0.9411198154420675,0.17776799788897296,0.7812543720659806,-0.8527280715103198,-0.7298665516221255,0.5984819526282051,-0.18512801630916406,-0.6769868671148688,0.8389979078202281
gracias,-0.25492593712021305,0.39365059542681285,-0.9759386983252823,-0.3095394731796857,-0.711364487553055,-0.7989322567836983,-0.5798556693970179,-0.349423242723917,-0.18812434937438802,0.040608962690105964,-0.11836974926885982,0.3780091531911056,-0.5761729098378932,0.7171049429109614,-0.9098731956236085,0.44517066641835523,-0.21578598003715638,0.10039170650912713,-0.7076457491011279,-0.5644767112304516,0.5735118230865999,0.7948716369316581,-0.3051921689733131,0.42267053731783527,0.6656309280677434,0.7588348874187169,-0.7515024557840779,-0.849500612611342,-0.613407159736915,0.7474793851608331,-0.7991569613932743,-0.164331040246202,0.9721910494644458,0.022538449621278635,0.34346424515673646,-0.31845500864607335,0.37078378258758926,0.7381747115674362,-0.9969990556606436,0.4975497118729937,0.9316015285707917,0.49669944283085715,-0.5130393627211296,0.5541769858552289,-0.8653606800911219,-0.06951678598862676,0.8530204731741737,-0.4992848397768583,-0.3577550355522739,-0.6150720994424519,-0.9589657649225888,0.3256153528685497,-0.4355272384497296,-0.5348551061706731,-0.0158483580958685,-0.8842937961342431,0.2154925920066469,-0.6885559014320403,0.1536793790171459,0.3519575015224645,-0.8124222333566551,-0.22223439240812057,0.3911915814447244,-0.19985126993921903,-0.9747949717723132,0.13455010124976835,0.3027056642681257,-0.0336286161321485,0.8807765552572496,0.17652865930236877,0.7194804942968153,-0.7084682083512368,-0.7738051839329961,0.7003340178785871,-0.1784483004250961,-0.6892866052716002,0.8177587722762003
gracias,-0.1712043759730332,0.4712885239634807,-1.0010459567945702,-0.4061927950931633,-0.7035697038248792,-0.8455157570242522,-0.6446398735868101,-0.4131681678591547,-0.15777873999604175,0.09257335702280199,-0.20028376339508192,0.46537574986128094,-0.5867446765173459,0.704427694183131,-0.9023879425306247,0.3608374311822676,-0.1456613959915351,0.09609187665892378,-0.6967013366206307,-0.6168849363412972,0.6292862099333655,0.8412759287382631,-0.3948453168304738,0.4707529862290379,0.7144249318220616,0.7590214121330353,-0.852309644182943,-0.9826307403286675,-0.7707531996822748,0.7447556869326456,-0.796513361129817,-0.1604100034168283,0.9085351322036095,0.06848261348855353,0.4348963014784849,-0.37849104728433497,0.34429772650880386,0.6551950695503415,-0.9344561073237776,0.5708899738170974,0.9463149908545305,0.501277998111123,-0.4221941437743917,0.5289297565665358,-0.79252712848407,-0.17749664051529443,0.7287384909992212,-0.3944343828580282,-0.4436430598938417,-0.7298288353823837,-0.9621608331098234,0.3088510634465921,-0.5790064830980988,-0.5305617465062903,0.05269493646074662,-0.9610734270088375,0.13844594743559707,-0.7586564295907421,0.20713213247460827,0.3829451514777872,-0.8212644783254088,-0.12922794710828564,0.3902718450393678,-0.14580923864939632,-0.949159378933699,0.0015519646346478094,0.3329496885415843,0.013835906341880564,0.9205112456043238,0.16911465837085835,0.8170575975374985,-0.8062197182045872,-0.62702545851777,0.606570478167446,-0.1697669775119729,-0.7110961892771158,0.8704176559029349
gracias,-0.23109822877108926,0.46325237879729975,-1.017569954584602,-0.3938753295395421,-0.671589516859269,-0.8769498260234184,-0.6617041637752981,-0.28601233185956626,-0.10155397781132278,0.0707293512736398,-0.13205416529721375,0.365090427300595,-0.49398322079915014,0.6688737894336281,-0.9404937613706797,0.2596578186787014,-0.29071897379258194,0.13225275954739413,-0.7122512330021595,-0.6180388687173525,0.5961794328490857,1.091438123142358,-0.38606040058308605,0.4101514494011319,0.7203100636113826,0.8039749557597248,-0.841823261013225,-0.9424163576707217,-0.569394234260846,0.8151442550180432,-0.7964689999639383,-0.27299534678709403,0.8977285991383754,0.20148194816628834,0.3722211445689613,-0.3138078593851912,0.44509897546079735,0.6801995395875445,-1.005514526905024,0.3785230133007905,1.0119303382434373,0.4555935086185014,-0.43030449327680503,0.5160676399235088,-0.8068098638682261,-0.102526994903137,0.830620685238406,-0.46851281262026173,-0.3646037753892349,-0.7697875950000432,-1.0449895572820682,0.3522198948816087,-0.5750250025485589,-0.4608772095969596,0.051252938744930546,-0.9050973516026322,0.14225422976558758,-0.7617020692500344,0.21963874895096333,0.4087321732457675,-0.8163325287090565,-0.26712175903413654,0.46102092520824456,-0.23302545916899756,-0.929656982576311,0.08971003738482332,0.2677613940087433,-0.044897264796040046,0.7829921328465934,0.20915992864926763,0.7795445183394509,-0.5786870870838584,-0.7711650587800266,0.5687100262476016,-0.23291597454320292,-0.65713487300921,0.8315069938528022
gracias,-0.13533937989472639,0.39171956738488345,-1.0688508362884892,-0.48524559170677584,-0.8176669267626338,-0.8412262614361572,-0.6425285928643193,-0.3404503972880637,-0.14429476167930202,0.13903497848712065,-0.17835112056563548,0.28074294513392084,-0.6194307559397177,0.7262438030860378,-0.9780815617180506,0.3060490751618922,-0.19806354005198643,0.09805257609661533,-0.7510031777503103,-0.5933808963989629,0.6195075731463164,0.8909908970796706,-0.30959837738116264,0.33564211624659746,0.6718882739013098,0.8082522305759472,-0.8707819839811611,-0.9058258599963659,-0.7805225909258887,0.8259078039329797,-0.7696916619318797,-0.23280857744804576,0.8418402041086895,0.14994386515091052,0.34688523272604876,-0.4106779804245053,0.2596992506557032,0.6517124335146681,-0.974809426053404,0.5360632847284093,0.9077682564037657,0.4203169691476483,-0.4165638841323658,0.6288951604643302,-0.8721056044006101,-0.0501372433332026,0.8190680982605322,-0.35818143629890875,-0.42796034090318336,-0.8660567516378421,-0.9688644533752078,0.4106782568133454,-0.6214310689540676,-0.4883049297009202,-0.025660356616872333,-1.0382506037592634,0.23180258975589996,-0.7516116341832384,0.20389784543020845,0.3951816632344519,-0.7324501895263803,-0.1515852182394593,0.3770541018794415,-0.21631721557215872,-0.8602005470387187,-0.021879253366707693,0.3598838114533722,-0.025174013461126514,0.9518036950794586,0.1811750581371206,0.8390100189682724,-0.7209511510162889,-0.8090661602555327,0.5717461192492808,-0.1710268591483637,-0.6609588148981422,0.9140666560573514
gracias,-0.14579226244299343,0.39231389234918324,-1.039574457251342,-0.3901889852101586,-0.8221904216657792,-0.7316507161812551,-0.6053922404257803,-0.2475268160614609,-0.28549524857911857,0.13986172602447666,-0.05003602564202296,0.3043950830246531,-0.5525254107917767,0.7562903700162555,-1.02244650601656,0.36557921894939793,-0.12371023502387864,0.08732332925806097,-0.6609302967967713,-0.6871351921697023,0.5267513300285911,0.9433530212182327,-0.37188237978290073,0.3488165569174229,0.7932580263906709,0.8157580427184921,-0.7870046237137434,-0.9280472553018486,-0.6302101474719451,0.7340024917073266,-0.70061539782957,-0.19841203849599495,1.0210439317739195,0.06807496730050458,0.31497868342250956,-0.30056477046344404,0.37929692478291527,0.7118075487137577,-0.9022306493844867,0.5171864075971863,0.9481101355723487,0.5451169776431413,-0.4390742404984599,0.612851547833398,-0.901234515534289,-0.08186386179769707,0.7852617149289396,-0.3301062213937145,-0.39329495543284776,-0.7279499684709798,-0.9369505845918947,0.307749023235946,-0.4955809334734792,-0.36933816033470235,0.0027919940880873975,-0.8137547313371573,0.11977780105039945,-0.7463985284996287,0.18065731124301462,0.42126377196025727,-0.8150304764065044,-0.14499961484243917,0.4041197895591609,-0.22155679971074746,-0.8741534312352396,0.11496922395709921,0.3361627563190972,0.08741062927970175,0.8283193223067791,0.19650760211057844,0.7482897952559282,-0.7807546596191793,-0.7529938471853724,0.5676795682403354,-0.23204611696598973,-0.6799991213016939,0.896874885108637
gracias,-0.1820139425301371,0.36136770154583653,-0.9427678580405522,-0.43718936141707243,-0.7094242397210053,-0.7929959851153688,-0.6174990563245191,-0.25416956853783074,-0.18251489436902218,0.03456798902185849,-0.052682862493827295,0.38015567396043065,-0.5984625118680404,0.8044311439346694,-0.9327522663076441,0.3608964300037708,-0.040781195335711715,0.10362358547875097,-0.7351141675104023,-0.5979680962296192,0.6550649341301252,0.8611964499292751,-0.47142943825533956,0.3552894678076208,0.6710821566391123,0.7679717596314127,-0.8047865924539797,-0.9664278767118485,-0.7316804897099293,0.7597518649445937,-0.7601791581031413,-0.2425334219157263,0.9567906802163031,0.10719588013295045,0.4314584830087781,-0.3080447272442898,0.4831025515961481,0.6514467413637931,-0.9579448663077235,0.4794667082275337,0.97782102005078,0.5729749765414944,-0.5063627400677231,0.5355061732946983,-0.7246889400194879,-0.053211122303085175,0.7990344238453372,-0.370051603196605,-0.40738853070270087,-0.6649291253133952,-0.9575406045680672,0.40895267157341103,-0.44464317247525087,-0.43900172350317423,-0.014387273149581239,-0.8571525605047903,0.1299711680738319,-0.5871444649121431,0.18761462569136755,0.3858700540305867,-0.8371155925953502,-0.11702701478054145,0.43215968609687716,-0.19650917951689936,-0.8712705148517046,-0.0036349865796196784,0.33683781919323547,0.05241604172045185,0.9745560024595878,0.13456914086755137,0.7428861991356508,-0.769821989753777,-0.788275730514229,0.6816154453069968,-0.127214361277731,-0.653280776868693,0.9160819080763252
gracias,-0.15925807156584024,0.4358934044992779,-1.0164231313179983,-0.41085440430519876,-0.7838782961812255,-0.8021100722820375,-0.6294962727553604,-0.2716105097100107,-0.20178887671672965,0.0694982829282593,-0.20517062269379194,0.37404666263460706,-0.5541836389961571,0.6990679232276978,-0.9408511259201107,0.35258716793327866,-0.20129363444665926,0.0879868416461033,-0.7076955803712217,-0.6604680727448735,0.6189853231135429,0.891755432755835,-0.3200089590298535,0.5015366186080432,0.7097404645069856,0.8159237201264283,-0.8662486725045452,-0.8698427248443458,-0.7236020813251229,0.7803143447802119,-0.8469557806783674,-0.16813397944481412,0.8642277965436385,0.10744809349082182,0.34190521017896736,-0.34137052502128273,0.3557969539500507,0.6635277252048026,-0.9560356499416099,0.4621973963069925,0.9882405334900338,0.5728480369773994,-0.4780167551628254,0.6371491640666693,-0.7186431051703267,-0.14502069709959187,0.7444382759316636,-0.39767365824405276,-0.45181969896564617,-0.6465126948052945,-0.9595257072344142,0.31756109547802297,-0.6341017435504674,-0.41441143330100605,-0.045412880143532744,-0.8910834697928178,0.19602534823965018,-0.7307557677849212,0.17631463236956046,0.3986882995507363,-0.7611649167685437,-0.14235080758534707,0.3777946288927488,-0.1684590078713688,-0.9186820326840001,-0.002087808514949094,0.3404693333094841,0.12438781215827052,0.8450035549470735,0.1344585955238507,0.7632674419935799,-0.6888210027713688,-0.6990230327886608,0.6068556927982248,-0.2505472791108811,-0.6646727661841383,0.7767860544252776
gracias,-0.15878466225197735,0.4842252061887129,-1.0623312071969941,-0.47196076857780367,-0.627516323781031,-0.8459107924376337,-0.5706821849474671,-0.3165784291737961,-0.2145627923857265,0.09955410298154616,-0.20581091403073243,0.3770638579683013,-0.6101699712781697,0.6902102006116393,-0.9283507098678278,0.32776963001290865,-0.17324163668798145,0.05687160972079542,-0.6396561044213922,-0.5599613125109366,0.6496969315596722,0.921250916316711,-0.4596107881566853,0.4822911004631037,0.7497234291917833,0.7517733372066919,-0.8090714985362885,-0.8635343941340704,-0.6614916886751355,0.820213765255795,-0.7491563354080564,-0.2116038093599986,0.8820895550180301,0.11420742811002252,0.2481235997104248,-0.37644152264612357,0.30146029528193374,0.6454236537230695,-0.9783644497630766,0.4823764109945595,0.950109115207359,0.44147412627823807,-0.32451645253025535,0.6719317571110446,-0.8516512778575301,-0.025107110083011308,0.7972177316625485,-0.4063123295860555,-0.4276130208221483,-0.7729302878261429,-0.9120734670790985,0.3639653924086148,-0.600571339160844,-0.5341361534455712,-0.061533432125279446,-0.975343915545944,0.14884638840478462,-0.7663761298025995,0.16533304818064143,0.46802181272238086,-0.735366163698269,-0.17350186906599427,0.38444607914833273,-0.0776477334751443,-0.8740552760898901,0.055402488837197006,0.256288384583555,0.04947188502485429,0.9306557006107697,0.14152750477830364,0.8213639683326686,-0.7432292564532764,-0.7306489254584331,0.49039147454093107,-0.2157353962147396,-0.6208231406457317,0.8234470330137399
gracias,-0.16332967218408617,0.4028514515497202,-0.9817491665506716,-0.40616101461312915,-0.7534502953998743,-0.748695237079148,-0.5810329765680474,-0.33912388411031325,-0.18157563606777125,0.10450406814773293,-0.12949590944285158,0.2857262059937651,-0.5407651734853337,0.7277499246356043,-0.963116210276211,0.4728291079698145,-0.15029672622969548,0.09806353311914454,-0.8294908414473278,-0.5343088151329246,0.5342286538106432,0.8863512062638199,-0.3897192586359068,0.4554658209236428,0.7914403039253646,0.7813214515156817,-0.8144969740785031,-0.9519097181777906,-0.6533564763925946,0.7599518440977331,-0.7548678375498321,-0.10942584386794818,0.9404779294112862,0.04821319206872903,0.42084534262045303,-0.3735671612980264,0.3189061369275107,0.6490869541991989,-0.9591970961224001,0.5457994190731722,0.9685457692051318,0.4358713731976985,-0.4362749317063487,0.5842314589058046,-0.7842561053995782,-0.05821937185046816,0.868137168190686,-0.4424822468717243,-0.4552564957297497,-0.7919527913112183,-0.926325300745382,0.43011207129666773,-0.592497864395328,-0.48097820949179726,0.05648544640562539,-0.8679970171050888,0.1700469962240789,-0.766088675487066,0.21254747727053944,0.3530599030163744,-0.8520321516410962,-0.18922660319919898,0.3595106792830557,-0.18272144566544668,-0.9721421638340716,0.11973362715440677,0.3839736051653991,-0.06758889959042359,0.9381124022649542,0.13258364951290452,0.8496526074249063,-0.7284729163408458,-0.720008527294433,0.6055276949479866,-0.14403986581725853,-0.7312710063923858,0.8854091777288182
gracias,-0.11088948235037448,0.47646599091133673,-0.8835363046491393,-0.4217821928725554,-0.6586229772360973,-0.8206273422294754,-0.5658092734270247,-0.309262995699973,-0.2258588406317836,0.14293707820029533,-0.1861890681443569,0.2998027128484912,-0.6169378446956566,0.7871865201113175,-0.875622876024793,0.3464914891216301,-0.09948054190404479,0.04947091081762363,-0.7413892960504276,-0.6182257776879475,0.5957611659774473,0.9407278708513048,-0.3386060958119047,0.3624048894301036,0.759729738939733,0.786957182491492,-0.8762060724550017,-0.927573767988307,-0.6675221373657181,0.748030978608674,-0.8017183595048273,-0.15400107295922635,0.8941643013456374,0.1299663066445974,0.32528019644079587,-0.4050172434113689,0.5120000365743451,0.6173517760452844,-1.0311111790471044,0.5370124671399958,0.8738661851242957,0.48456761326105685,-0.33182076961736523,0.501311860795307,-0.8926462111316517,-0.17917200774607459,0.8621089846035404,-0.35653286725335037,-0.450078762676228,-0.7057822355633913,-0.8917533178838064,0.4470383866012732,-0.5890605320588743,-0.5839802671390469,-0.05789762755980776,-0.9146151195126021,0.1352882711551066,-0.7159358202388156,0.23455580370310194,0.4632381413762414,-0.8039148250405875,-0.11696378055827243,0.40668338378704466,-0.1684161623030661,-0.8547658742523275,0.07540541424291894,0.43047984929446576,-0.04214233422311084,0.8634309670270258,0.16678413615628832,0.8287764650986665,-0.6616525673523705,-0.7226672338602907,0.5436710949437372,-0.16252063120618263,-0.6315436674590362,0.7579242278230975
gracias,-0.16614619727839197,0.3611418953503013,-1.0330038052404134,-0.4404753010844604,-0.6660249834536747,-0.8094813017537952,-0.6917591272824596,-0.2648752477660374,-0.27815534273508086,0.09413915753026107,-0.2023115046579882,0.352155146666993,-0.5658819631350459,0.7823073427348672,-0.8783763599263497,0.3368223353732318,-0.15006785211757903,0.09549279077128708,-0.7101266286783926,-0.5818227194298168,0.5965736449783545,0.8463356272341702,-0.35657809886496955,0.402873305206401,0.718769630774679,0.7249939752040689,-0.7561176197352459,-0.8973181579895152,-0.6717932124169477,0.699433362701452,-0.8443970737549671,-0.09265523015058409,0.9226621573444062,0.03880121659599882,0.4092386894621795,-0.4096886473601903,0.44804400687718626,0.7368913705395821,-0.9867521488717552,0.46885511753839193,0.8468155178783754,0.42225227018211037,-0.5060855046190774,0.5853181739523463,-0.8098596720667839,-0.17147972201895173,0.8031328040629633,-0.38750484587027356,-0.39805735533152314,-0.8349263698063887,-0.9676792582835974,0.28850402703120137,-0.5316573331428682,-0.42969936043787266,-0.061755042755546344,-0.9315771698858593,0.12517185845911077,-0.8191825199249467,0.19540948247859732,0.3858744927248558,-0.7468223882159554,-0.226808485258991,0.3578441680429936,-0.24696772384815047,-0.9503076102825383,0.0126937120276122,0.3773879743818999,-0.0051348683209524945,0.8953982962188574,0.1540719108108956,0.7433305672751264,-0.7334656128661071,-0.6914921389053031,0.55439460779188,-0.1641906864923639,-0.7117776518400193,0.8308679644884258
gracias,-0.1394218344443496,0.4074771790233418,-0.997892507398517,-0.4110693961757251,-0.700019818030583,-0.9343597657385793,-0.7189636680050624,-0.2780801956115626,-0.15460598125620761,0.032109132830137825,-0.17381238880196712,0.38517496343863405,-0.5564346204540299,0.6548510091983484,-0.9895268259530665,0.3243060513643107,-0.13023338540394358,0.24230118107757806,-0.7306264091500183,-0.6741458949354419,0.6216025412111382,1.0025729409158306,-0.3677509376325393,0.3393128040809135,0.8006780016660776,0.8223906079326164,-0.8812156194702254,-0.9028191526575182,-0.6104758824879186,0.8153795089867709,-0.8066287810993726,-0.17568872229886162,0.977142751405067,0.00582254479698989,0.40568319244699697,-0.43747006935609556,0.42627066897614746,0.6563490680141878,-0.8999942835292429,0.5248592677077113,0.9165611663098929,0.567562695363541,-0.36154975254980315,0.6226729815329378,-0.8316273800965269,-0.11951364536606011,0.8244623670564791,-0.44795722321921266,-0.3398319942041423,-0.7327265321771428,-1.0964334866147738,0.37463885651759293,-0.5941516378407475,-0.47265300906146995,-0.0352846497286084,-0.8529225889355049,0.2042195999116952,-0.692390192075447,0.16164551444966052,0.39744985980140385,-0.7943511615154669,-0.21200952635410522,0.41774674788405197,-0.1486393447531714,-0.823071020118992,0.1345603008454469,0.29330554456007113,0.07079314284206537,0.841641842826903,0.20790668605102833,0.7809731206377616,-0.7762132528763042,-0.7074450383636127,0.48105422101134054,-0.29219510474919425,-0.6781661999548486,0.8591392491238099
gracias,-0.18442192910276145,0.36167717194843624,-1.0406658424722355,-0.37577438837445076,-0.6773991298343558,-0.8161339663422015,-0.5696378881928088,-0.2890086947409428,-0.24383783423657074,0.06360836533613302,-0.23175427905380314,0.36503205127394817,-0.5354904695758982,0.7904993770174392,-0.8751243473081916,0.3257907581668548,-0.09808540554003317,0.10771444556910482,-0.6456468686810377,-0.6048898592023486,0.6368507060412871,1.0102787696542879,-0.3828230251105746,0.3955646807158369,0.8172214758523917,0.7825631688111915,-0.8959561913857522,-0.8147400808049898,-0.683827384087719,0.7642228094057034,-0.7455059988613435,-0.18820944517645577,0.8653856646398974,0.0790174347847758,0.2941004080053272,-0.3833640418312701,0.3852537885789376,0.6557537489534876,-1.0405959924709038,0.5799975277001356,0.9828990855104482,0.5678889146477658,-0.45211382838021186,0.5345580578184388,-0.7800889408319579,-0.11500230396460065,0.7583029332866232,-0.33928249031326624,-0.4555628339720023,-0.831956175003223,-0.8948577815615392,0.33245616508915077,-0.6071349626306631,-0.5571760606070463,0.07019339289052612,-0.9577489391263236,0.15115768501930865,-0.6609118340613577,0.19969692045672333,0.3965340044422528,-0.8804144352587191,-0.21237426614922755,0.3981903323576163,-0.21100016444554454,-0.8899251091078872,0.10587998227178025,0.3757144347295827,-0.031530743774017045,0.9990218147305744,0.21148404823169237,0.8067181228923138,-0.6705737625536929,-0.6031769168984842,0.5428465723662041,-0.21590945815350052,-0.7882131887598008,0.864649737424469
gracias,-0.14768627849859495,0.43869088111217824,-1.0324979289152256,-0.49781058054573674,-0.6878115341951855,-0.7425510862666381,-0.6570305000313298,-0.28687554946274724,-0.28487226720966263,0.10049412119133959,-0.18128008608064325,0.3323181032633733,-0.6291136825977717,0.7365542936802403,-0.9261031478195209,0.2753268602970286,-0.1852461618441387,0.11530606799154593,-0.7741780840361254,-0.5139637617464916,0.5588143633480063,0.9030513057571206,-0.4220670411726392,0.47456923569553405,0.7804235660220507,0.7423837266955126,-0.7745999993174457,-0.9118554988197913,-0.6474764898152872,0.7390611464212037,-0.8407771316817485,-0.14089644503716559,0.8885246988012243,0.15716835142478938,0.3202896726387915,-0.29216089934512685,0.36743591292327726,0.6842056304958011,-0.9217655569801446,0.46877616513971315,1.0209345970479213,0.3609541159906199,-0.4751114925322866,0.5323555165359237,-0.856223287463304,-0.11496068955213723,0.8364785045952758,-0.37763870332767574,-0.41240548496728213,-0.773227529008122,-0.9428152623681475,0.36388535062232447,-0.5299409596030811,-0.43005984610897174,-0.015329860743291977,-0.938137560073902,0.11558770319242209,-0.7340323181702814,0.1628477571107557,0.41291924142135,-0.7595724228379453,-0.17444395901163226,0.3896065548505138,-0.1644761456961945,-0.9258883477644427,0.025523198948875343,0.23981739557404214,-0.004979243787226494,0.912846784645016,0.13796450910200747,0.79491347870447,-0.7017290273369091,-0.6954128306773495,0.5608059348107457,-0.1547933582062508,-0.6129241012983602,0.7985246679311399
gracias,-0.2071478340769097,0.5002035210416258,-1.0071139264280753,-0.506323752108913,-0.7764722936024082,-0.8277912917210285,-0.6856317097588883,-0.3295497344457266,-0.2048452408544812,0.15074619820845034,-0.17613366700479985,0.42406609077215696,-0.5196574924351266,0.8279503562494946,-0.9309870839348693,0.24277056296485572,-0.1423491519955528,0.16979965128218036,-0.7232794780813033,-0.51656782832648,0.6444808154244462,0.9649368202964342,-0.31883260812122244,0.4013137239016721,0.6281377796223089,0.7642563794341763,-0.7700531758980516,-0.9622700005391501,-0.6715127861327091,0.7040431911636728,-0.7141102025738113,-0.07371012711899488,0.8715856155439674,0.07369546996548834,0.34972952551274433,-0.3382215060363052,0.39848600922528377,0.7098366223754091,-0.9468275229262221,0.6470589402093584,0.9263259895624525,0.4108011410378531,-0.4587665259062627,0.5001592436249637,-0.8681711003450155,-0.154278680358088,0.7710815609146098,-0.460502608350144,-0.39853837530503194,-0.7652523088177114,-0.9702418130030298,0.40238270460482867,-0.6150598942389532,-0.4821339761907837,0.0014343178653223564,-0.9903532997968503,0.028989935536497022,-0.6892369837484935,0.20321178783491342,0.5027277267844829,-0.7874263985510078,-0.13090103849795862,0.3790266832761915,-0.1567800998669404,-0.816730240020349,-0.03440682907525863,0.34827010331816166,0.13655756062048544,0.9032912229420937,0.25563872916562824,0.7753432230992948,-0.7266529664157106,-0.7197710703790535,0.503903023451109,-0.2630552174214429,-0.7241353597353337,0.8961204646936942
gracias,-0.12234833531064924,0.45685080901964287,-0.958566105522525,-0.40354232537240914,-0.6463916348887968,-0.8148833883308008,-0.6245863748733204,-0.3221581775770251,-0.17224252765683873,0.05657352717606823,-0.11278940233350698,0.31383154375771866,-0.6460413132733749,0.790606210538216,-0.9496520243332983,0.31824044954914804,-0.12088750864197306,0.0870165861871991,-0.7292361855245509,-0.5338356243266844,0.6784462546416059,1.0151430619523114,-0.3872579325282099,0.4461803765878517,0.7053306632036427,0.7438681832715915,-0.9474343698916623,-0.8382470234393088,-0.7035381533246661,0.7499583778714732,-0.848822549430314,-0.12302648757338863,0.8969973772651368,0.0010897254243866783,0.40583735611024974,-0.44065523922838556,0.3311315690973928,0.5639068880634418,-1.0346213509214968,0.5092150883759589,0.8794953759078432,0.42227402252859303,-0.43923046167783003,0.5513783120983244,-0.6939461550467505,-0.01251812034697089,0.7737948830486334,-0.38491482233246693,-0.38698519498332995,-0.7698167986646648,-1.036043161084316,0.357056143414379,-0.5853860517405874,-0.4906949061040785,0.005262161968900843,-0.9308113901161191,0.09063533360506898,-0.7010887016708881,0.19790957843501228,0.34068447284685965,-0.7489266117947943,-0.2604120812496673,0.35989464251970804,-0.18454188775607516,-0.9319042677404221,0.04353978815346353,0.4211430145549833,-0.01276598033532781,1.0112505981052224,0.19496641999053843,0.8114065874413666,-0.7012385740381416,-0.5949509180358853,0.5651029272224752,-0.2606672219757523,-0.7070349155947305,0.8566243181402958
gracias,-0.2522445468354807,0.4417659488502466,-0.9150938936946267,-0.3877644852050816,-0.7211224913145378,-0.8462308328965857,-0.5825539920170799,-0.3501701845758069,-0.11414525550869772,0.17430145539243175,-0.148773431260321,0.36986324638968676,-0.5395625101248872,0.8109747978932571,-0.9855244001571184,0.31460726369996933,-0.23150776699991082,0.13783290380820618,-0.6858947286366879,-0.6712933037233061,0.5787291921102654,0.8691604555597277,-0.4180916341937062,0.41219608434994315,0.7161042012581627,0.7741720292060797,-0.91127716365781,-0.912540923048002,-0.6625528268630947,0.7198370443571681,-0.8127570472180236,-0.14877000596472345,0.8750356528555366,-0.00748255725405482,0.47403294953528746,-0.40063237322338774,0.36816385020382286,0.7197933305457616,-0.7869706859330922,0.4380643073954916,1.000213538499315,0.4609536944949735,-0.4660515311000252,0.5425480558526375,-0.8498307352347452,-0.10627751573742274,0.7434658718337793,-0.3654313249270475,-0.4216991760256338,-0.7188211071183727,-0.984575514856717,0.3393108691691945,-0.5623655727415156,-0.5271092128758389,-0.03475320315999021,-0.936255585459762,0.10370677045447543,-0.8120347622196618,0.24557740328056848,0.3651897823841739,-0.7371623395861708,-0.11844840829114875,0.3245003301296655,-0.226062022729837,-0.7720679341400415,0.15933910892738035,0.32601336477317244,0.042646879437484596,0.8576471918342672,0.19472771671400285,0.7709447355396434,-0.8266682799224442,-0.7875250948240354,0.6158372148115769,-0.2611996878040622,-0.6726554790118112,0.8012841088204247
gracias,-0.2050736867199517,0.4833072522049758,-0.987397222983305,-0.3958180758019878,-0.6625400197122413,-0.791292380795037,-0.5551514126820898,-0.3318715090296615,-0.22794680046503557,0.012578004687146621,-0.18306000706203138,0.4186774955086413,-0.5260961319238584,0.8042501311862242,-1.0349344069316195,0.39509228098984117,-0.2573163264293496,0.16228552309762068,-0.7376153491380852,-0.5686703561335497,0.534866719956345,0.9950815330741024,-0.44640038098675877,0.35122248579596926,0.7028735732036249,0.7014990843665697,-0.8251851988810207,-0.8315859776423872,-0.5269938997548618,0.7611427962131386,-0.7474722685805237,-0.1461800180934688,0.9407232200394146,0.0492231373896722,0.39350807417207684,-0.34209480275755266,0.34407886891935074,0.6653766288000964,-0.9663449512614908,0.5416087957564611,0.9244205692316054,0.49375419832929623,-0.34351174241855476,0.6367616645322739,-0.7260890344002807,-0.10299135563928796,0.8332408843704923,-0.36265989491749473,-0.346436546350756,-0.837523001407589,-1.027038149611898,0.42314327094991433,-0.5905882357883221,-0.5024927207184514,-0.07956173078910361,-0.9210257448430447,0.0781167468128349,-0.6019881365517559,0.17748927120753982,0.39661919295372644,-0.7659273085859567,-0.12377076589753488,0.4360947232832222,-0.11796036375081612,-0.9316353596473685,0.05689947158318009,0.36604087321169143,0.0034087710346361252,0.8889341803802654,0.19304826922522655,0.8460630846912858,-0.813934639826035,-0.6857100230040356,0.6030963745264614,-0.1692734404857138,-0.630445021148393,0.9354129138480257
gracias,-0.09828330821379185,0.507977570014831,-0.9275877344069983,-0.38076590549552314,-0.7048789640139319,-0.7716819563034877,-0.590875529673007,-0.3243318577508175,-0.18622388109824672,0.07587864466748417,-0.2043076166164132,0.4349620378623365,-0.5883355384104607,0.8586702856668333,-1.0264994271141392,0.31309608171463615,-0.1637584534312025,0.174248711772949,-0.6992526541794232,-0.5882733841212049,0.545125947723366,0.8786760815773215,-0.35702641066701907,0.3164399316477102,0.7261844170776102,0.8142591934619875,-0.879027790874283,-0.8416226354161449,-0.5991423436589677,0.6777140069419112,-0.8499248944929991,-0.27207361221464316,0.8766494921735972,0.10464999377465412,0.36305948078720385,-0.3459288758070757,0.2968851394490801,0.7091501065238411,-0.9911789067080339,0.5008971140040802,0.9730784527433368,0.4327538827150646,-0.49676623245817875,0.6269483803531484,-0.7735983789696311,-0.05171049557051833,0.833423917961317,-0.40562217151218016,-0.5107498537606409,-0.7534611906015032,-0.9626353002795931,0.45532642579341065,-0.5423959363949481,-0.39210362217007116,0.013023203855412991,-0.9288400711133132,0.15409142179151872,-0.694731667875168,0.1316532953180344,0.3802973512122163,-0.8056194920282069,-0.09160703273260745,0.2847632891859413,-0.11135053991039254,-0.9469328438557948,0.0031888524675424412,0.3865863969415008,0.06637312757833619,0.9519154471006861,0.21314517838126468,0.9097960806626371,-0.6971143998603007,-0.7292711743046408,0.6319288962851147,-0.14247286961163466,-0.7082603720291403,0.8224227316654987
gracias,-0.18140399132474738,0.3354198469460496,-0.9928673299444328,-0.4896412899338718,-0.7038352527191429,-0.7720583226556419,-0.65132340027685,-0.22502275240456096,-0.2794900965095845,0.13719650208830553,-0.12785411837306435,0.28463733837798455,-0.4555557855849385,0.7530476085066925,-0.9890990147119293,0.2705806606176036,-0.17639129664872977,0.11100931327200533,-0.7140938463825492,-0.6186868296414404,0.633150402856828,0.9171416598056328,-0.46989984954353786,0.3771771565561461,0.6344044219234127,0.8069018585522642,-0.878876588774576,-0.9137224157884453,-0.594635411794632,0.7088475720954263,-0.7502435194082939,-0.17945422832420332,1.0034388004042831,0.04807293928612348,0.34172957862561215,-0.33460681546810966,0.35121236888198554,0.6271788680882954,-0.987315437846806,0.4980583032807849,1.044831184375232,0.3996269214866999,-0.4379579829236686,0.6098038366356792,-0.7838755580951261,-0.03871968917651296,0.8134737396982649,-0.42199927536193826,-0.39483284547663533,-0.7349771650158772,-0.9807865211734295,0.3834782678591009,-0.6093701826607142,-0.4994655388565139,-0.043253382527604106,-0.8256214517575189,-0.012815606815259534,-0.6867629084502326,0.1803246645165796,0.3154731970799563,-0.7798448033875482,-0.14810042476928675,0.4182822770233602,-0.3042328640984422,-0.8317736115151038,0.03490597659678111,0.36191767777723644,0.06683191315073142,0.845354657700662,0.20613307862156335,0.7875291685301491,-0.8286194506744329,-0.663060209222094,0.5760303292682356,-0.24737099916583555,-0.6894448991679706,0.8686289970584372
gracias,-0.1688195111359571,0.4680523331196747,-1.066745718691743,-0.4324541732578572,-0.7122880719818506,-0.7204284458294691,-0.6331702041653461,-0.25461743273082293,-0.20453729309944424,0.05345053613483547,-0.17394719239913242,0.36201801519207494,-0.5609132135889282,0.8249654361607186,-0.9272407712198316,0.40028890429389224,-0.21362988214723033,0.09664813145080178,-0.7554412495199158,-0.5880747922864998,0.5835412180921027,0.9730117982905049,-0.4197017292631364,0.38679678000469225,0.7871212001426894,0.6859481882556642,-0.723830011893934,-0.936048027778229,-0.7615911565546709,0.7641897017876655,-0.8016341589352423,-0.16187946896852032,0.9653386159473372,0.10370281851738694,0.39864803745213895,-0.34646095629054174,0.367783932891263,0.7580258862567483,-1.0373832462295047,0.5072712136007298,0.9809734093724284,0.5369953290629085,-0.4813047097424346,0.4913750267831502,-0.7857068360398063,-0.09015142303725945,0.8916709766585735,-0.47628980556889533,-0.3667146344914665,-0.6215721375620886,-0.9801543286355298,0.2931239549051207,-0.5970924863185505,-0.46820643288697855,0.011335712311022313,-0.9228446462577417,0.22599513769139323,-0.7622694659387828,0.09165081619792848,0.4548522412562282,-0.9090621939046584,-0.18209451280449918,0.5446843719158926,-0.17224363859419128,-0.9561314646426382,0.06892293864168346,0.32504925100860094,0.03781072113427295,0.9223026610896077,0.12115452258559888,0.8911812333376067,-0.712794877488894,-0.6851076031783927,0.5833751074312655,-0.14032721917915617,-0.6821442262067877,0.8688947864667443
gracias,-0.21261129445420746,0.39080240556420986,-0.9653609850426661,-0.41751519624668976,-0.7491793727409928,-0.8474819775637559,-0.5925319236587872,-0.34033043897408505,-0.21234779811876833,0.07838485552106875,-0.25747841549392536,0.29688268052484307,-0.574281606074587,0.719383404724256,-0.8923885680401268,0.38927537556933167,-0.12943196194797418,0.20836824625713318,-0.7233805891966916,-0.5713529255350505,0.5722690885212718,1.0591416470822312,-0.27396996105971333,0.38523925306451773,0.7721076160873362,0.8571782069759349,-0.8372685525011495,-0.9547216370742205,-0.6166396733205181,0.7602069691630098,-0.7941566098516368,-0.19949831714329394,0.8298954528828341,0.0781376904399892,0.4290023299756567,-0.3802590754416762,0.4448233313411107,0.6340555275239685,-1.0161586680599124,0.4969271145301284,0.9735925490454249,0.5348297453264399,-0.4778601570743889,0.646963368743722,-0.6952021387193033,-0.10617014899660676,0.879676527195407,-0.465596556783904,-0.3706882457682067,-0.6875790353354715,-0.9180942202499119,0.3568929114362672,-0.7244562150619835,-0.500993038438154,-0.048149482323553525,-0.9421876566688631,0.15434736121137946,-0.7274910224644414,0.13738047331831738,0.3465767126294713,-0.8311067916186098,-0.11581306376836695,0.3557490627241155,-0.1973883962678583,-0.922927962858988,0.08874248752149413,0.3504017648660043,-0.122454602845541,0.940271272673007,0.24492848271617354,0.7542945037076835,-0.7736655039442667,-0.7439599748873965,0.5769823764462174,-0.19344998233160252,-0.7666178700840777,0.7991207803902308
gracias,-0.08899613058610661,0.39423798851691527,-0.937599836460164,-0.3775679449568136,-0.7969516040951868,-0.7835563507015941,-0.6333629423543009,-0.33165189872639156,-0.19421719688005992,0.1013651422850535,-0.1262313800946794,0.4293516431709191,-0.5706887048980473,0.6874531683425728,-0.9689070864867072,0.4880874371202355,-0.12916584224665967,0.23584402193207815,-0.6494544186995732,-0.591706918252455,0.6165594908401292,0.9346941494449528,-0.4600418744738393,0.38554759396203936,0.8133120322191865,0.7592313272666344,-0.8093139273073537,-0.8793108812395753,-0.7058231828364859,0.733719863641643,-0.8542019068577578,-0.198893030324366,0.8513987961183508,0.021308146877132804,0.45472701194083864,-0.41474258944238873,0.37932481631620185,0.6441079061111981,-0.9044801484597694,0.5658467447201158,1.0209256769199369,0.5116380364148165,-0.45066499271323457,0.5189649216934146,-0.6963715427886061,-0.14219659853581734,0.8503733235378332,-0.3597934246214711,-0.452213347672569,-0.6880422293976466,-0.9230554240924631,0.4440692576488702,-0.6002110913212175,-0.5331998821195333,-0.04212816921154898,-0.8828322326391227,0.15114584733827896,-0.7262147450021073,0.08315120085770633,0.4230408698483177,-0.6967139183902383,-0.1486754624547132,0.4192570914081659,-0.14301919563843962,-0.8802407486137057,0.1183761101744279,0.3473579744988609,0.014144365633953326,0.849390066481189,0.16066139823995207,0.8225103053983003,-0.7408547397636737,-0.7057303713419114,0.6367400841040685,-0.16298735446542376,-0.6051518573241854,0.8589175317160107
gracias,-0.23134481885223504,0.4233937820433567,-0.9975681219949802,-0.48712329254517495,-0.6370549923606498,-0.8082039148368811,-0.608411935515644,-0.24060222278759122,-0.23797219304577746,0.10633556455091539,-0.1671041773485072,0.36123465744272304,-0.6297051199271841,0.8395150334662171,-0.9639998156079262,0.3759082327015896,-0.2591407646393429,0.17637908337599265,-0.6666155650116795,-0.5989253163153773,0.5901420140441771,0.9565231517194733,-0.2587121106374999,0.2964833963934539,0.791879673970783,0.7436324618999995,-0.8309074970754308,-0.9342844394881684,-0.68175507376075,0.7557617504061898,-0.8600148895977894,-0.10632572818349731,0.8260718847410738,0.09331879558745125,0.3674274352742182,-0.4275149826782468,0.3831210238931021,0.591403789459422,-0.9614377542256346,0.4291447844993572,1.000785782028881,0.45011344207816,-0.4616617167226551,0.5932561263001351,-0.8321750924368277,-0.1071111476316048,0.7414994811239484,-0.3812279230728332,-0.33620363254976393,-0.6003324123679465,-0.9567076769260839,0.39708127291964124,-0.6657750516452564,-0.39376996494026817,0.02195774379688189,-0.9174715820134008,0.21009425099847662,-0.7192666540206468,0.15570981465584066,0.4232834663132369,-0.8484988673358642,-0.12080678614086596,0.33600082485914806,-0.224144200437354,-0.9455775715282424,0.10976781370682925,0.29675052236359223,-0.03762156510174132,0.8589055119848368,0.1715079624699615,0.7477552063925477,-0.7826346471592421,-0.6158824887935037,0.5717543072283533,-0.22079844446758318,-0.6876534558060987,0.8339493204035457
gracias,-0.13488865359639687,0.4880561344079187,-1.01506897194189,-0.4571587690659379,-0.6427662069733288,-0.8200898650222386,-0.5409634865017998,-0.4211578407921627,-0.19669489047449412,0.1735637847005243,-0.1792741779653183,0.3591643296267872,-0.5763199159574482,0.728295081837643,-0.9608284102067843,0.3240442656472343,-0.19676143198706472,0.17882248440153128,-0.6961722211947107,-0.5912656102250773,0.6419176876955792,0.9233053597786217,-0.41186183459915937,0.3545140161079003,0.752867456647307,0.7362527415890495,-0.854924628089778,-0.947696265627807,-0.5541113493794115,0.6175942598621305,-0.8122873184041814,-0.07150006034915712,0.9218712835076266,0.1040014436170888,0.3887455436559351,-0.40233540704869813,0.26090605863772165,0.6795241281465609,-1.002203775541736,0.4602718595816698,0.9527728150140339,0.5835743790908534,-0.318870138758491,0.5894190537793971,-0.8167863480403024,-0.1630742685207502,0.8406180142634946,-0.3236264232493838,-0.43681634217856036,-0.8588926578011059,-0.9277636006686296,0.40694105145228443,-0.6560360500191743,-0.46008247207239994,0.0057076193674815215,-0.8969302748662862,0.10869666502975846,-0.6557459890102019,0.15844208650813435,0.32525741190686575,-0.8978048666278324,-0.10884554836089788,0.4196335142790461,-0.16724278358973627,-0.9221068139503659,0.0453428911208668,0.27380245801749703,0.008205441888622881,0.7831851512256179,0.13630689833056012,0.7912569547582123,-0.694556589348004,-0.7234436286671511,0.6545287331128256,-0.13718957077326138,-0.6163831010749293,0.8785426531609957
gracias,-0.1653628566358128,0.39160958646363825,-0.9627740477963445,-0.311347485625244,-0.689382916383253,-0.7194598530410983,-0.7037581626477124,-0.3665867151528816,-0.163704976151247,0.09084797851437644,-0.09592186236482,0.369665418757182,-0.6344942716633817,0.7455552106716387,-1.0218590121503344,0.28450548670195275,-0.11676819536984555,0.16101902761498382,-0.7010759085692286,-0.6898508978782659,0.5835689585754289,0.8752731570057926,-0.314324980992126,0.3554591246604981,0.6984909190529991,0.7907031352637659,-0.8619193001021748,-0.8477032380240499,-0.6970797057475717,0.6863235938975947,-0.9109520081217756,-0.15932407511056643,0.8876825546081075,-0.005114660379552202,0.443215550963736,-0.335606480616412,0.3715909614163058,0.7374676560032891,-0.9302966436416857,0.45914583481401333,0.9257611696134511,0.5372303859823718,-0.4192936680478221,0.5870460453015102,-0.8358728769881614,-0.07381556929790198,0.7794160620294937,-0.4178710359823249,-0.3521021155079535,-0.772984567553952,-1.0399155471130488,0.3050437062862764,-0.5270288266655008,-0.4561701243865371,-0.0232975503737611,-0.9187296000314177,0.17250320636168565,-0.7489980927378909,0.19389435223869828,0.3629539916012145,-0.840214111608101,-0.20376239610211394,0.3700299431312921,-0.17408295274287985,-0.88832029235227,-0.11262545274039906,0.28720676255223937,0.01019972524881516,0.9644426139120432,0.11910995058487922,0.8149436614807626,-0.650299076220733,-0.7870957319958466,0.6344813387122678,-0.24475991772565886,-0.6945232928805962,0.814861619094402
gracias,-0.2025488560156463,0.5767445942796409,-0.957548456761727,-0.34024796164701,-0.681888544023949,-0.8956356498825023,-0.6077316787284929,-0.2552320651885372,-0.2491350252406157,0.12589980136477022,-0.12639416070070644,0.4630410030342025,-0.6119846511626461,0.7013543236681045,-0.9633062190727749,0.41271357001498565,-0.25681068930784423,0.013960871119951701,-0.7147563588629517,-0.6259264864689502,0.6018755320098576,0.9837887400005884,-0.4007801109874569,0.2909949397920971,0.8550023824520738,0.7393519126357558,-0.882863433361049,-0.8667044328481055,-0.6795636169229381,0.7531155142570858,-0.779166826130884,-0.10360559483439588,0.8991060256419152,0.1423281702417491,0.27696423546420645,-0.3309793761402202,0.33102547746228445,0.7378649096251454,-0.9563212213700891,0.4666433632894649,1.010864232464071,0.5409907261200414,-0.4070173097282577,0.527073844921324,-0.8177488430258202,-0.10441658950426141,0.8151280235536881,-0.3752844294807236,-0.525194384452633,-0.7232265030357695,-0.9757651519812378,0.3157460350605843,-0.6138681068883619,-0.4796335644814458,-0.19690793666229933,-0.9283393883054167,0.10444446975171148,-0.6799036897222485,0.13833473968104246,0.38876103003333784,-0.7182173109612833,-0.1221704483700922,0.43391388545266285,-0.19663508246673728,-0.8729414681433431,0.06009792180834345,0.31778462990573075,0.05026249130394461,0.85933983256058,0.247760236226146,0.7987973235958701,-0.6941325633945417,-0.648667281535618,0.6663652661478063,-0.2750922811634591,-0.6470468110156402,0.8975531305151001
gracias,-0.12136283948681456,0.38498424517858465,-1.0326230122161764,-0.3456069429492394,-0.7445762368999062,-0.8303076132956201,-0.5486857867695597,-0.311268508433144,-0.2428037584303523,0.03375260016356863,-0.14497500471415098,0.3037816003696585,-0.603462298731786,0.7728963995313919,-0.8802673225767643,0.3743124243753042,-0.201093651164855,0.17630062276968933,-0.7342018746869063,-0.6655821729327128,0.5928870693877997,1.00843161149608,-0.36488964117826805,0.3852713245551175,0.8346388868272193,0.7176455846549733,-0.8941915329630827,-1.002682757082577,-0.6417067515468594,0.7646096632145825,-0.726169513969911,-0.14561099613305717,0.8955712023270387,0.0664203135899395,0.3896395988239946,-0.45255680165428247,0.508518437579912,0.6952448946998414,-0.9529230299104869,0.5310468291038639,1.0131927268423198,0.4893036344845572,-0.4706740726832247,0.6085311912190622,-0.7742624448181433,-0.14470745260266007,0.8881427867545543,-0.39810410143649183,-0.387958354713921,-0.6703468113794487,-0.9601716432011641,0.3735186662289877,-0.5362424060745761,-0.5051497354455502,-0.014151098297023374,-0.8869974804332819,0.10043228339985641,-0.5906610107546858,0.10824640163194836,0.33461152485750445,-0.7296198135591694,-0.13622471182103624,0.3375020745814513,-0.14127701019111005,-0.8267005598579602,0.07027965895117386,0.45753043544330674,-0.05642486642678465,0.9238806846745817,0.231436497815036,0.8513710256560293,-0.7352683780398074,-0.7359693795990404,0.6369898359734105,-0.16385860169632938,-0.6391679339520163,0.9070200553317372
gracias,-0.21689948844818877,0.42926043792813445,-1.0467720469714978,-0.41464049354062754,-0.6557271737750586,-0.8099236144261429,-0.49713661908716966,-0.29920822755441867,-0.2034804575096733,0.08294261397872471,-0.19350140583640718,0.3675471701746393,-0.5347060991813828,0.7619334061882794,-0.9848978000983213,0.2946807893328727,-0.18790048984903823,0.12107282861204734,-0.6595467960357193,-0.6708214538985643,0.5854978234566355,0.943738652410549,-0.46483693206298604,0.3429653171903078,0.7187838776052673,0.7494148083151697,-0.8203171000093618,-0.9299184140093252,-0.688103466000914,0.7776831381864581,-0.7171525964515874,-0.07582192415280806,0.819640471697887,0.09518417913779112,0.3748530633977548,-0.3612109708446063,0.3530877036860399,0.6751307752891059,-0.9558530755080155,0.4713410420224888,0.9329038004217304,0.4738965246287046,-0.4273990526483514,0.6085084739871902,-0.7508805379777086,-0.1289224488015353,0.8313832345513279,-0.3646465736549761,-0.3661695780700961,-0.7428844984700208,-0.9723126705063865,0.36722727757160156,-0.6342291416447522,-0.478587156807323,0.020375638484333075,-0.8611775532936542,0.1347218307658317,-0.6956569401340214,0.13737855679203412,0.43469132745311356,-0.799222214151172,-0.18568559694567027,0.3707141236508209,-0.1747861542911876,-0.9224869643544236,0.10469996363115132,0.3078251130387686,0.1094264289179862,0.9624500371556957,0.1285329065112606,0.810289044047231,-0.7575834227743347,-0.7377796836579135,0.7149039508012875,-0.22002489688472282,-0.651280303912263,0.8820832254924817
gracias,-0.21598745921901402,0.397894213163856,-1.060072368935716,-0.43963339143120933,-0.8489897238316331,-0.788093690422723,-0.5247698851818547,-0.30148750896207815,-0.27727849450569053,0.04549464886171649,-0.18455481344466024,0.3195597619328502,-0.5480863686172073,0.7967478750006576,-1.0029974032950306,0.37718907257917983,-0.0890497620868828,0.2125075671529813,-0.5759655216552343,-0.6488966543024023,0.7427001586708335,0.9188128320133556,-0.40277491645054003,0.4009988500825204,0.723675237887426,0.809165534040021,-0.8959154366473092,-0.933828063637407,-0.5960600491527782,0.7534319422872685,-0.7962265429969057,-0.1340218197540301,0.9743121417668869,-0.01643066566343751,0.41298043049281846,-0.38237569494996226,0.38133375012875925,0.7222488522828646,-1.0231327778822086,0.4496564078177805,0.8809506798272991,0.46887336167148996,-0.3725903986522488,0.5725292974793036,-0.8605542316274553,-0.12849688487694202,0.74279792101166,-0.4690310083391991,-0.4050083773141169,-0.7986365220787461,-0.9056343689992408,0.35411505133826515,-0.5724640328026557,-0.48282532963594227,0.02178871048786274,-0.8541169153769888,0.1649879285796347,-0.6783033948929973,0.1680065903105472,0.4266268703873148,-0.8122250311180387,-0.17177644325274327,0.3750681279871753,-0.1945023879121545,-0.9345486719939152,0.09517731702396742,0.39311958608025077,0.0883333227000951,0.8263612451843549,0.2375702335743295,0.7908959054948705,-0.6950139409502454,-0.7667580721008435,0.6218815731127479,-0.18896016688408748,-0.7435218453621171,0.8854305191092773
gracias,-0.09865924020293623,0.4319165896002348,-0.9317628438239096,-0.40481952940894084,-0.6640089918134431,-0.9262513087599594,-0.506540688278985,-0.23410563365175666,-0.22069632675134407,-0.02097098332547702,-0.14720955277813594,0.29824272343983116,-0.5688528236590907,0.7768131587401049,-0.9922949720542489,0.39698337153752333,-0.1251116601254374,0.16617082375593148,-0.7187832376260876,-0.6745732251759278,0.6503827509616302,0.9230045814820055,-0.4426406508411478,0.45224719963734444,0.8577486806172021,0.7871509205587345,-0.7219555195302796,-0.9173246971036678,-0.6793619560791797,0.7247620841495523,-0.7214522119342627,-0.19679194405928427,0.9525425257997533,0.03837237819307373,0.36073888977222857,-0.31745625328939575,0.35400001304869966,0.6490115748237312,-0.906783210452876,0.5801584945510161,1.0099566679772012,0.46359281997848134,-0.4646424408360686,0.5825544200899789,-0.7775014837484331,-0.15360624315517826,0.8533429031651844,-0.40849603677066104,-0.510234738759209,-0.7863891798864812,-0.9864725179419891,0.3540281814377292,-0.48227982822468213,-0.45699811594856615,-0.058892275934254674,-0.8822433695504811,0.1306308236113321,-0.6903049382117026,0.20763945815834922,0.45997825240305923,-0.7965454671278496,-0.08993999798087171,0.43420144858229975,-0.2070134381868041,-0.7896002988204025,0.08814253749452804,0.28583306524096586,0.11242387667813822,0.9930783912415488,0.1714588178180078,0.7816213175569872,-0.7336693395802081,-0.685710719122598,0.6786754101705733,-0.17612195948575415,-0.664205445342546,0.9299177493072892
gracias,-0.1815978142474281,0.49219495380266154,-1.0141743902828741,-0.3737837068357758,-0.7121663466052965,-0.818115419595045,-0.6463489031177687,-0.2416358443548698,-0.24311135344408688,0.04062185537927847,-0.05556129290115491,0.4193313790262356,-0.7103511854716169,0.7279719358213707,-1.0358242804822504,0.2934004856860417,-0.32231612857744807,0.1105301780068062,-0.776323213767598,-0.6008017589904205,0.5202330744069471,0.9406687440973971,-0.3938974575875307,0.45974287959805793,0.8233461476793579,0.8284806071582088,-0.8462422662935049,-0.8226214137712207,-0.7379909247628532,0.6861070753806431,-0.8074954873283531,-0.045082844543839706,0.9056621149574995,0.05716830778557005,0.31165871009535623,-0.3216722587243552,0.42066066807963504,0.7087051038647413,-0.9948844789539845,0.46495329147128467,0.9130660652927409,0.5005249338477255,-0.49313238233511475,0.5196878316405126,-0.8147325226902498,-0.12867075640740047,0.7902920797450934,-0.38944947341062797,-0.42049693271978855,-0.7543506572890005,-0.9521154378438318,0.30809471382455034,-0.5714798368043981,-0.4613765566133159,-0.09200602440719746,-0.8434902220473212,0.10416352572267637,-0.702027360228058,0.23683166083333201,0.4458005579275558,-0.7936144729159066,-0.1900129745049668,0.43617591088426855,-0.1379067120557637,-0.9310113331100321,0.03204812948093863,0.2239715313547777,0.0374798162007965,0.8850546247307067,0.22991964973611295,0.8247565852497853,-0.6583391319988904,-0.7563155168942914,0.6716900939674285,-0.2310921449841656,-0.6304118026765209,0.7820792411655331
gracias,-0.15419922562654256,0.34141458981202066,-1.013128124662398,-0.3733171550424248,-0.7325366459273287,-0.8678446919002027,-0.5851736537798615,-0.31405168540625067,-0.2309435838901937,0.07972826406442772,-0.02977751409613097,0.42811414328259617,-0.5329668171275731,0.778012188731509,-0.9369005499752903,0.22113090594028362,-0.19933941258890267,0.09335093623137959,-0.8129707260119091,-0.6616678113410142,0.5024473138049417,0.9346069596539265,-0.3322133451390735,0.4399839572698446,0.7735175276960387,0.7410435099477661,-0.9265148351864422,-1.0097338685043105,-0.7237882897335871,0.7118420219570425,-0.8112937572334792,-0.20849296089624408,0.9327278549844169,0.054716894806060505,0.384281513487998,-0.31195621035431387,0.31399026865314883,0.6901865727093642,-0.9641221067354201,0.4836143158414502,1.0219849938562875,0.5402820164875292,-0.48643655567061106,0.5694506277100808,-0.7794874027155126,-0.1178632850493189,0.846442072800581,-0.39871210235712723,-0.3328212608095019,-0.8164568125599341,-0.9673878837467758,0.31224594030417235,-0.5465383952279297,-0.5497652757578249,0.00046195407192091073,-0.9247773313332562,0.11152711767797543,-0.778867760365414,0.15535727649651818,0.45374174655640864,-0.7965905765208223,-0.14050400346713965,0.47203240655380396,-0.1584536817050659,-0.9280330607109427,0.09515542259016264,0.30037448312386306,0.004557089951758651,0.8131948720006774,0.21942295555820546,0.787503701793295,-0.7159456794167318,-0.7732454019288149,0.6365799589048212,-0.24274338793568703,-0.6763770418512256,0.8989084623540241
gracias,-0.12641802498322552,0.43954748325846915,-1.088177802000646,-0.24569432623328838,-0.6191952698521171,-0.7791890692179895,-0.6651397663242067,-0.3145581539990027,-0.23363607302748599,0.14082626496153333,-0.1484858266508187,0.33123080787552733,-0.6146332554932042,0.812294279910386,-0.8652199212631237,0.41735159853111675,-0.1275387920130472,0.10474841345137148,-0.8813018140759885,-0.5889390206398314,0.6013976994088683,0.9435222562548627,-0.370456776329854,0.31833212324117033,0.780648732434636,0.8208241427092872,-0.7957946381574612,-0.874561583355566,-0.630136578624781,0.7357835362818808,-0.8068481747297043,-0.1532285066272268,0.9211640327563347,0.11624145274462064,0.41593766555207123,-0.26510156600937645,0.48332530435740095,0.6732338229254421,-1.1552562227345848,0.5621302531962983,0.9507033608636367,0.45625711266812846,-0.459034279620658,0.5562265045622468,-0.7629344963394463,-0.18218473660450096,0.763304968896611,-0.39561377554277016,-0.3933021213066371,-0.707865773516644,-1.0006178982060707,0.3087577834164699,-0.6020755096892779,-0.4569130436413113,0.057420187024304056,-0.9956467690543768,0.13719877313610782,-0.7731767722396399,0.095998939938894,0.44786455230910316,-0.7680999136193813,-0.14941634856350025,0.4348516074420399,-0.1956274057845015,-0.9217249579245022,0.18107934266715187,0.3152607377265989,0.06653482976932168,0.8895085890297924,0.08069715450006508,0.7045723803857036,-0.7539998027045202,-0.6686422429149834,0.6541971602508478,-0.15894246781773116,-0.7186439147129502,0.9358107852981835
gracias,-0.21420065560417123,0.4512902068178146,-1.0002888648606971,-0.4040285457520498,-0.6395586114509936,-0.8505783364707025,-0.6949598400302546,-0.30787877160358357,-0.22645638825298645,0.2465026139608462,-0.12778559737141165,0.3499719720325878,-0.6439010789963194,0.6622204522534516,-0.9964857678910193,0.34668210894476104,-0.09402396268600759,0.17346411401089926,-0.7077713812272135,-0.6199554051153666,0.614929755171681,0.9105912515645662,-0.2872334438933205,0.3751857222748742,0.7484614116797402,0.6784222057566612,-0.8396833195865824,-0.8800662266359882,-0.7137252897227895,0.7187489901341856,-0.7636707814472166,-0.23161761116579832,0.9686691106780998,0.03972337543737904,0.36432581687638654,-0.42516265824415383,0.3919041683845615,0.7922449430462148,-0.9243485833385848,0.45707436679290814,1.0345032070875633,0.4804973314629663,-0.37038776679981167,0.6188924770111952,-0.9407050651183027,-0.15441692929594103,0.8644102673279606,-0.40518883964539015,-0.47563712021269505,-0.7716223315381353,-1.0565779152638748,0.3532524015034621,-0.4662092816990937,-0.4286600117189313,0.09266716862009775,-0.8491550552763403,0.19960917815166074,-0.6078389158011285,0.1974742367736798,0.39015535396651835,-0.7436982665132477,-0.09919601250476913,0.36480208331987973,-0.20771991506319618,-0.8931502804862816,0.11336775517760625,0.36749384287265574,-0.04143015589276283,0.9847698153347928,0.14105183453414333,0.793550580731338,-0.770183309706916,-0.5865308637016285,0.626886110933446,-0.2471950800630111,-0.6260954282680121,0.8934739497575694
gracias,-0.1753423417738462,0.48267932252348533,-1.0410358484068534,-0.4199807684837831,-0.8069990510940771,-0.8815203646733826,-0.5370980369611239,-0.2268071145277888,-0.203175619106212,0.16078004036620577,-0.16961469552382563,0.3582684856651236,-0.5882699681136874,0.7499887930157125,-0.9559846297821567,0.3981049257142821,-0.1578836125679359,0.15300374511319353,-0.667657096545666,-0.5843877320475057,0.5529755710556614,0.8688798569905931,-0.36571261194114907,0.3760824160973814,0.7571478760380828,0.7884106250452654,-0.7007328942521158,-0.9884017463163022,-0.7598364743619185,0.7729038485348068,-0.8221274600633096,-0.1419813565033981,0.944973211415204,0.13053580470497902,0.3083929368817498,-0.39680463288073226,0.39443991830720554,0.7077745235791072,-0.8537509677971971,0.5480738284456284,0.9748827480186756,0.4518095211125457,-0.4673265085071406,0.5489235157551217,-0.7607863054190279,-0.09136307536889815,0.7510085276440822,-0.43456677670716265,-0.3805719451547315,-0.7223597380147417,-0.9328338534587673,0.3768171513826451,-0.49542223126943896,-0.45710452806432905,-0.03615482133285832,-0.9390626618225173,0.16071568389451174,-0.8285780509271339,0.1693966237149329,0.38922472704579514,-0.8635546850252124,-0.21830131629366317,0.42928319196290227,-0.16010587349244657,-0.8950036654224593,0.08711018852762428,0.3322206698370238,0.09192135225953285,0.8953609710668091,0.10019942531304832,0.8883103288194876,-0.7065335783410827,-0.7509099920382363,0.5521124915042968,-0.18485061498103056,-0.6751502060148532,0.9337245000936882
gracias,-0.1832513546281934,0.39877994740019285,-0.9549814394535138,-0.3490707601004789,-0.6980556499852641,-0.7815049580786589,-0.6293639332817701,-0.29718529086344214,-0.14821550741046396,0.10889938470778904,-0.1700746931100416,0.43805712808982655,-0.7093382691765407,0.8588385383529876,-1.0305227683486844,0.30958037911818964,-0.16743627202549952,0.11005562335509525,-0.6689055708082048,-0.6566888527607542,0.6145274782252265,0.9076125465278073,-0.35839459471464347,0.38140661834873435,0.7574250872262255,0.7617170853844774,-0.8554147747652483,-0.9075268078328639,-0.61315338558306,0.7263710401489338,-0.8467447095625453,-0.12711174170630382,0.9141538656481194,0.10785547664533174,0.3384643672323893,-0.45794068425904566,0.34635165127185064,0.6309337133314951,-0.9673628653156314,0.46844636917641547,1.014773025379812,0.481923795638553,-0.43158829093249457,0.5864403848250243,-0.7838002322241066,-0.10541940317093834,0.8427210407067068,-0.4525544599439314,-0.35447842649460837,-0.7517697249318714,-1.02684354115434,0.3670747337293706,-0.6193027921222561,-0.43563995453010385,0.09362659736279547,-0.9326035143437318,0.16485382764522538,-0.794318129623611,0.20130633527863584,0.35523103005187784,-0.8265728732660724,-0.22695234885285476,0.425407876758227,-0.12127624307253157,-0.8989238213749003,0.02857147656423717,0.40706544224477076,-0.0077422822711156886,0.7810878969852547,0.19602953150183927,0.7515650968936911,-0.6756201520325662,-0.7405041903321539,0.6449682394462575,-0.13457130870132494,-0.7297345489971705,0.8267203042474476
gracias,-0.16973954422770518,0.5175265528360333,-1.0326903862623324,-0.4250600395337708,-0.6825811895879835,-0.8441842467479329,-0.6198532830997774,-0.38645541696231084,-0.0957485544108303,0.010248006491243716,-0.17769860639292082,0.36881494900141426,-0.49546109381912534,0.6899925837352539,-0.8460396068302101,0.3787938614119056,-0.14453562904458375,0.06814797254060553,-0.6906690607076288,-0.6399713529512324,0.664822200010994,0.8879700499834084,-0.3788095684043185,0.35688157693796957,0.7034021564707269,0.8262793178530904,-0.8031386398899625,-0.8614399235891854,-0.7493329162812705,0.8094935419758784,-0.6780338870660552,-0.180366804448743,1.0105364909064525,0.05317250634304282,0.3151337410228814,-0.3842503601082139,0.42541205374693114,0.6273425196781692,-0.9934403782619408,0.5299656015045945,0.9778751836499181,0.5255624563840158,-0.4272205388332728,0.6025399228805557,-0.815163046135193,-0.09262640054667004,0.7708223559013945,-0.34835002212747157,-0.4561630586681682,-0.6835004813859752,-0.9729464323085492,0.367771016417648,-0.6014919955444169,-0.519706452813949,-0.1040917008195885,-0.9460411176954622,0.13203976832323006,-0.6959488912469355,0.22913003947073166,0.37722884705201987,-0.839429180557707,-0.24402376366099898,0.4128034963506954,-0.10248173517972754,-0.8367765687100113,0.10728944923838502,0.3595164563029576,0.11465941310208418,0.9057935850524672,0.20541656480519443,0.790764637483167,-0.7931527602502628,-0.7556397505234618,0.6143246254923148,-0.2016070574038677,-0.5729773130233647,0.8590810191716213
gracias,-0.10701381839356981,0.4188951248055004,-1.015355044653572,-0.4617852365974929,-0.7436046190096025,-0.7889737408942168,-0.6271015682249516,-0.26173161491904284,-0.1974023541214076,0.0600107814248268,-0.05419612800406243,0.3657438223578666,-0.5329454520517,0.736174412454657,-0.9097448396349693,0.38733580331438877,-0.15496579673696703,-0.0003444892433268065,-0.7183134997667269,-0.5422740194422436,0.6278631790024599,0.9588150952002574,-0.45926449037939027,0.3486224778048752,0.7733461861496486,0.8097324908470392,-0.769178238253799,-0.92913377129154,-0.6400479565371715,0.757103718955391,-0.8526534691589777,-0.27057431654463304,0.9373295449075078,0.07502793036667471,0.3528454757959383,-0.44992739081366734,0.40448883108360423,0.6559553400849683,-0.9355797091932091,0.5934910564105229,0.8706506337970041,0.4613512683245606,-0.4495807965367853,0.6512999656103096,-0.8753681378050402,-0.007419896364159434,0.8239838012645057,-0.4175717363393339,-0.43435231098824784,-0.7617560073724461,-0.9088602462959481,0.30424502817565996,-0.5594730589176893,-0.48811576454089634,-0.054960353865028316,-0.7639761509816444,0.16918774772169914,-0.6758795729553225,0.2354999128400016,0.32844922277593497,-0.7077165468882467,-0.29733588328561716,0.3503619949535642,-0.1945930446051397,-0.8710069138593004,0.08272872513809754,0.31924855340465796,0.029178356885230933,0.8402883608054983,0.09824846127977717,0.84312941169257,-0.6903652860807157,-0.6422225867406299,0.5752817225782872,-0.1700055655138867,-0.683476942184371,0.9145409100517419
gracias,-0.11485785176094492,0.45120945684553904,-1.0167477581986095,-0.3472882458059074,-0.6741429922029456,-0.8495448305667135,-0.6938695109186297,-0.3233051909479943,-0.13069436077124968,0.1349578259433658,-0.21722734467693944,0.3120511299985229,-0.5273613080529909,0.6994530775439993,-0.9197600474220473,0.3101314595899883,-0.08453814903966193,0.07885841693460938,-0.662058046299241,-0.5945540891272242,0.6140988800627877,0.838007722371225,-0.48329731134180026,0.37361693432526244,0.7651236077629072,0.7329534356208085,-0.8843462477842613,-0.8938168020429287,-0.6321964368480056,0.7493979538394299,-0.764296246274596,-0.216494864775903,0.8979823144466553,0.1487244502352178,0.3871703343979376,-0.36265311225852415,0.4882991846615543,0.5992842355023072,-0.9236019269795108,0.58348794388034,0.9614792814880622,0.5393128481024211,-0.48821299073173485,0.5442220371246095,-0.7742996660423342,-0.06428461399266017,0.8732378318065034,-0.33429027390566635,-0.4278216507550616,-0.6802622680048153,-0.9783813264318633,0.4027756314591953,-0.5663693281072728,-0.4466227859014514,0.0043217122617784515,-0.9735101602557299,0.09202911804098748,-0.7014157781975036,0.09424711982451006,0.44107727520185014,-0.7517533440299412,-0.15552949671697386,0.33274361481759407,-0.10263451400276896,-0.7982325501219077,0.07914665320332184,0.35311605936213947,0.03986515685641932,0.9157079714315666,0.16713214317266603,0.8050756185835768,-0.6797647116826566,-0.6041660974036609,0.5447790156989607,-0.2098369502490812,-0.7283146300277386,0.934618405720872
gracias,-0.19534288906084693,0.3684889471950265,-0.9678619004228816,-0.3081192989991649,-0.6733083249377357,-0.8050829165983086,-0.6070225311058585,-0.23813651277262676,-0.2501750150393676,0.07204111280239825,-0.18424547861888707,0.3120457354289335,-0.6075142635078052,0.8116209275810132,-0.9168947061845114,0.3731505453622145,-0.15806661468308014,0.14354584602793274,-0.7592556399269378,-0.6192725161266038,0.6110893491995072,0.9503989443828895,-0.3571422509354207,0.3777284672378093,0.7339071345355601,0.9471018911599096,-0.7845722136138242,-0.9012330597366042,-0.6719995857811819,0.7337240655116324,-0.8098463620202476,-0.1431433078105615,0.8217572830978498,-0.01213890982270005,0.35191010845399884,-0.3586117661489457,0.36103819800557474,0.7431574050997201,-1.0375432846614048,0.4627213564097664,1.0537267648625446,0.5028872749934361,-0.3948698867311317,0.6811210040664502,-0.828238207739807,-0.10917866453779128,0.8035696611396476,-0.5105013534768048,-0.439969163015101,-0.6958897463944114,-0.9342366071687938,0.38862522434918245,-0.5955192170318568,-0.5017115430558297,0.04660910215560761,-0.9181407670837227,0.16293931292368685,-0.6983761161545028,0.2516969246194244,0.44808733792548033,-0.8600940733777044,-0.23126568269961537,0.4177458063589469,-0.17485834331515301,-0.9228516713055139,0.1225742060307467,0.33696225954402315,0.032401093461089325,0.9281809440193791,0.15435463125680762,0.8852297798493947,-0.7644529728691754,-0.6886008521813785,0.6864742193520399,-0.27351110049253785,-0.6864583645587569,0.9121275304363456
gracias,-0.10809376320830075,0.4320742068649042,-1.0365048050491532,-0.34753806361978234,-0.6473107632366937,-0.8735559778880242,-0.6876752596929772,-0.2976157118147245,-0.17499701986721553,0.06268001374521115,-0.12764628019429292,0.3349321704516499,-0.6968301804906519,0.7350398191652611,-0.9420632062784926,0.3271430223619816,-0.2233205584487203,0.02659720809756244,-0.7449305630279274,-0.5589142332477552,0.6642990093217574,0.9959088206457178,-0.413947120438942,0.32695991515711,0.7776100353410714,0.8209683275875909,-0.8099030970004193,-1.0225935972461235,-0.7036833901150356,0.7548005673445274,-0.7789454226023784,-0.11941938185977133,0.9229917364151059,0.08286976027294594,0.3879975008190019,-0.33468776927695,0.3886451379377129,0.6725382267971102,-0.9768418852684855,0.504353201142059,1.0019517467549532,0.5097050782045819,-0.42007069495392696,0.6456947499705363,-0.7802897907073866,-0.13666287367184754,0.8613713454858996,-0.4810816201360869,-0.47851999186426686,-0.7231504925274412,-0.9354462508700769,0.2954185047045822,-0.5958846420492194,-0.4992108728665305,-0.04118749758340326,-0.8460950209521919,0.1835604841613888,-0.7074989591810651,0.1513129774508221,0.3320342365308553,-0.7243218954052508,-0.14228232934661744,0.35346686025183316,-0.13566148606495013,-0.903604263136557,0.05743733658790601,0.3493498668540578,-0.007296688379019124,0.8720016860061212,0.17918313421396315,0.7818312709315063,-0.6915963311941488,-0.6279939803145699,0.5770676707886905,-0.28790259084413505,-0.7693786141399476,0.8474937537173187
gracias,-0.19911422010116114,0.45104201193767024,-0.9931413667640052,-0.47549569706702527,-0.7972324098398442,-0.8005261484450996,-0.6207081355086603,-0.33016944583223207,-0.28932223079527536,0.10120303114496343,-0.09801599392221322,0.3843381228044651,-0.6334691950652184,0.7584624810604484,-1.013530517650832,0.3938330560487441,-0.16129817853926912,0.028971811303841716,-0.7342598408317166,-0.5806319463185309,0.5848367563022973,0.9227283653667864,-0.4343717540338779,0.41297228069271097,0.7203548445911198,0.6813910581574429,-0.8484744457939639,-0.8728329477557176,-0.6796856332008596,0.8431842561150023,-0.7818579349064739,-0.14084684187587737,0.9093591470051234,0.06291625955781961,0.3705830461449715,-0.3840822075920004,0.3995452134665248,0.6224597823052176,-1.0172181367478295,0.4441288773461661,1.0800049051968472,0.5228484538432078,-0.4238874057871824,0.5256829233883055,-0.7623808718109745,-0.1100415149708561,0.8278994532427786,-0.46160271904581884,-0.41643587995642367,-0.7611345326737688,-0.9995466421109153,0.39437638267014435,-0.653629158426382,-0.44066786803984004,0.017370625238326387,-0.9372570935434013,0.10721878792740278,-0.7176941342516998,0.1927128843296795,0.3918739704511511,-0.7736530193347544,-0.08373904173399341,0.3634144769980045,-0.25740045948136575,-0.858796902956293,0.15595854062739964,0.34722770859213387,-0.024609209651066277,0.8829948938198666,0.11718390679340422,0.8389466052739144,-0.7926151118424467,-0.7364537448398929,0.5645656861043523,-0.19830509177218475,-0.6876086896230224,0.863855265954581
gracias,-0.16483846284653372,0.39131603549811067,-0.9684273971888592,-0.39777313732847625,-0.755914668759069,-0.7032764826521147,-0.6036580689088019,-0.3165415735838698,-0.13570482520356897,0.16972424847604425,-0.16887844230910465,0.3878088751152571,-0.6404956414371121,0.7488752352434903,-0.9551779412921412,0.35017637203788715,-0.14875237133389554,0.14537107933290633,-0.7073439899945345,-0.6643341531617006,0.5545657820640191,0.9092027704656114,-0.38726367327767575,0.43718394586223386,0.694631355249431,0.7713425745991597,-0.7822611023497417,-0.9368843072590659,-0.637318378378721,0.7493079047124311,-0.7904671694676637,-0.16920837718037268,0.9491323339374216,-0.010922250424287627,0.36558862748151943,-0.3541401041531587,0.39968661776347697,0.7438989749324372,-0.9829746786548952,0.5742627179829786,0.9447709864800059,0.5627636293369109,-0.398238659536271,0.5328857279213659,-0.7781960249821248,-0.10677473942479924,0.8484702358699412,-0.42393528267430647,-0.4398116341103891,-0.6714881266253021,-0.9662021289821895,0.39899218208937026,-0.588011342252092,-0.3855735182941714,-0.05077041290609809,-0.9239820863281984,0.2244610700398213,-0.7287901697331424,0.25866478911478813,0.44410874902160297,-0.80306362767239,-0.2625526979617213,0.3878344002418984,-0.16655995826952347,-0.841732195442607,0.15121517064302875,0.29333993148239024,0.06983731231602627,0.9274596197822942,0.2267807161245081,0.8317383261825442,-0.8221754762556135,-0.7292184271248708,0.5569971986732019,-0.21477661467483655,-0.6202913939594398,0.8702747025858164
gracias,-0.10855144727498037,0.45773668291999314,-1.0646875473487554,-0.5213772050649572,-0.6990477802817944,-0.8260191337799627,-0.6763268642137523,-0.39390990839647344,-0.2432022122122956,0.06790889376347509,-0.1283170800080909,0.379870554871918,-0.5106921381783287,0.7044546699796211,-0.901171869001276,0.3432999575132408,-0.13065693905981682,0.09555391372822614,-0.665642104115003,-0.5890357839129803,0.5675168881051859,0.9359219499931356,-0.3851294366283693,0.4091041488705178,0.6937894671233512,0.7877457419019099,-0.8101462146279776,-0.9202392681745836,-0.5929920986514124,0.7949861455623789,-0.8036803721709371,-0.146950295115012,0.9305623378751039,0.08649555015437535,0.2924713281177163,-0.3840450527763415,0.298779901953496,0.7331653911677202,-0.9664659213117628,0.4906215824059538,1.0225620444146513,0.5174475486321726,-0.49554374159015,0.5750133887766086,-0.8103063355060351,-0.19143959207849237,0.7826771945243309,-0.4219487193534643,-0.43019686940189467,-0.8140544269473101,-0.903682805107032,0.35256591293521,-0.5748661141668537,-0.4488745993385557,-0.05625749413450698,-0.8704571111092044,0.129881478683117,-0.7513721272207393,0.20728344847433844,0.4741004129819527,-0.7590896736700568,-0.12573914610384182,0.36276878512737526,-0.25152244740461754,-0.8255862060028336,0.17451855630126115,0.40472962912806176,0.01298892716762964,0.8314577950451845,0.11982594611300751,0.7226172021950645,-0.7304195226280272,-0.6411634075943602,0.6076994458254354,-0.1895301810115191,-0.600511757550924,0.8348123952004478
gracias,-0.06417941775887226,0.5402537072591889,-1.0063268172993343,-0.4242115679372811,-0.6716263160462582,-0.8326990575883473,-0.685307338098025,-0.2448166132377555,-0.14564268217480614,0.08540904819489194,-0.22475420887981928,0.30896268823264966,-0.5857340361160075,0.7312413210566392,-0.9622794602112281,0.39203317810980465,-0.12873142939461818,0.18628679091638395,-0.7687572839783954,-0.620956600264578,0.639438222124079,0.9589270684894396,-0.29653262455213325,0.4056720666338316,0.8451837597973543,0.8162142170938517,-0.7768032048810112,-0.9380661808734582,-0.6596248002766627,0.8018322270508,-0.7226574238042471,-0.12132290252435801,0.9116204717042729,0.13519732142245122,0.2741552950869527,-0.4400804630632178,0.4070835665465868,0.669956761607402,-0.9331477627554081,0.503509006011532,1.006269462543183,0.45561116771001925,-0.4105877115672051,0.6282793833133562,-0.7325204566481543,-0.0035352329157546797,0.8293959283613105,-0.3990761489102821,-0.5006079460359949,-0.7665134258203659,-0.9709201879597364,0.4101870434935997,-0.6072938242043634,-0.42908968026810596,-0.016934767287492426,-0.9021333155215773,0.16067990944068897,-0.7261006688010219,0.1571592114019352,0.3142774247523566,-0.8077288527107428,-0.1958864316682997,0.3630012659880362,-0.1507978078166927,-0.8671614844683002,0.08340253706313953,0.37736004996205136,0.05855632040813538,0.8744367024913445,0.14996726671826685,0.8224449424141093,-0.6963622362124299,-0.651555090146908,0.6743412296660524,-0.2317199763542913,-0.6743919197724976,0.8885680510379563
gracias,-0.11255610169190339,0.4875974603195558,-1.0029651420068775,-0.4580359873577463,-0.7564350371780535,-0.8016911347464337,-0.610368298273441,-0.36381251458562375,-0.20423657099419654,0.10919468585530305,-0.2191723040687676,0.4256888608837397,-0.6099720579649563,0.8191155284107234,-0.9718974358929426,0.2896037462125955,-0.18829724475783205,0.1126222507376373,-0.7386501181481065,-0.6145970929088981,0.6181873948348828,0.9279641829489751,-0.37645726337911467,0.29918391137849837,0.7723632053926003,0.7847531621231112,-0.7493969282363007,-0.9688686918969331,-0.7507539272958379,0.7871884315553284,-0.7859799814182498,-0.20820640101645296,0.8392916125507993,0.14320040648024865,0.4544597474312858,-0.49334157592318056,0.35009070390034225,0.7524609465339408,-0.9872265732005098,0.4757580181886023,0.963584211431521,0.4402864600712708,-0.5243508030825919,0.6311860224397144,-0.8856948321570998,-0.09184937504275187,0.8615199808240736,-0.4853330181976989,-0.4706627429570561,-0.6792838963438652,-0.9346214982480539,0.32680678053583756,-0.5166313178318234,-0.40857989508283243,-0.0034010467885380643,-0.9382829211595224,0.12756277581043637,-0.6922235129906102,0.16918133234919408,0.4464645789536049,-0.8718198463498151,-0.2466012008141753,0.39784387102961183,-0.19621868163653994,-0.9314455128427127,-0.016610024127696715,0.32856658267948674,0.027140468716578842,0.9218634610792137,0.17655538766003445,0.8001736266637421,-0.6662005598680081,-0.7870706706709104,0.6416020383614265,-0.2882036842687003,-0.7112096997661749,0.7943843041609021
por_favor,-0.08891306894339657,-0.951418048023987,0.09864979352776945,-0.18469186414991878,-0.1742490706216664,-0.37750362315770736,-0.5715299811816041,0.1889873759347467,-0.3342009343906999,-0.5501244722754715,0.20194167391576173,0.14214421405238295,-0.7525970467082346,-0.03858769068872775,-0.620166690579286,0.5469006835226198,0.6661570724980623,-0.06631986577608026,0.8315416509962332,-0.8532866409910849,-0.08578618777323593,-0.794741503275967,-0.11320179954969259,-0.8452614902297643,-0.7923360110317521,0.22716425776510313,-0.5603219151660009,-0.8824075223022891,-0.47002558762864716,-0.32204695310419934,0.0103535559887218,-0.5325917995717836,0.23076297320568892,0.01779916432166069,-0.022098687456085793,-0.3195497271030785,0.566045000582047,0.17989023284442723,-0.6985396353951892,0.3861522761680574,0.9862804624249409,0.005341421354938076,0.7368752123280422,-0.28167117847441436,0.1441720336031308,-0.27098831348088204,-0.10508782825782956,0.5727098053800057,0.07221440347435565,0.952069482943212,0.054796641079879166,-0.8189851660089054,-0.34566316520832685,0.722055527178945,-0.08979692912710355,-0.9953380858336779,-0.5436356286046821,-0.9012120306706682,0.9942039341326255,0.8880088131116611,0.6215790711997227,0.24597624008439306,0.5566370815760523,-0.7499698781135478,-0.3641951531031901,0.09500212131341243,-0.245243369137167,-0.8899999570764087,0.9773163564246821,-0.06567069138398672,0.10417655313847797,-0.4005693880988448,-0.4266042247159873,-0.23053108425884783,0.6575501466675717,0.39666757805512387,-0.2558183365924948
por_favor,-0.17787344361441326,-0.9713402578195146,0.044415636568510795,-0.15180063412909656,-0.1795699136761921,-0.3344926120703117,-0.6714402250388816,0.1662660253140612,-0.3825949391144274,-0.5062173556477717,0.29599415505008636,0.06954767465483047,-0.7005020017998125,0.09769085855253759,-0.646605809296498,0.5419459603625332,0.7515357145589182,0.013949352960339913,0.683756455223871,-0.7711361476340809,-0.00012003524858860554,-0.8677883093484547,-0.1426942122635082,-0.8536678634236985,-0.7418007871231255,0.26332862682711616,-0.5257275830227195,-0.7845554600600875,-0.5674759499171641,-0.28380407857308393,-0.02693669941094027,-0.5660516059255817,0.2642202073387307,-0.01762124919099098,0.0344704270945122,-0.2765744471392303,0.5956864359423388,0.05194316344049518,-0.651276117504313,0.4345218459424466,0.9664794664678333,-0.01973562026804489,0.7944924696434915,-0.24557500238072233,0.20497673766998148,-0.14636670836910792,-0.119539492409924,0.6086639272309222,-0.0038317537677960978,0.8913306667558821,0.1551948430730421,-0.7870501283657121,-0.24885200776746394,0.6264093877424723,-0.18994542555615648,-0.9750910380227975,-0.48909357686443267,-0.9061785927658347,0.9364178530938154,0.837917362870165,0.6616069365140087,0.18364571723878192,0.5377770100884898,-0.6616610126553532,-0.4673252330091454,-0.014819494971681224,-0.337017194054344,-0.9448004914506696,0.9846372030651157,-0.15707604446633713,0.09532541033803632,-0.30155981313594477,-0.4400925170224405,-0.2322031744821327,0.7397478360550259,0.4625938310181696,-0.24314193682443738
por_favor,-0.11951146872852901,-0.9130563843170502,0.13117035970756757,-0.1531114786856764,-0.18591408179631963,-0.30733521013464754,-0.5549409027297534,0.21887437646018376,-0.4800500561348764,-0.47671125459467895,0.27344395547988276,0.14855503087506716,-0.7907380074271659,0.005827679889964167,-0.6505904467824383,0.638460562604922,0.706203510256046,-0.05689265320475767,0.721057734861027,-0.8609409719839254,-0.0507271834244898,-0.9140656565900513,-0.05705324708409015,-0.7877277075963017,-0.7402920538248179,0.18099593116658927,-0.5333685566855884,-0.7720968340799094,-0.5447791444485143,-0.2946051754795138,-0.020985113920122055,-0.5953583301700328,0.2319165086521977,-0.06448147344154012,-0.08847749463738735,-0.12487384196076176,0.6304126384807884,0.11850483299915143,-0.6894950454652272,0.3696608695039908,1.0062295207472163,-0.07097713587311297,0.7847639308332288,-0.3221990867860231,0.17563018679087428,-0.15010853479401465,-0.21441591777917374,0.5405624782620786,0.02260023609814639,0.9114634312175613,0.1601251721222206,-0.9227814176615643,-0.30732633341995436,0.6740663603198285,-0.20653146867475894,-0.9085889850050386,-0.5143227428833627,-0.8449211222400684,0.9564153706559569,0.952656844025244,0.6394065838090593,0.16701926532408035,0.5689876268936888,-0.6589304683952657,-0.3616805243370078,0.038062755596879765,-0.2676892049963773,-0.9106723810931264,0.9614962776123965,-0.10434363987902207,0.03484125221955043,-0.4153956105268026,-0.408828814064832,-0.3192033813859651,0.6297931937820569,0.46878065903598076,-0.22096106766242768
por_favor,-0.049201569328923556,-1.0410621107554727,0.07394024933793275,-0.23569688915340953,-0.15768329712950954,-0.3257461787672502,-0.5111629448157524,0.24457367074600012,-0.34848939617883473,-0.43715359571731377,0.2205052556883314,-0.012163848785523831,-0.7170899943955423,-0.04744885832577535,-0.5663599150726872,0.5625671905315057,0.7677094558545484,-0.035537046942764355,0.7065655100349856,-0.8302416031151436,0.008239974342861726,-0.8910599668960734,-0.1241325438816951,-0.8532463318529353,-0.806151823045398,0.25563196262353294,-0.5116175993469232,-0.7828140509499221,-0.4761304667316915,-0.3137357059296437,0.0017101301640494587,-0.5877348432237782,0.22957591292601012,0.058541680692045794,0.06000898236830253,-0.2322657493133596,0.6236334718598516,0.13982318605571795,-0.6339453512423951,0.2819507649501145,0.8781120934937806,0.04897970955478163,0.7665573509813438,-0.3063955799133436,0.0669489721496468,-0.05251472362267473,-0.06697899176051816,0.5430841090754341,0.05097355415214633,0.958964671960718,0.18753984280465066,-0.7881221426593827,-0.1587250632801291,0.6555834415559074,-0.2284192554290379,-1.0050423241129682,-0.48355748952281935,-0.8569310810358721,0.9801064666689465,0.981623558160512,0.6621331325259068,0.12735112234659268,0.5000711195083073,-0.6205419271254912,-0.4373404705540495,0.008223446782820734,-0.23582456637196247,-0.9731170729953988,0.9512279003248701,-0.10085796000006614,-0.0206901169372007,-0.3137595821299436,-0.5089543432655944,-0.1557892546861792,0.6577464843942131,0.5070576194094935,-0.20427766846758427
por_favor,-0.1593871958531961,-1.0508218637770117,0.11736274349061003,-0.12574079740720276,-0.13147309444626556,-0.35065673161139366,-0.6122241168643507,0.3389655832504124,-0.4743083557264926,-0.4296479258760548,0.21353757262942025,0.04149525766705703,-0.7466952509388312,-0.013015471177070012,-0.6025590581943575,0.6402024754308447,0.7314512683413107,-0.006357225425539629,0.6438009457599737,-0.8148677826906555,0.11830966182987286,-0.8884617224159984,-0.16255452377281443,-0.8349926252278248,-0.7701507683221661,0.05622564027357235,-0.5277242294987426,-0.8283862401977647,-0.6399007417984706,-0.262687932506774,-0.11852592008749632,-0.6134470001642572,0.35413556998925866,-0.10432111879772238,-0.06615647169278983,-0.21274938828476447,0.6447492770836726,0.08129127186901514,-0.6550183161535134,0.4305546702123971,0.8261441359938944,0.0399417892357945,0.8228704218843987,-0.3323619733205819,0.19690557337031894,-0.08808529469153763,-0.12134957766054175,0.5305461004779539,0.022566952366164787,0.9056062784214237,0.11690426628141323,-0.8520189985019825,-0.3771902469130607,0.7651367027378319,-0.17793875281185367,-0.9645764930441425,-0.46278760258412893,-0.7894793287019528,0.8476084443681512,0.9628738092504506,0.5291842417246563,0.22858976815088183,0.536316081022092,-0.6297627805096166,-0.4389159170858532,-0.04552825499022917,-0.3092698473173156,-0.8882996877522108,1.0170765071481866,-0.1758817263139328,0.05935390010195612,-0.3853109794129284,-0.4623880004259996,-0.25171492700175685,0.6731423306546068,0.5180879943027396,-0.3029295699811519
por_favor,-0.16200549055333405,-0.938899406977113,0.2194041388089359,-0.17251470037178765,-0.057257701525175994,-0.2391091928084932,-0.5955682894593946,0.2236343063913324,-0.4352939125841883,-0.4697555763109002,0.17193169391061192,0.05447223768804825,-0.6559960956175901,-0.003398010592343039,-0.643156483905622,0.4856132719199848,0.7266536896855298,0.0016977590114243112,0.6963080887032246,-0.8515503984929852,-0.004145715695214814,-0.8443319795412102,-0.14519617488465228,-0.7911895751010083,-0.7349309157247177,0.24966198231197967,-0.5141262939227755,-0.7764655392225245,-0.4834664843262716,-0.2793340035405734,0.0008231036041214251,-0.5661664170507374,0.18871749648325248,0.03138140926946978,0.017232252104231724,-0.22881243630792028,0.601342326257633,0.1427591996577599,-0.664051359975925,0.37191088989715787,0.9928157731152288,-0.005662683340619031,0.7599109357561682,-0.3630189854437444,0.1477270447128506,-0.1355527184015253,-0.10708424326252666,0.5017557756189441,-0.008850712945266015,0.9387640190150613,0.16264841339002967,-0.8871278365694453,-0.18784313247187423,0.7158965609458224,-0.18780305913163986,-0.9654727030375897,-0.5748714229765431,-0.8163248327298607,0.9489237047706656,0.9021702929674671,0.6501130177595213,0.10948507047734846,0.4537398303699547,-0.6624558190070482,-0.3992893149108778,0.07237048299917463,-0.3018413624242948,-0.7821235860771154,0.9549122627761337,-0.12882946889544267,-0.03184845468238864,-0.3467220241045488,-0.4497624329033872,-0.16604132663180218,0.5895695860469908,0.46119434565644074,-0.21924368557626786
por_favor,-0.0986573189862657,-0.9478201034539904,0.1264461542340234,-0.16980340940973626,-0.0813691242091041,-0.2896989528432803,-0.6579491212775737,0.18478678029548962,-0.453036740156299,-0.4324469512494403,0.17803127721771644,0.041732971843674097,-0.7081048894892942,0.02384794580417111,-0.6181758929205341,0.517380160065909,0.7376933039488398,-0.042186919859944216,0.6768919869950389,-0.8288224595865787,0.01564609131995033,-0.8682279902754642,-0.18128668590405891,-0.8219156392387345,-0.7455708770555933,0.12473635629883734,-0.5711026471071972,-0.7667246374283917,-0.6232594160511478,-0.2425183474136895,-0.0009443677054073729,-0.6587710762680736,0.34869443208233664,-0.04103940833210343,0.031399167994951016,-0.2510472503692937,0.6334271502444923,0.18031305869804665,-0.7161104658252524,0.34324459321604806,0.8560870384180492,0.009413811162071307,0.8076636984812766,-0.2842244107188086,0.12838920052504965,-0.2027578961909981,-0.16060921384759114,0.6107358019422969,0.04697691876530857,0.9146553354238072,0.0346337961174599,-0.8189810031769986,-0.2901994247339131,0.7540366436977916,-0.1487720285937577,-0.9703805655390458,-0.5119787233726765,-0.893267070528122,0.9167323630152953,0.8982885052769862,0.6104275686512146,0.21989721772241388,0.537347116082995,-0.6766357595295759,-0.36730020607507113,0.05131084582877531,-0.2515887463496848,-0.9973308261193259,0.7701868781335083,-0.10310075989840256,-0.06323740392776923,-0.3635399500662551,-0.4956153465569562,-0.14685019923769832,0.6840336269161821,0.48178706391415943,-0.19972930838504138
por_favor,-0.10958531637404054,-0.971031385993639,0.15289875227014627,-0.18484272115785996,-0.14310203644834382,-0.4167088476990673,-0.5805055390485152,0.24819141478997386,-0.31686790455522057,-0.5445941444663557,0.21222330674589918,0.09941830988278533,-0.7140742464902675,0.036171495098368,-0.6789270538540964,0.5411293782287755,0.7702026356901404,-0.014101784923840784,0.7118909555221596,-0.846468462420702,-0.048662095519080344,-0.8227364699224939,-0.1185937255785963,-0.6916563268104154,-0.7964591255799723,0.2346192640172156,-0.6135531970933783,-0.7782413029963802,-0.5105622564057224,-0.40395418579822584,-0.07467165454747991,-0.6246740341722004,0.24571558551507355,-0.014599696283528994,0.06650772535822803,-0.23287863352433916,0.5975492302611551,0.16572379540857568,-0.6753126276775515,0.34703756132870717,0.984524390264655,0.014776490748375285,0.7987842023924188,-0.3570981761090598,0.11132723535595651,-0.1537147832933188,-0.20321170861884458,0.4687166537343167,0.04117095046338425,0.9336104922118528,0.05575945079970723,-0.8867504153294861,-0.3080494793118427,0.6789338868517377,-0.20514286204510357,-0.837319195599973,-0.4529144905809274,-0.8144725529120043,1.0461330410562149,0.8912195832876446,0.5393984715158117,0.14829072823423195,0.596645027570255,-0.6889086962757687,-0.4765213454730848,0.02658394058973779,-0.29868171434021357,-0.8952214058244718,0.9788544417500276,-0.15869918948398198,0.042283698383990785,-0.3848770416181102,-0.4883243113409781,-0.19188152583330742,0.6319427290717847,0.44502654139516895,-0.21199546363206853
por_favor,-0.17089685454624345,-0.9673871375244208,0.12711206465956293,-0.02665059269164749,-0.12899417058688462,-0.3156983698427512,-0.5641626527406786,0.18488241899797492,-0.3949108157169583,-0.4678337742110868,0.2583468925572276,0.06410959117787167,-0.7118551254392772,0.011582882786532769,-0.6281898228375798,0.5092788673304973,0.6919552213788319,0.05801535217268779,0.7090633876963488,-0.8417550978510319,0.10529834405612526,-0.9374687401412978,-0.1992281225775321,-0.7213025981149612,-0.7433820097949984,0.18136146614270188,-0.6079362150463105,-0.7637238180602834,-0.5321645923825075,-0.3550721480351463,-0.07143881011292094,-0.6132893390717227,0.2936123077507682,-0.08982284100752891,0.07307081276275613,-0.18042350868300117,0.5691161309465134,0.1491874221736947,-0.682223910509253,0.3625892655639873,0.9069306892667586,-0.013496796043296969,0.8596835464276462,-0.26944177924125884,0.18102099062224972,-0.12641179275756037,-0.18237182439296373,0.5510438147653316,0.11973276997598165,0.844571222421369,0.12024398063986749,-0.7196796941868121,-0.2142243643504726,0.7724024647871027,-0.17653297638199034,-0.8971986707720513,-0.5415381827229951,-0.8259180679090293,1.0204234295455838,0.9556561854562302,0.6663170732510986,0.17669500091856535,0.5205668450796799,-0.6567760047637293,-0.46543408491559046,0.05948034779074084,-0.37269795840217457,-0.8562943427877895,0.9686387590427237,-0.14333480648549474,-0.03371780185645084,-0.3646463164115617,-0.44609750896710526,-0.19883328042159715,0.6287569019050787,0.4311921289428441,-0.2087339308007427
por_favor,-0.16412756594674396,-0.9451520476402422,0.10551268788363213,-0.11375210817710932,-0.11635087431592836,-0.40247850483561787,-0.6862606981873394,0.21016956863990982,-0.3106142322593444,-0.3652367447898978,0.3338265223168842,0.04863512016604365,-0.8199458634093744,-0.0899957125510992,-0.66182217678364,0.5607666141258789,0.7729818553317755,0.0318639477409779,0.704493224664517,-0.8852012845289351,-0.03754679766883659,-0.856720606872672,-0.10890279586323479,-0.7873441055664957,-0.7974099545777779,0.2260239993967959,-0.5266804504364577,-0.839641951689543,-0.5986036343738934,-0.2659226312653231,-0.07615040759269406,-0.5170561823882465,0.3058699142330584,-0.058191888305960164,0.009963160017551636,-0.22304552813099549,0.5508553932210687,0.11437894784673194,-0.6403333083048973,0.44376835806641723,0.9592912336561583,0.07578262705662359,0.7519514660917097,-0.23305915635422417,0.08924219932771091,-0.19554235157620453,-0.21450341805386453,0.5308286043028597,0.04602223015383996,0.9337813179024659,0.10061086737722683,-0.8954588240009073,-0.28695150857125007,0.6831279069546191,-0.276249026252193,-0.9946426045609693,-0.5441862035359978,-0.7940300075350434,0.9972765586404134,0.974269064451722,0.525584927407713,0.2633449669616344,0.5949748240545677,-0.7614663551888754,-0.44921937255691285,0.07292202925150396,-0.25453201507757306,-0.942566806033561,0.9510319175617428,-0.1471592143425637,0.01352178110561122,-0.29305843835750667,-0.5190626023627861,-0.17617920447005447,0.6249501956516573,0.4311127519493816,-0.2006491351995644
por_favor,-0.08191337681561164,-0.9055770395060846,0.03353508534651123,-0.15265276366704877,-0.11811496622485587,-0.337253265964057,-0.6443873742341882,0.2614578296575995,-0.4364310156005272,-0.37661920737465615,0.3195097386595027,0.0884890598718565,-0.6627897740716442,0.030395810037661904,-0.5928483939874186,0.6445563103984506,0.7202255193686932,-0.02428568381185857,0.6078918728060803,-0.8448657222679528,0.05166333947152349,-0.8221453198478623,-0.11853709151930063,-0.8340031234268869,-0.8445211350448246,0.1687298630569548,-0.5631932423442259,-0.8017550797395347,-0.5284597680099844,-0.2010636094426595,-0.05824857074334487,-0.6073501369278924,0.267852359779625,-0.027641090551110994,-0.030941247980321683,-0.22020476982557863,0.6098155256997442,0.17049266093433768,-0.6525257062951332,0.4231920736817392,0.8405073260661882,0.03186023026020365,0.7454893856091671,-0.37156465280797857,0.07906566386266872,-0.12323099288415343,-0.13763422030764463,0.4690199307949301,0.09511023775492682,0.8355040473497919,0.09540738822211482,-0.8238852091662977,-0.22303634256520694,0.790785247332346,-0.2556837301991255,-0.9482189610134533,-0.5194622867575042,-0.8440237742280425,0.9984874613892267,0.9235333146175161,0.5784715928346309,0.14781170005173241,0.5793128000236885,-0.6385888977516677,-0.3680651264713636,0.03261394377695276,-0.3195932111892037,-0.9625578228406613,0.9842527699014584,-0.1692798225167183,0.10043403220663276,-0.41829949398527433,-0.4668274885451008,-0.14787749399778588,0.6939882872321922,0.4822777981988148,-0.29000304846481983
por_favor,-0.1970986551443777,-0.909645030898338,0.17463231779616561,-0.15129771428735483,-0.2162174712058395,-0.4622388295197027,-0.6397409741074419,0.23285909057637538,-0.320734490609117,-0.4326887651826183,0.25752193577392746,0.03827820548902158,-0.7599983951729307,0.09743862240689104,-0.62108334166825,0.46554026103729584,0.6742736028841154,-0.05443712682472573,0.6658097702560628,-0.8125635129676237,0.005119936153695452,-0.8732702615764268,-0.07808168673895928,-0.8417612231681093,-0.6524700803030776,0.15992523838863726,-0.5435160889608996,-0.8001688111501724,-0.5532166291838325,-0.278117830239745,-0.0427332688309557,-0.6341694140010984,0.2246677165574511,0.09129826064878885,-0.013725776942929386,-0.19125407582928206,0.5068928433569944,0.14602772176037945,-0.6817627721944944,0.4251454467107041,0.7929794531289134,0.008323752994350016,0.7215530551238952,-0.30055540909803447,0.0824717954135104,-0.18768220820405895,-0.1401868544660654,0.5005018965140409,0.047431624658544905,0.8478156654625676,-0.0032422022887321073,-0.7849123028284825,-0.33211763129115557,0.6927669636286042,-0.14980535982940912,-0.976342473336103,-0.5469038169925702,-0.8543993540927196,1.0436007139789034,0.8826948635000237,0.5930093106643016,0.1170095130625684,0.5102596707192535,-0.6598388726047404,-0.45668476844887373,0.025284158909466867,-0.3571627761698547,-0.9047881389401252,1.0190916031585828,-0.17214735477882975,-0.023132709569313903,-0.32779005260789323,-0.4199059585395891,-0.30087971996892177,0.6555945623982042,0.48765065369020205,-0.24668168564816748
por_favor,-0.25184979905984684,-0.9230930358787788,0.1752917733119505,-0.12352212720497108,-0.2108196984897351,-0.3649867203104659,-0.5022070785415353,0.2840400597443553,-0.36868932173173724,-0.44852482061754795,0.20921080992904117,0.0482556295212897,-0.7347362460940586,0.054634958334715045,-0.5556743239928242,0.6265872024730034,0.6369813674891756,-0.0003265767910919492,0.7299611379733308,-0.8097660294746463,-0.020969507925963048,-0.7237215304378257,-0.20760957292177706,-0.8610975910120774,-0.7340003025343662,0.2993307707053843,-0.5897857413267368,-0.7994000496623836,-0.5055229022080959,-0.30124053773778814,-0.0811552235619143,-0.5682319023757334,0.29443934994130927,0.017661610385342863,0.07504688449036644,-0.2108645447626133,0.6018615451520696,0.17071390686991997,-0.6509462751629078,0.4042632251078857,0.9290717360623959,0.0598480783817956,0.854845936910042,-0.39215034188945175,0.134789312842447,-0.17934279508004164,-0.1420540472707056,0.5732441804809667,0.10468026557243607,0.9018781317091661,-0.007250696439935866,-0.8840624344787594,-0.22249021313995088,0.5646796869072568,-0.12807855631999837,-0.9195337686780738,-0.4398367179287922,-0.8756397178701387,0.8846337516414005,0.962678758829672,0.6642493584670907,0.24987033308660583,0.49678514672896124,-0.6572110530585118,-0.4405953498001166,0.007170427391259837,-0.23898200919548965,-0.968518685072458,0.9216160691853448,-0.17249144296392582,-0.0665114974066471,-0.34559665033847214,-0.42243534208162714,-0.23546406717073848,0.5887464092407935,0.5154913395613272,-0.1572937784149765
por_favor,-0.16032231192332222,-0.9720752496801033,0.125107987261588,-0.048261527374193675,-0.18525610311128327,-0.405952847042162,-0.5591318016106946,0.27849533635844237,-0.40038408012919235,-0.49425211277713926,0.2919866020881921,0.08468598878147635,-0.7692618851553075,0.029610979096776423,-0.6987056453074018,0.604964818455243,0.6948389068098348,-0.03331186685538125,0.6914792464573143,-0.8386936610153656,0.05523868332168595,-0.8398724646599827,-0.15157580874486126,-0.7687547611928252,-0.7256431939128645,0.17216063614288973,-0.5542119067033525,-0.7935197758221901,-0.5341245187001705,-0.31869856072948355,-0.08394549015648119,-0.4980756819983714,0.3278002245171848,-0.07189036211775365,0.039020489734208186,-0.22029719448012253,0.6068524676461589,0.1668754239838685,-0.6159206707211105,0.4187857104468848,0.925997725267796,0.052126251189584354,0.7907043799466834,-0.3106987656913278,0.14998938537972428,-0.14958852457609823,-0.12604412429662853,0.5237836405561069,0.0336499860141187,0.8575559345656113,0.018817155956350473,-0.8797960235191782,-0.2760285483733055,0.7068568871312852,-0.2010147420614804,-1.0633804427166687,-0.42691620411717623,-0.8113872523815716,1.009992015403402,1.0365351603820105,0.5516484963909881,0.298015498842235,0.48165901706583564,-0.6496122105670763,-0.4776454026178306,0.04886845537794678,-0.26744311285456274,-0.9163765860659276,1.0020007629189323,-0.11233943881594369,-0.018119857660570223,-0.3812580308207193,-0.4399648058749411,-0.25890733084882356,0.7098039477932486,0.5346297022158224,-0.32501455923403155
por_favor,-0.07136387635094074,-0.8451264014219824,0.11192514381751471,-0.09940100549870513,-0.10741412960656402,-0.35310447375120285,-0.5815887207474215,0.17283195622017195,-0.3937589012244312,-0.44143985001203967,0.26807581668491326,0.11155542473395716,-0.7695802182169094,0.0005259046978180228,-0.5363449014066017,0.5631538769451614,0.717952274644594,-0.014876827322405438,0.6520389293996849,-0.7595325854372876,-0.015892890352622365,-0.9257912674115902,-0.1662923586703587,-0.9070234687650516,-0.7782444298466041,0.14508418806457524,-0.5171045672451621,-0.8197793433580277,-0.5149973890799382,-0.2304232303399354,-0.02536626402101956,-0.6072829619130732,0.2878691752651093,-0.11010957590369969,0.003784471411036286,-0.26923662116622304,0.6219912279406191,0.288645977217837,-0.6504117211966818,0.30194768576657915,0.9110406505327917,0.006141268609156217,0.783407999155303,-0.35331335093821836,0.14655284238726532,-0.20703311525374926,-0.17375091008065535,0.5854082520743862,0.020425185451321347,0.9343950341643462,0.01994313156340137,-0.7475688612603636,-0.3060286927701619,0.6905176794188311,-0.17091925084957807,-0.9738627658353556,-0.4984752239517281,-0.8369434223000843,1.03573468446772,0.9807354985529949,0.59192617907504,0.19630265410875467,0.6473751488046147,-0.6140546534191795,-0.4600447191771311,0.053133158789006034,-0.3035085946933918,-0.9154087812053554,0.9048321328290211,-0.1378863230096042,0.0985786674180009,-0.3239635498868272,-0.605068564913299,-0.16538405473357784,0.7185152754144598,0.45552984735890495,-0.2057156889275643
por_favor,-0.17098015625685253,-0.9716603221575352,0.17425227379091096,-0.14294171675693168,-0.2527509789227715,-0.3424955191313186,-0.5946321515700328,0.2984603611700004,-0.3999738315421657,-0.48742456536628137,0.2945204728001501,0.06432370017913365,-0.7683412433884187,0.08490612055857373,-0.6214371804803295,0.5708165939673188,0.7168460048495603,-0.06505974380697424,0.6667402819060191,-0.8405299158902388,0.000758995492173925,-0.805805572085414,-0.13288505216887095,-0.7641929725469547,-0.7452102888686526,0.24630504214449772,-0.5280996109628705,-0.7854376071106111,-0.5600517403068316,-0.34806936130794963,-0.039079244828583985,-0.5985237841968883,0.2557138524207694,0.021462759644106877,-0.05203736125764179,-0.2473394925345031,0.6386608463221308,0.17578450480162594,-0.6777957493780101,0.4140548703718198,0.9380728687309524,-0.07581640497386259,0.7615770336248917,-0.23594661193209324,0.10132204851656015,-0.1608231241129966,-0.15358651211186136,0.5487676088282938,0.04205220542909774,0.9318215289976363,0.0982819909107176,-0.7971327746945995,-0.31986225495940723,0.6846839838648582,-0.19873604548470514,-0.9228129227058711,-0.5453065818656451,-0.8199285683131734,1.0470248023684263,0.8917170093725679,0.5759730575204953,0.17703766739633017,0.661539031137238,-0.6830441120920385,-0.3300722642533137,-0.015197849154602039,-0.3362339860627004,-0.9429722961016099,0.9240224251420993,-0.1306850979982315,-0.02743803137776967,-0.393884444567331,-0.4225868946820595,-0.16503054823281693,0.7114986241877675,0.4996940603534422,-0.23694171282774745
por_favor,-0.15286173024928792,-0.9958054115819719,0.11747474092905266,-0.18803673439078614,-0.20896044228379163,-0.2816846951820113,-0.49567027983821066,0.25820668960965143,-0.3453677950362215,-0.4786378656664659,0.1753839562342056,0.08889276948500734,-0.7023756431466297,0.030739670225505052,-0.643239041611425,0.6187808245624018,0.6586639336076039,-0.050215354180677275,0.6427176453769146,-0.8364603978500866,-0.043902470362054996,-0.903639100252006,-0.17904312291658103,-0.8199685852954728,-0.8200487789176439,0.19785086755905493,-0.4856108162582944,-0.7793340627641959,-0.48232152861881455,-0.2336475206995552,-0.02553827847300679,-0.5927792553382251,0.28193846984210164,0.004329659721666296,-0.009110090438103353,-0.32034073533625457,0.6118751115883021,0.10345492625886471,-0.7235098644048915,0.40151589061410187,0.9243459163008368,-0.07058705797534803,0.7873147060989468,-0.26846571161472826,0.0778711767421294,-0.08128390686534193,-0.2045140152028992,0.6589845772127483,0.05064532547113848,0.9147653037310779,-0.006185358328079232,-0.8389169587734159,-0.25589108776404956,0.6973929028040287,-0.21560396775671706,-0.9929234941366916,-0.4491191910284278,-0.8641709017761932,1.0647416416683844,0.9148365090146009,0.5787769675965627,0.24441395504074293,0.44877097280318484,-0.7222222748392902,-0.3590792877934622,-0.010462945860431297,-0.37770398851960957,-0.8152157101055454,0.8966160083207152,-0.10808419137389808,0.011455138394518798,-0.49344878076150656,-0.49387634566411637,-0.20379956688451972,0.6817492683449448,0.5186701467644009,-0.26095343186199677
por_favor,-0.09238497361138445,-0.9826139897482209,0.028801584936779534,-0.1942416335475079,-0.23236991858479267,-0.2888510595976921,-0.6664314073772428,0.25224387473379256,-0.4139868623545754,-0.47147787846679834,0.3104480302985748,0.03636282019331446,-0.7002600312326487,0.02903441010054843,-0.6387212139878043,0.6856687518526706,0.6358834979932091,0.052930266535727855,0.7259432989894347,-0.8646852957134672,0.09195810611548853,-0.9618324968456706,-0.16984367767017472,-0.8673622788922287,-0.7250758833538721,0.1378374128978327,-0.5263228014544623,-0.7954304521711117,-0.5833552829916848,-0.28091506769173596,-0.07785611203230272,-0.6509452896230212,0.42088209991157854,-0.05821868804795394,-0.10040701397050247,-0.26831963224895083,0.5239110744645177,0.20131563855763907,-0.6593201700157929,0.4214403333038297,0.9106010368866481,-0.013950790012412593,0.7604935727119064,-0.32083235386455417,0.17605492702366032,-0.12810430278251256,-0.10149983246535865,0.5780963154066607,0.11543046886439953,0.921891955966746,0.10635872393015022,-0.7763698433902926,-0.3005674925501148,0.658913879011428,-0.24674599386344118,-0.936449540029288,-0.5983321340662495,-0.8426035537231068,0.9822443681175181,0.9978926117453999,0.5669208367419241,0.19346832854005944,0.5860298875680314,-0.5923923244927365,-0.44796115464871145,0.05722281223008645,-0.2720304888702798,-0.8899593992281425,0.9531781077486443,-0.05322099138412481,-0.08648429542277203,-0.3739738766706565,-0.4581139578670786,-0.203358988761008,0.7316717507997399,0.5334053822342901,-0.2558559473820863
por_favor,-0.06301663353946226,-0.98384962353309,0.14586932489701016,-0.03882909084239658,-0.09851719048227348,-0.3340418388160456,-0.6072916705129211,0.16211236788836308,-0.3851636707552435,-0.5221063111928127,0.20261093235789296,-0.0012531014827554532,-0.7538597259429657,0.025757771807143733,-0.6174395396478842,0.5406449638626487,0.7614147705987367,-0.021936588135642685,0.6537368490516601,-0.8293944326197062,0.10866982192059872,-0.8526689628994879,-0.16189812617390148,-0.8833112364847101,-0.7566506726460486,0.20523702421159737,-0.5673550433543068,-0.8693778632920841,-0.6019158553340523,-0.2276205069490136,0.007275019351123527,-0.6408455059302992,0.31445128978980075,-0.0927889681350054,0.0806892541368459,-0.21395290536816958,0.6347569838139808,0.07425369039648633,-0.6415209478991278,0.40112099003008733,0.9716986137180524,0.04576011224532597,0.7823293623660273,-0.3468141766125764,0.17327306436439327,-0.14791579837803628,-0.17014472162278413,0.5071107584213164,-0.002649873820306445,0.8819698959115801,0.1435509225999232,-0.8269186654646787,-0.2938035819461112,0.7419438049180074,-0.2290737449902678,-0.9408277544936618,-0.5146270406415691,-0.8267547272466731,0.9088426042965707,0.8986507394636143,0.5186044193104469,0.1906544067204713,0.5904910960849845,-0.6868214673143205,-0.43948773327090296,0.09171997180993527,-0.23332395983171722,-0.9130706228726394,1.00054263341692,-0.17113788833420387,0.07689959545457593,-0.24548205023374975,-0.45444970494628967,-0.33043681042561523,0.6361222861491125,0.5041353786576919,-0.2626530159750432
por_favor,-0.0644002680034876,-0.9187396731224241,0.06400118071912846,-0.12774197422488362,-0.20395605685697646,-0.34845960191287384,-0.6184323939459426,0.2972800227129793,-0.294890049809404,-0.5379048664560543,0.14610685122810219,0.04602556746150885,-0.806760894251567,0.029466822715038705,-0.5936734630158731,0.6453773904966882,0.7180203132147417,-0.021184086478623337,0.5942037248862818,-0.8393997885225881,0.014056543270881006,-0.8374791505156065,-0.17917974988167568,-0.8286907986905678,-0.8195801693626543,0.07892597761298831,-0.6034008533313674,-0.8646249220926849,-0.54255197108785,-0.3262541328267443,-0.09133688733913897,-0.64573419977883,0.11918517880420795,0.04155520854088082,-0.039540086101741145,-0.24683570125537674,0.5145303006186887,0.20860487492764498,-0.668231356143506,0.36018642895101904,0.9094906796113091,0.083925718446677,0.7753916562982259,-0.32585937153857597,0.08721918094845528,-0.23963713093139505,-0.13450740762536922,0.5693926256104315,0.12618757021169613,0.7950596271647505,0.03216150394505282,-0.8648472099777729,-0.26748923907861927,0.6944493234325823,-0.19353434818846185,-0.9251904652818036,-0.5508101775442488,-0.819004186414406,1.0093766449275199,0.9251690135479431,0.6805621018596194,0.28145504458952314,0.5765644886630534,-0.8124769453600338,-0.3350062817252216,0.08787167672432515,-0.18643100586883538,-0.8467688399225229,1.0452240245892896,-0.0733574187812876,0.07543553869058085,-0.2532111778938803,-0.4696827575868156,-0.3048317565623817,0.6486607542682447,0.49299139254339763,-0.23783448689814718
por_favor,-0.1903382940239638,-1.0297009176039662,0.062266822325676825,-0.0889682369642387,-0.08024740728387347,-0.2935019773033667,-0.5378313675686082,0.2345011540431495,-0.48779477553625195,-0.489106478838402,0.22932944494497087,0.03343156421229401,-0.7281053660414015,0.04922723052614038,-0.5884695092939946,0.5567643024150302,0.6127626149967479,-0.03567021120070113,0.6953084905645351,-0.7795686498752076,-0.017898211865797348,-0.8437998098062737,-0.1292509498234495,-0.8047431420226054,-0.6991533906312155,0.16044855811956255,-0.5767353212737041,-0.7867036725347455,-0.5913949111135656,-0.2749468154406715,-0.10008464605370616,-0.5851983370828127,0.2758048119904918,-0.02311403065766142,-0.01251362971605369,-0.24316911248922274,0.5920753722830067,0.17011208306367892,-0.67561289876493,0.48677281103996667,0.8795653142414461,-0.0031934674072021958,0.7003586767864406,-0.29816862072441136,0.07852592843657784,-0.1588235862016087,-0.1451086902129683,0.5671629263242591,0.04356880111805364,0.8777191690050342,0.1602091435004992,-0.8215818159262241,-0.29536773925107257,0.6891593244184419,-0.10518216629056112,-0.9573535121228557,-0.5401093531629128,-0.8999610660324103,0.9602476987930669,0.9114357406330109,0.5365343098477114,0.1474242379635859,0.48845370218529455,-0.6319705559089892,-0.4330154007247641,0.037775666146026426,-0.22324703649173733,-0.843891712012279,0.9522006435575386,-0.14883333682447702,-0.035220636925371654,-0.3182785764451904,-0.4907458561818403,-0.2455449738746147,0.6233505705121241,0.43501079212365634,-0.22557595654206286
por_favor,-0.19378210901035559,-0.8984041016548204,0.07263272356667236,-0.13683701197603587,-0.22611329373204966,-0.33994865490437,-0.607118779058843,0.23603790275850406,-0.32710520773285917,-0.45746054750475473,0.2025347063312996,0.022718193026749718,-0.7010835500144444,0.09209090708116405,-0.6170243676686169,0.6051059328610854,0.7384374714458128,0.05942689543173167,0.5956434620786344,-0.8073480990166516,0.05967898243858612,-0.9363631765330225,-0.18803875400554193,-0.8494773061101826,-0.7821195664163142,0.16940476541041527,-0.5358458581387812,-0.7428248988216656,-0.5053217379704538,-0.34223858305179056,-0.10666018077054866,-0.5307224554692582,0.31315064720076186,-0.029717086803046897,0.034140273814846626,-0.22770488685545343,0.6135041430355349,0.14320502293032625,-0.6619625562734107,0.32597739069583764,0.8947129454372388,-0.03383383649908369,0.7603206262319441,-0.3630983573967681,0.10761107396426445,-0.22062877652768592,-0.09907045012665698,0.5489926940486309,-0.014052033393488206,0.8657429583623997,0.10524639167431263,-0.8629612527692399,-0.302162269656864,0.6979713741585996,-0.17027003714518757,-1.0174128910622589,-0.47813909794439935,-0.9057259226064595,0.9868076244300559,0.9393896197197716,0.5741633963531849,0.15245125550439906,0.5156353934987499,-0.5802825913778844,-0.482037287884302,0.13274940155597223,-0.2997374963083088,-0.906873498654768,0.911971350145189,-0.1558536321241806,-0.017144603743595718,-0.40520211347449797,-0.4909563923742695,-0.24657102394881375,0.7565728563907884,0.41519540329020277,-0.23644434027929573
por_favor,-0.11561788162090124,-1.0016635637768092,0.13366633053006022,-0.14927156540752765,-0.2838838784041753,-0.3063378773870235,-0.6465497761294332,0.18615318539437245,-0.36629554850633383,-0.4837035239151892,0.2881562730661648,0.11879249332234407,-0.7630865323262478,0.06681936732924437,-0.6688933087758135,0.6823260914899558,0.6733027350524168,0.039778046811855816,0.7353124720090147,-0.8249046548764313,-0.023034977827426237,-0.8769968658233143,-0.25143475045244873,-0.7957171667596623,-0.7281992900460258,0.20016558891026015,-0.6966413073561561,-0.8493904536345246,-0.5967921350013137,-0.28576448333394916,-0.0499580855532503,-0.6050247370686284,0.31257572726002747,-0.0851724476616417,0.04098519032179808,-0.20247759252088685,0.6061526455250497,0.15090633620133048,-0.5838656117538091,0.4261644776388064,0.8806853670158323,0.012431996127232694,0.8166642967460007,-0.34617812460399616,0.1887518676019735,-0.12580638812197936,-0.24362939082966933,0.5681019688610969,0.050906889274676875,0.9343434446168201,0.135627062308795,-0.8260520530928596,-0.1840525849527244,0.6927656637808286,-0.1562090227514046,-0.9053481395284334,-0.51051282044993,-0.8267725431272015,0.9579703734844374,0.9200322058032862,0.534892267748358,0.21570469862943714,0.5461823046960802,-0.6025859489026827,-0.37439653614332624,0.03389397276835678,-0.3456604221211961,-0.8869995493832012,1.0218445493351576,-0.07953091260010939,0.06222475500116962,-0.36351184149051446,-0.5038414429145082,-0.26306529697006514,0.6612389759383219,0.46956457277578484,-0.23124498468976926
por_favor,-0.1344750685677679,-0.9548289228305559,0.06049025310881109,-0.08227426408587171,-0.15543849271283638,-0.34805255470651586,-0.6280741945867753,0.17194627718177308,-0.33529244302348654,-0.4386135143876764,0.16107177341009143,0.09644130358956099,-0.6847160507984774,0.033375048646539326,-0.5512147239185815,0.581506277739491,0.6371094088815181,0.006732124816271664,0.7053678358005725,-0.8708738884207857,0.03917012208727917,-0.9528102545357868,-0.09422700343308164,-0.8508442538590475,-0.7949273628532967,0.18779937934181773,-0.5263273523893465,-0.7779124282003625,-0.5965205441474996,-0.3256518945529959,-0.12107714820427262,-0.6077475425515628,0.3345645111553751,-0.034073475778690514,0.053444152775070926,-0.15344463087657179,0.5578739829313057,0.15067969510284504,-0.5668431599422474,0.4737218638133097,0.8454819338878927,0.01937413814347881,0.7790681275092746,-0.27545003911484256,0.09703931688116577,-0.1868884920098135,-0.16030900971108247,0.524521942684279,0.11197455533576336,0.8484243952322893,0.05728562529823833,-0.9252607749750225,-0.21695930547934053,0.7652525129805604,-0.2038035854472877,-0.960492736450962,-0.48298442689114846,-0.7919871581571779,1.0081345602207417,0.9062835296305913,0.5195755736658516,0.1478779296777604,0.5335806934189863,-0.6943154829916839,-0.4042051510615825,0.02048754978891674,-0.33965875931920275,-0.9674936510818535,1.044424616183087,-0.0728407738311244,0.09452677634970318,-0.3259198198928472,-0.5020100649364678,-0.16005318323397827,0.6623803992009134,0.4845362010887434,-0.24372008507050102
por_favor,-0.2753554066801932,-0.8679107857294747,0.12387515305530596,-0.11286406172002074,-0.16235319893855,-0.3311589669729452,-0.6205666787166274,0.269370900316691,-0.46604556987091034,-0.4570420281707394,0.270346339067145,0.04835073186293298,-0.7122967196865816,-0.02241047708021967,-0.6794116072509676,0.5825061516846666,0.7418780680100302,-0.10526960801122993,0.7192240024704744,-0.8678691210006949,0.0008518758780372976,-0.9364028874044956,-0.18633620681455654,-0.7586319024022593,-0.7440368878984344,0.17435169787171365,-0.55380041642308,-0.761648040146819,-0.5373628610507137,-0.30409878001324153,-0.009777075290566102,-0.547990415624736,0.3014820518863494,-0.03112973975099318,0.04333949479307522,-0.21050132667282223,0.6403149124734515,0.20498642659252866,-0.7263154980662587,0.3472065346772272,0.8940396829583065,0.04882365684377954,0.7002246780537276,-0.297034825202381,0.1524154098100666,-0.08677567047347026,-0.11748853941320762,0.4859579004650056,0.0232405989629065,0.8483846777948421,0.06151912197954726,-0.8449552338211468,-0.32558727296101203,0.7752341075416178,-0.25371398250172045,-0.8782900970171768,-0.4463873704333263,-0.8207961310416388,0.9530156924677082,0.9582831707131921,0.5366481455876427,0.24917959456262226,0.5262204818265496,-0.6820151175609784,-0.4751407786939339,-0.07574155533072241,-0.33867848060627,-0.8530021597285545,0.9461652192906852,-0.12575660414605894,0.04077859667272788,-0.26263392102478905,-0.414260261758444,-0.2748369795492846,0.5669052706971314,0.591474825529231,-0.1281292855337524
por_favor,-0.11858751589452834,-1.0116719486233083,0.14748628245211526,-0.13475439906407677,-0.16491345198035245,-0.2946074158369953,-0.5739839945806501,0.17925118715058014,-0.4169277494050524,-0.43328780336119943,0.26778027665884074,0.07138501727200192,-0.6841689615863397,0.009070393140629619,-0.6221867799452159,0.4018913406244669,0.6854680755868369,0.026668820192637832,0.6736032473590788,-0.8640204155677336,-0.04158046734533301,-0.8192586965897866,-0.11633218112819259,-0.7656674387876207,-0.8319907546953396,0.18546811579390987,-0.5619815491790285,-0.8001372167099617,-0.5901889630447784,-0.31765264358240225,-0.02194279170006693,-0.6921561151374608,0.36967818883135234,-0.009668272645173628,0.008356845254087631,-0.18087299044423508,0.5146831716247324,0.1267733124980626,-0.6814565746149,0.46978271173592134,0.9267773311221824,0.0225194558996908,0.7495611780954834,-0.2924305912094061,0.21815023490414137,-0.09513173882407419,-0.13057827333529595,0.5868929123574741,0.10008419472567323,0.9328138374745971,0.1440139883392247,-0.780586270258077,-0.2736731264937034,0.7337949610828918,-0.20660465996208807,-0.9917488880260797,-0.5191202097904927,-0.8695251661130697,0.9046249733836462,0.9841772547251831,0.4621504311350537,0.3393750897852509,0.6050136775931789,-0.6745995430402598,-0.41348221833293175,0.0632823442800926,-0.3162094571539293,-0.8990111121298531,0.9591068918293424,-0.12200379715185486,0.017073931932337173,-0.4185937548483021,-0.4785320082990435,-0.21804784202760133,0.6704762803367975,0.46270257480241805,-0.18468597731825648
por_favor,-0.14569282346007004,-0.9367812410030578,0.16418983245369556,-0.13332402176446187,-0.14854123245164438,-0.3441495898079966,-0.5288342422461351,0.22565570462201262,-0.3365229237865434,-0.47152484452661997,0.19929467936618897,0.0922528470827842,-0.7460735009979157,0.05818128748645099,-0.7675904879523562,0.5709305587280943,0.6849703203411036,-0.0646892595627083,0.665460920622946,-0.8693942031965106,0.008092890500878866,-0.9377933142904916,-0.12794165579223543,-0.7386274294184855,-0.7316336317500538,0.23394004841864202,-0.4932478760608385,-0.7242841557708253,-0.4658806512178153,-0.32530752990719797,-0.10034923009345534,-0.5573402650538326,0.3162267614126996,0.004923436084287761,0.10493756274961087,-0.22564620232295668,0.6085827368654634,0.11098894518143954,-0.5686367467965744,0.38467744715385693,0.9136913637704688,-0.017320772209978654,0.7467953349600729,-0.3532445471001632,0.10810304111094228,-0.21319786981032712,-0.1657713699595639,0.6505665255665816,0.10799110417738109,0.9537796627261192,0.14727675966705,-0.7441034272318309,-0.3558863242221514,0.6402068522446763,-0.22763609694883263,-0.9690817580347807,-0.5206739915345557,-0.8880601361663927,0.9986694684991485,0.9429253962916079,0.5643749625062612,0.09485680396155628,0.48027628563442815,-0.6890110394972729,-0.4263075082015064,-0.008349622364798408,-0.31129176107930323,-0.9651914389334793,0.9600159231370088,-0.17094472770843733,-0.03444435406021799,-0.4183515714800593,-0.4881855292842151,-0.2695426178560951,0.7093730126027732,0.49378662590887074,-0.24507145952590723
por_favor,-0.1678844705831819,-0.9291215210784022,0.13386000022485015,-0.12222079415336473,-0.07907930305167542,-0.31634849208851096,-0.5450223710459132,0.24522020347812631,-0.3669074299881049,-0.5061845114277255,0.2193477473779501,0.07575236622819712,-0.7137351352322638,0.05253683367865522,-0.576100624092233,0.4994217370425763,0.6592279578984628,-4.769318243172914e-05,0.656904789124763,-0.6718206339174099,0.036278161201914724,-0.8733435336727516,-0.1695288084594141,-0.8309462828384271,-0.7441730235316862,0.19908971458825447,-0.5708109560262039,-0.7997662437060291,-0.49217335709715077,-0.23112218186084976,-0.05182333183865567,-0.6635765338319062,0.3077386082617818,0.04385379318405459,0.0789624951352172,-0.18949340512239804,0.6583960566474453,0.16267757137956437,-0.643997654503687,0.36746591489805347,0.9437154329862959,0.06649343453895971,0.7495689573179453,-0.359844866130995,0.13916270220660337,-0.15624118359397987,-0.09404808789288097,0.5304553936968485,0.15713032777544833,0.8430006489916805,0.151103059607191,-0.8740526168653555,-0.3571143333791603,0.7135947658264468,-0.20018031320479254,-1.0010757366054523,-0.5897143665910566,-0.8661292978896635,1.0364958674237366,0.9704083014086693,0.6033520347071369,0.22757662147182153,0.5285590142844702,-0.7330353189831627,-0.4849982356222926,0.037975324151494495,-0.29478410207278594,-0.8660929355838617,1.0041721019031629,-0.0870335105023591,-0.006013256895553796,-0.4219499734361093,-0.45990693765242474,-0.19996176369536678,0.5446072261451175,0.43177720324509267,-0.2761315849864199
por_favor,-0.12209268565982066,-0.988315557982502,0.09741822731618627,-0.13988196178109585,-0.16722186940190834,-0.37515007267728906,-0.6226519846276489,0.18452857971229275,-0.3816872806222621,-0.43779031836469834,0.20373676803232285,0.13431619335493036,-0.7465701816822353,0.10366552372132089,-0.6632266273977496,0.46934140680337516,0.7280604765245952,0.0009009300198049765,0.6948426604803152,-0.8728206699040775,0.008763568969116972,-0.8949899641197201,-0.15887282312180864,-0.7648565558905212,-0.7364691951209404,0.22398818732379044,-0.5595694241228177,-0.8032094986702728,-0.6170617124033128,-0.3188492606218113,-0.23048075861485648,-0.6260246457853511,0.27671974157028767,-0.005676646182988902,-0.0029604538391495693,-0.20883102065063142,0.4782854758136419,0.1571665151452658,-0.7593779426410424,0.34108951743134586,0.9197438827853173,0.06382992173411121,0.7976004660657927,-0.3158611448009248,0.13331173578206343,-0.18058951806800327,-0.1537046446150362,0.5744871722677405,0.0019403210730879195,0.9371371564038844,0.06899096694026163,-0.7945323017064722,-0.219260523788355,0.6180468073837164,-0.21652895206545927,-0.9883716526073321,-0.5962819202589504,-0.9173379223365612,1.1097668151058127,0.9716361215649691,0.6963811006954613,0.24508916481185156,0.49282756285293927,-0.6806376666653463,-0.38453172734910507,0.07000906077438027,-0.3156185385398989,-0.9841417280381602,1.1306949500838623,-0.12434764490744685,-0.008286065900825756,-0.34725064173533726,-0.49264692397127735,-0.220083783973201,0.7283811635748227,0.4672666885899046,-0.2997143880831131
por_favor,-0.13609238543992302,-0.9713676254147129,0.17051990261976085,-0.07079926152656771,-0.153888145803482,-0.40326715073321456,-0.6519973450963122,0.23929809578055508,-0.38387450418488966,-0.48507659076056947,0.2182591863282281,0.028644226895145786,-0.7320098073223302,-0.09198187507216041,-0.6861866001446549,0.5393177533609794,0.7683257450265736,-0.052217007332590853,0.7021463778064964,-0.8293819084353282,0.07538800552644603,-0.8062981208780363,-0.14663049324496694,-0.830712405738247,-0.7788717117387296,0.18143745683390253,-0.5696776665077082,-0.7584272609121224,-0.5383720949846204,-0.27075737043615067,-0.0014608452635910957,-0.5033700914000605,0.2870466201002075,0.02111285967328596,-0.007109569154612489,-0.1669643485837306,0.6403503667419463,0.21042915625276284,-0.670699310935796,0.36808678501476805,0.8593757382852365,-0.00198513803562148,0.855690755004749,-0.33226493972598437,0.17354458452842128,-0.10271050338183332,-0.14068978499276064,0.6189356118701765,-0.07422469022871256,0.8463469399528245,0.042634705478281285,-0.87679590659332,-0.2505020490906644,0.7162028981616985,-0.16775038529534797,-0.9157911935036764,-0.5531507504625758,-0.9266200618664566,1.0075200069429389,0.9096490230720251,0.521992949996775,0.2522014570380089,0.599674816228478,-0.5836910623467112,-0.4046031502873844,0.07943035539937357,-0.21825802658638666,-0.9407128590103716,1.02184077491713,-0.10352034958314613,0.05368646137543479,-0.3436127138868056,-0.41569765901832584,-0.21504404123139834,0.5898348462956309,0.5460904441899619,-0.2889554031653307
por_favor,-0.06535728520379676,-0.9526596804162334,0.1581255050173036,-0.07261678402010799,-0.13775724710925338,-0.3139035921108952,-0.5695713010646867,0.1378506948872735,-0.3947741417060436,-0.5221486585978615,0.25082702272587293,0.0011370612349173581,-0.7900877063714367,0.10740296761918794,-0.57764789929996,0.5704631663861393,0.7171890177914287,-0.02392212652329483,0.7216167895139122,-0.8745117643093182,0.060179193386805795,-0.8820813332769494,-0.16474769459678257,-0.8058525177545327,-0.7752373980937256,0.20992473543201573,-0.5748441282571982,-0.7626824512390923,-0.4985872589133068,-0.3363135143338102,-0.07095380370015808,-0.5734470118182983,0.2590205826807593,-0.01064430085516345,0.03824338306968526,-0.17205160894816618,0.5569754065789085,0.11286959574408956,-0.6907816724735595,0.3531170762369575,0.9573270703808852,-0.05807084266838708,0.8956909488049243,-0.2519763015790931,0.13491704373543426,-0.10153834875788109,-0.20834556716194158,0.6792870365641785,0.04169761638528817,0.9014595831947654,-0.004380344063217564,-0.8114957902129056,-0.32263240450381464,0.7067837960873048,-0.21466363555032528,-0.999482464956818,-0.5458635970934242,-0.8544218568218146,0.9236294741991046,0.9037200432031682,0.6336803713283975,0.3337582365546504,0.5537991618810133,-0.7074121889405085,-0.432309244864736,0.049713200908357354,-0.30422268528626756,-0.8634891611723532,0.9771805648651367,-0.07189754204481305,-0.007721310756576227,-0.2866423539445395,-0.4888347737198032,-0.27477972281537477,0.7728998183211129,0.38224522522616994,-0.27851580238197143
por_favor,-0.1593615883075122,-0.8227322226913891,0.18966789996474387,-0.05465880758133636,-0.17579732894383854,-0.218021457800163,-0.5722851317322665,0.2874051012164835,-0.39170588359564334,-0.4688187783604293,0.22967873184227083,0.04780218888312002,-0.700415526876229,0.04551623247026225,-0.6326938372163536,0.6461464952682896,0.559612931841941,0.013968037159915365,0.729009906047885,-0.7833609025691195,0.007248608190739867,-0.8590309878570459,-0.09445792563948505,-0.7323798484647659,-0.7607068558563835,0.2068394071135696,-0.4640473005740904,-0.8923099851739766,-0.5938882158496098,-0.22705563106325333,-0.009798139154984363,-0.5703912869237346,0.2583836067743736,-0.07795125384576768,-0.01908734092502042,-0.14881428672194674,0.5558527744253868,0.16507950596759619,-0.7130881852384595,0.44364339471926384,0.9021658461611882,-0.004862972167287229,0.6948710212401485,-0.39744110646802766,0.13467191492149386,-0.211165931167668,-0.02125114197967687,0.45004221438858816,0.031199582062107434,0.9083194972531108,0.07015967340641505,-0.8910174282831463,-0.3152115886247226,0.6521683041340415,-0.20178599864510152,-0.8479988137344296,-0.5017486571773828,-0.8065662340567145,1.013052840133953,0.9968537466534582,0.4605184871354943,0.1884113417535233,0.5952764920608987,-0.6901358979691108,-0.3258298781176398,0.12232825828911652,-0.31020797356085533,-0.9338002454615177,0.915626598596702,-0.14876987288349644,-0.05362857445014052,-0.33147680590895207,-0.5533128191730476,-0.19603357854896408,0.6954377341140142,0.3904338923150297,-0.16408793580030812
por_favor,-0.10232973099523139,-0.9106626352719739,0.06139169568027967,-0.09823625883979031,-0.10294472333891866,-0.3442607779424856,-0.49060660896189695,0.24074516444697427,-0.34365136262832996,-0.451695009431334,0.2715437421814332,-0.02528242482766048,-0.7122874223993647,-0.009592512531370452,-0.6734401839950538,0.6578754548566459,0.6972620728758602,-0.06169141678491922,0.6751663893094922,-0.9057315574279737,0.08218640365322143,-0.9042110284345696,-0.11729034810803765,-0.7391328329682586,-0.7706876906581815,0.2200917395708309,-0.5994803015367498,-0.6638201529243498,-0.5125685791280494,-0.3099777519314418,-0.10306671737984771,-0.6022133751120506,0.2638142643122537,0.06378689880347864,-0.05080329607364684,-0.21947462659837122,0.5863580055514687,0.1541378427383698,-0.6808336357422894,0.3957011527082883,0.9727554634951153,0.030465944665055242,0.7999857084609292,-0.4684721627650441,0.14927799896357674,-0.22769004141628402,-0.09418946578961071,0.6268432383727264,0.024896391365885097,0.894395417772598,0.05844853504355443,-0.7740385666621103,-0.2625638023863555,0.78811747703732,-0.166762203756729,-0.9334727591785098,-0.5022351828751516,-0.8248116535632238,0.9008197129302786,0.9454278245303726,0.5970143800787754,0.2399051841688231,0.5205346406096611,-0.7134858285397776,-0.41358600261513545,-0.006008275842688732,-0.38301454838385646,-0.8722859454349252,0.995259969349159,-0.09393561409062783,0.0731472998555958,-0.3861689594457986,-0.5520662016442887,-0.2297217181988774,0.6466587842837063,0.4313793267357224,-0.24557132379111488
por_favor,-0.1585904530262217,-1.0399478005120588,0.07726612121773027,-0.18617397309863912,-0.1476819922444758,-0.3721320959042845,-0.5351211582172624,0.3187352360647207,-0.3667215840003584,-0.5438967588934327,0.3175274654825418,0.1370702110727664,-0.7299005837447359,0.09330255054826946,-0.6587040256085034,0.47735799889086744,0.6699363633478979,0.07493871806609344,0.6185689745343623,-0.8407329818853033,0.012199374910418533,-0.8950757034246344,-0.16593142479707687,-0.8033257119669648,-0.7737881736941814,0.12238769309879502,-0.5372244016443555,-0.7324403022577854,-0.5159089599262096,-0.34083420336289205,-0.12698642660428333,-0.6107229415778083,0.35920302591961284,-0.0015804249485194266,0.04567167387680995,-0.18172185017360665,0.6083132370090835,0.16603878513629222,-0.6422874581629738,0.3741963880034115,0.8583790096101943,0.03616656907164965,0.840927033179751,-0.37268429162558225,0.17538432937621357,-0.06086978773837039,-0.12661778403425805,0.5122182607571133,0.07735928067165043,0.8799577554796982,0.05757981479838419,-0.8141509520863732,-0.34750167040145397,0.629504561884392,-0.18648536988540124,-0.9467106951559224,-0.4884677931532965,-0.7719499891019213,0.9929297246463368,0.9710692342710868,0.551740055484442,0.24203112598676163,0.5036001776478292,-0.6579780652025895,-0.41939596761457854,0.09978246234642998,-0.3522502654732322,-1.022804001239952,0.9556352558600292,-0.09386359844505035,0.015614347548680243,-0.29130715305990673,-0.4586418607967425,-0.2544126459514682,0.5477627915620177,0.4616285008644649,-0.1901809160038352
por_favor,-0.14761258484934822,-0.9467315231603292,0.12039296847275371,-0.18011983347593705,-0.12810260099308107,-0.2574742684921665,-0.5993433995189853,0.1820887116097123,-0.4040207040020524,-0.5775646552247102,0.2591128287374206,0.08089790743650707,-0.6470582946178548,0.017456502903161593,-0.610696001798846,0.5276058905140518,0.6901292292527237,-0.08778559706925429,0.6833834896507742,-0.8559745036578063,0.02545216854785272,-0.9006068352428758,-0.13958807725646652,-0.8236071714591582,-0.7622550260124208,0.1975087342553431,-0.5459498516756778,-0.7480499294274521,-0.5654197375653723,-0.31784169744955165,-0.07346540308976084,-0.632246753312119,0.26281789575149606,0.06769760675716485,-0.035160497997695085,-0.24014751445684684,0.5679004757196696,0.1476497771433933,-0.691964768439292,0.4154666982753625,0.8435934051089207,0.05187529596703371,0.8106692678743996,-0.3789162739609374,0.020834391607798472,-0.19376168071484995,-0.1386387970177581,0.6821329649287393,0.09837119524402631,0.8171049714306604,0.05393354505115708,-0.8384707772635995,-0.25463101893505435,0.6359635649934823,-0.19419942530295145,-0.9814772250908279,-0.5608334501354092,-0.852731476191143,1.0263978815146868,0.9832126906024281,0.6292360198218674,0.17876576615392165,0.5656472089765383,-0.6460963849264297,-0.40725644221351975,0.017549094515638523,-0.3115952441215586,-0.9049477227029722,1.0883006140637006,-0.10222803728573705,-0.02255854635420906,-0.39453683717907445,-0.5050988251385361,-0.1173555569810219,0.6440709669717036,0.51883763930474,-0.2603752783902929
por_favor,-0.11495096865201104,-0.9085602726437813,0.07072981326692208,-0.16141079747108472,-0.07632091110225545,-0.2901007132474619,-0.5511691159897786,0.2779057473574731,-0.3777118782354004,-0.3654566591355135,0.24446308063244765,0.0871473069141241,-0.8033857557398335,-0.0140917917980692,-0.6911612186979215,0.6343734748091544,0.5803235776779401,-0.03164182637378052,0.5434376405819048,-0.8822734407559725,-0.014055267243185399,-0.8001834365365416,-0.12392394784414826,-0.8485952448452232,-0.6923818706108538,0.19438223068367946,-0.5460976558561657,-0.8462422067686337,-0.6088882715540376,-0.3416022949906777,-0.062101967177690044,-0.5926192611210356,0.3580180836060319,-0.014607570499604986,-0.12490484464650714,-0.21308259836929686,0.5147740910747776,0.11170981152503645,-0.7160112765816887,0.3683377770386974,0.8603446905764952,0.010190822513047867,0.7085000136377418,-0.29893931429528836,0.24613680910850003,-0.2113760263544831,-0.1407309891633631,0.4269455018685771,0.05616158234680599,0.9396203115213075,0.12444828186406763,-0.8319419689357456,-0.22285202541201038,0.829003734806143,-0.1018346795322184,-0.9717213146807827,-0.5782007213286302,-0.8860188293547808,0.9403548845616784,0.9637280041475788,0.5414570252936988,0.19999312118141768,0.5718204236301786,-0.666583900472503,-0.46126922749851024,0.10687445348001304,-0.38070048499217357,-0.925031822303073,0.9642238895453586,-0.11649472837032501,0.0170256815622093,-0.3223953739401277,-0.48228086645799345,-0.24462314346565922,0.643654332036017,0.44291832247230806,-0.2022016999003818
por_favor,-0.16033661968981822,-0.9058089808938051,0.10027490987041184,-0.15541795510625273,-0.1283440350378152,-0.37570305422840766,-0.5587935298879043,0.24917823876091663,-0.43050688710554974,-0.4399137090275388,0.26959715182302174,0.11616016884457603,-0.6825327586896681,0.051719943567806986,-0.6874998162666076,0.6930996450420498,0.6377697747253871,0.03593683347797107,0.7146871615592509,-0.8994161646059338,0.004277133299482963,-0.8733646355384758,-0.07847620901469494,-0.8426037136927854,-0.7587773069186627,0.07668713770612842,-0.46123785913534937,-0.8396320435310376,-0.5430420426469218,-0.30541782147949464,-0.06932507917456651,-0.5560204482265256,0.3643765734450114,-0.02128564539939712,0.04322734091862456,-0.20977012092652936,0.6381514800796855,0.13686253878129692,-0.6216332752745516,0.4570296864966817,0.9832290106126558,-0.03299067102639032,0.7706232461804303,-0.30479934521875895,0.06574615301396826,-0.06516206300347915,-0.12711930062151078,0.5673147643744367,0.042358125008952495,0.8411405759213821,0.05821482602246572,-0.824849946068271,-0.2336437560122745,0.7097905850391394,-0.17011371309200085,-0.9624465869443697,-0.4808330936930219,-0.7915696152067953,1.022943494964495,0.9816377211669941,0.6152175222305052,0.12847648933095468,0.4776863943718009,-0.638805316798452,-0.4145004889591247,0.07012589492436984,-0.2029302668622785,-0.8723402695477332,1.0292512010015664,-0.11255609181677007,-0.03235990511591675,-0.3558106728913194,-0.5207480851916828,-0.1483054815198528,0.7035533530957753,0.49951973740563976,-0.1797817060053199
por_favor,-0.22901301644215377,-0.9187406387770843,0.03379266654219966,-0.1297179996867293,-0.17484977544838268,-0.30624352738740435,-0.5792933674762673,0.3057977913819168,-0.4307855106975844,-0.4308897303126025,0.2503788263835314,-0.023480324949499504,-0.7767709322362846,0.01966234085538443,-0.5755056462115831,0.5938564485112027,0.6495755440849419,-0.018542136638502373,0.7940132931545876,-0.8351478792398351,-0.0058740985102118635,-0.8448400091884327,-0.10558569082612262,-0.8297465860527778,-0.7205513178788732,0.1770461431236511,-0.5120096187000563,-0.7776239734814698,-0.535289194506236,-0.3383066073017767,-0.10548935003904249,-0.5492386822370996,0.27684363136055495,-0.01960859179152863,-0.00484633131722771,-0.1812783590621992,0.5568844098816712,0.15322829576056915,-0.6361031623602157,0.46015307817252576,0.9029141956271761,0.09800092143822764,0.7947022125769706,-0.36891910774821757,0.15274085768491694,-0.16405803413195277,-0.10480204958724315,0.5509755576111837,0.07492203150481988,0.861904785060426,0.1379193818320223,-0.893616523807502,-0.32275344142020895,0.7200690254663777,-0.10730770154519989,-0.9632249230635211,-0.47059690587009506,-0.8120442496829134,1.0284382447072493,0.925600212295663,0.5459643664054699,0.09325686452736703,0.5167776959302434,-0.6026447384035354,-0.47016183559921715,0.08314424297666671,-0.3342590642570758,-0.903338440689858,1.0016964714221763,-0.15026493313222794,0.016525112793150946,-0.37367193176686875,-0.44525306155881705,-0.21445437093424333,0.6668591829904651,0.5514116105813247,-0.20846355899830998
por_favor,-0.16252778902230694,-0.9524407313841055,0.09553001650343525,-0.12533923613218564,-0.03303893199464719,-0.3207877633567019,-0.6924978604295537,0.21140198411547914,-0.49730925702574413,-0.48283536264655874,0.14290215405226836,0.01470466500065673,-0.8068761857918388,0.04636425142986672,-0.6310933005747255,0.5858184110082835,0.7027230158505513,-0.08124121274636528,0.7187990391776727,-0.7445978179684054,0.03095280917373526,-0.8907232211921221,-0.21515870361049338,-0.8523415172167732,-0.7230280737688421,0.24714651929716033,-0.5349326900554294,-0.7461142668947349,-0.5240036736575184,-0.2750207104241056,-0.09734871059846231,-0.5878173718713118,0.23839456023572272,-0.03298888124859162,0.027016616590443864,-0.14227550739353864,0.5217883101647726,0.18408373930517855,-0.6013409734141926,0.43944708150625234,0.9707494323197624,0.029401467433824092,0.8439568523810607,-0.3711466030633991,0.06499192195690622,-0.1452247804310427,-0.2345635791249875,0.6146506602031012,0.13224410677008472,0.885816926135507,0.0698777904631788,-0.839427529207484,-0.2647141641279782,0.7080597039687176,-0.15953830856018322,-0.9542265858607247,-0.45848585683140364,-0.8434138696698255,0.957355850548914,1.007916260144552,0.5326038529590493,0.19902595226986097,0.5782655909571365,-0.6977027620772513,-0.39847575402276286,0.07530073045068084,-0.32977763115354414,-0.9122659554889017,0.958481699203965,-0.1448770538819212,0.12308462136084397,-0.3910726826028761,-0.4302639798023318,-0.24586028020253228,0.6097019898247377,0.47863482473197927,-0.20912419689735004
por_favor,-0.08198471696270854,-0.8700342808114638,0.2465872702541733,-0.11682950457566639,-0.19241900451629135,-0.3166866416525072,-0.6040133794446396,0.28484023919393886,-0.4655488674692398,-0.34792872267424485,0.2850700702773654,-0.0259160123357301,-0.7662915544258815,0.06796029473718979,-0.5723030658975967,0.5070584142717488,0.743601877800625,-0.10889331886924056,0.6886561774413837,-0.7851067038767177,-0.017083606261741102,-0.9447731061831445,-0.13644460498634314,-0.8371741120105488,-0.7142021382941532,0.14922429634628856,-0.5866078432741832,-0.8871587474238463,-0.5508903503063065,-0.30839267690723143,-0.12384426437240306,-0.5868236117817147,0.3321669654620366,-0.0446387260674442,0.02388178752819696,-0.21254913528362318,0.5270584175242061,0.2628376487909931,-0.6989452945014865,0.434310503307326,0.9675629240399628,-0.006963034015354104,0.8093798791452715,-0.30448173356696123,0.06340626739404824,-0.1615217084702843,-0.1571330190641051,0.5300311179268943,0.006008188103480749,0.9638061397270348,0.16851595302687494,-0.78691000665003,-0.203788735442602,0.6844692661585956,-0.2192627556534002,-0.9845246205508864,-0.4734422758574322,-0.8543581058688832,0.9838429372626245,1.0059180539641142,0.6207637699559407,0.16170136093490556,0.4958742794465783,-0.6274494418689369,-0.36186689372839054,0.07571776221352691,-0.19190700036087813,-0.826891711222629,0.9883586824569636,-0.1592191942643817,-0.05749849682828315,-0.37228645218133805,-0.4428498221849181,-0.13488787539287828,0.6849061509895418,0.5319302522857876,-0.2538442404261152
por_favor,-0.09687173945461497,-0.9069796948703587,0.00034524196479186753,-0.15002715488227175,-0.11177937661112845,-0.3256069412104235,-0.6505284843318616,0.11703581391495958,-0.41897968991605405,-0.46992473443896066,0.19807151804717255,0.06543843540547785,-0.7055207719484882,0.06069060106780449,-0.7489162149527856,0.5049560407429409,0.6927194528612408,0.01708233131572879,0.7175846713924378,-0.8171155485880442,-0.008678716855038668,-0.8858086630917418,-0.18017180822630816,-0.7685284622734825,-0.7917044959844239,0.23599243771667008,-0.537583336884646,-0.7883608553027918,-0.5922231058477039,-0.3681245230516078,-0.0968076686543018,-0.6130138909013136,0.16236223485076706,-0.04372808666322992,0.05669130843839855,-0.19785380249118775,0.5624646150960788,0.16235517267637467,-0.7032110314664722,0.4089427298810973,1.0061075513657118,0.048441662471677284,0.8050798431769275,-0.3414169402769666,0.1717851749026605,-0.22925192097643254,-0.13912314804594653,0.5823039409853981,0.10822940769770022,0.9409786784005204,0.10315785475668901,-0.8455964044041445,-0.24041639815863472,0.6540579559796883,-0.22968377706876086,-0.942508534387286,-0.49698563986985594,-0.9569920174543229,1.0104613418900217,0.9797970456503168,0.5966524403918588,0.3223575569751344,0.49577296558760375,-0.6796034650009877,-0.4337068816674809,0.04432437003617756,-0.30318767840279676,-0.9789825967394434,0.9389794759026017,-0.12217119607901036,0.06942948286140511,-0.24280520126195665,-0.4137367996131932,-0.26498918084210554,0.6292433187376935,0.46552768369875824,-0.15235092167404576
por_favor,-0.13628139832508715,-1.014522910871089,0.07426609890976653,-0.09150241467247539,-0.1247673819802176,-0.34934119131683455,-0.5565319982463135,0.1248833225739858,-0.39549919089931884,-0.42331117872583524,0.20062450178086305,0.01646726172926373,-0.8241625169483067,0.10665102227202755,-0.6671279675572478,0.5827224595264525,0.7381464373531463,0.06407707222092827,0.6854280820156542,-0.867680535670799,0.019145562671935595,-0.8052229773991294,-0.15226397137526032,-0.8546816227579787,-0.8227179470132132,0.1324257487269303,-0.504756423921195,-0.8021398551953747,-0.5897636313549162,-0.33614579115259857,-0.060172737825390434,-0.6084863021583485,0.267156843243867,0.03360586749404025,0.08737425413017995,-0.3067157814083312,0.6036545454403021,0.12116525282454367,-0.6878153586884269,0.4169686124706472,0.9184661643319644,0.011539716371815143,0.8126886381938857,-0.30204385463076466,0.10194644004703737,-0.17636805375629608,-0.19849073877730378,0.5104223551181647,0.16931176509023904,0.8678842751849711,0.02874737967401328,-0.8198137623577118,-0.2728334346145522,0.6919213461665421,-0.11699761558349388,-0.9181389344323826,-0.5321451685904671,-0.8869350544056797,0.9625746971472615,0.98489760783336,0.5851093207925168,0.11397656768822725,0.5275037369666458,-0.7384004068880405,-0.30474200627337533,-0.00014964509163310769,-0.29484467602236875,-0.8957319327741431,0.951873982680464,-0.1317916813636162,0.029092243066349097,-0.2766065669907884,-0.44213504041486107,-0.15229453542979804,0.6117028438643266,0.48936224423699387,-0.2338165635138111
por_favor,-0.11045563113215574,-0.8793359378124387,0.08828549826781558,-0.14963038309115062,-0.13256535595408875,-0.4282404943705441,-0.6025453343804239,0.23183204823705475,-0.4467085834663,-0.4134924992264379,0.1891556496714256,0.05149053613588832,-0.7161822480439844,0.09482882060529878,-0.6316480904502121,0.6174779753397575,0.742980355142834,-0.005353447427687259,0.6386473003012633,-0.9124380890270954,0.015817450314367244,-0.8965618349213744,-0.09779229022115653,-0.769645342773846,-0.7549106063192975,0.13560497176012812,-0.5224392213111646,-0.8370061036867916,-0.5973107820054239,-0.3493182169041592,-0.0713500819323972,-0.5380039307665413,0.2805614069186532,-0.05602126351788149,-0.06580730646516394,-0.19860846852638925,0.5482546785867227,0.16588423871351812,-0.6931137337912043,0.44341355419428435,0.9212403405770827,-0.002929595385719097,0.8033274852650628,-0.21142568554462138,0.17871060177334627,-0.14933837872521036,-0.12634557441563757,0.5268753969779789,0.02370856181932788,0.8798469145364172,0.049808872110607146,-0.8031417362601562,-0.3208749395434085,0.7683615360780056,-0.1498475947231569,-0.9445701817419174,-0.5056295914320399,-0.8935753240068183,1.001208243409934,0.9955652499147766,0.5653588791523829,0.12696463836499827,0.5650806336462002,-0.6453308081194541,-0.4699634764331794,0.011464182055022538,-0.32970665145698924,-0.9448686829609123,0.950122753012366,-0.13061752650434394,-0.02453880399511777,-0.39082555590559875,-0.491949711701695,-0.21783565261549712,0.6482189724507595,0.5314274637412909,-0.21617448039568576
por_favor,-0.20755248855892727,-0.9219611480735247,0.1296021548866974,-0.1510919631696558,-0.2340242751901797,-0.33892702002169495,-0.5910881644984272,0.18245962087466766,-0.4732516134639505,-0.4707231271169387,0.23061380593604872,0.037420920287958445,-0.7350106460474609,-0.027982576159523112,-0.6528612993494751,0.5973365471640643,0.6904520812614131,-0.095124948825772,0.6694883568287574,-0.894216969157221,0.02384899506649446,-0.8534851210572225,-0.2266940760595227,-0.7689875201496654,-0.801289371661373,0.27144973248130916,-0.5504148120165591,-0.8484283063069922,-0.6164868893935147,-0.28294266540403423,-0.08399002533031841,-0.6013462429509764,0.3614524620646816,-0.06882253210795047,0.0134715829218836,-0.15522247339422873,0.6008005826564742,0.07967822098771299,-0.6501333524087655,0.3433545503251403,0.9994425366151586,-0.04112665790946541,0.927515603279573,-0.24340389524139677,0.09445762677401962,-0.14390738315769935,-0.0888232598647288,0.592301393705536,0.0933251599941225,0.9700924057380388,0.0822678729644858,-0.8541460388787521,-0.2846583960461897,0.7446196696076097,-0.16919086188896607,-0.931031084925788,-0.46588380954243425,-0.9682638789187834,1.0032074640363033,0.9520890711980329,0.6839571063302089,0.12720484369775142,0.6077790525222009,-0.6577786503854108,-0.3895040598281182,0.13192968998119728,-0.25871337435420355,-0.8886236550360719,0.9784214500045414,-0.1414640680400254,0.006576422532785596,-0.3886930032367398,-0.482738839477,-0.34301676421123,0.6854857776473792,0.4674072498850445,-0.2583890529500633
por_favor,-0.11702229151898533,-1.0198257324924893,0.1957884555884824,-0.13449358783782622,-0.16655661747363143,-0.3876001684988979,-0.589505412801852,0.3078899272149914,-0.348894842179352,-0.4236235622372389,0.2695876131219534,0.040357062175947644,-0.803348267661968,0.017104303938161092,-0.6429138419328533,0.623110017616909,0.7234201074019686,0.06908925115903303,0.7529973977168447,-0.8635338264570828,-0.0792642795875855,-0.8001482295291698,-0.0757860836436839,-0.8752487482238862,-0.6702180556060701,0.21259647648681748,-0.5399417238852456,-0.7053694686676677,-0.49215332719734983,-0.2677808823936413,-0.04076417754480037,-0.5656938329435514,0.26081057873570335,-0.036615401383112756,-0.034642417692628866,-0.24286668654982732,0.5689432149497075,0.12824308927453004,-0.6685654778629491,0.38530565067928363,0.9542138961961091,-0.08109930832425478,0.7733723881869249,-0.3101951126489059,0.11875679326357451,-0.15352770839824145,-0.20576777448289485,0.5709422252276752,0.10358864612366617,0.9321613185999217,0.1403526732683134,-0.8257336751608253,-0.2433811376174123,0.709505544931846,-0.15307237792447367,-1.0244567500169068,-0.5503245704041939,-0.7863662756744361,0.8646822317377355,0.9341517302630798,0.659130450245577,0.19897120953384656,0.5096691673308281,-0.6550780229908791,-0.43160954536124274,0.0496762252385754,-0.3209204895804887,-0.8532083485114137,1.0374701367677084,-0.12395967739588769,-0.06132359227625693,-0.3791095234462721,-0.4897099275108741,-0.20094328551331478,0.6136331381104678,0.4350359966421183,-0.2160450592237847
por_favor,-0.08106475411401459,-0.9792272386027515,0.032664103059868485,0.034850695300947976,-0.12009918397058626,-0.35268054608060334,-0.547251168147773,0.23231910121560628,-0.3573328081959444,-0.45837578990545563,0.24683126044696846,0.0526050951425387,-0.8032091759832873,0.12406098750114984,-0.6781969647195566,0.5026691168178172,0.6973075911411593,-0.05959991591166972,0.6905373311869224,-0.8063208535537896,0.06025732526986907,-0.8286904551451597,-0.15903694754450515,-0.8044585772956956,-0.7252861040525705,0.10560124676008795,-0.5194467637855352,-0.8589735957592256,-0.4573702559135561,-0.32057318422548625,-0.07366878969512908,-0.6349989024319621,0.24931494883704514,0.07984434956066529,0.05749192446826315,-0.3036748200202733,0.6624855539174156,0.21967047151268487,-0.6894634261097867,0.41683954031580434,0.9283549562074566,0.09864571756278011,0.7392256184426853,-0.3094721641689943,0.11288098870577831,-0.21656009363867262,-0.016923561193652625,0.49404004103908,0.08221480636970144,0.8204494235707165,0.06846279333404962,-0.8147117143782775,-0.30855189562507734,0.7310411005457861,-0.2009019684985025,-0.8875911425903702,-0.4375574763382822,-0.8950484965625912,0.9915406658121936,0.9503333380779587,0.6314841670369086,0.20435334262314808,0.5394302688705052,-0.6737194305714002,-0.40819154301251953,0.11303076027748507,-0.2544472756938895,-0.8735792875370314,1.0024604069212044,-0.12498060018435833,0.02394223093728176,-0.40717604884738956,-0.41707011168987806,-0.3653682509756362,0.6596763796522305,0.5305389114317395,-0.30977226279819214
por_favor,-0.10802119983514992,-0.9821858586731687,0.08088479249797485,-0.08205816673147436,-0.14936154953076444,-0.4410481513864699,-0.6395240089108949,0.28730871944576536,-0.37824351674130385,-0.3789386711680525,0.3264000452392547,0.04117193204673854,-0.6056782190566584,0.028380226024088386,-0.6792536954266207,0.538988302337818,0.5951143300145066,0.06882462517631967,0.7728610701671292,-0.8914844179225441,-0.0009020341756873738,-0.8646466140206149,-0.1917729974123268,-0.8946932702423329,-0.7561979367862907,0.17743664648422924,-0.567396560840967,-0.7749728282499858,-0.48791160293258096,-0.3155020659779878,-0.055902880899331375,-0.5601700212828226,0.30852059675546706,-0.0645815051188888,0.015292296192800064,-0.19883770675442872,0.5308573420076153,0.2231853082954387,-0.6038233577346667,0.3653656804420878,0.9387856610959188,0.03213063517398507,0.7517594200758522,-0.29269200237337595,0.1424510365700268,-0.21830398228971992,-0.10354740814747408,0.4981112491806488,0.118168489578415,0.8739239001330389,0.08035204861314703,-0.7671962097776217,-0.24249611432351692,0.6477273120302761,-0.23819574244405256,-0.9755604076414871,-0.48591331783746006,-0.8477962677794523,0.9455489076094024,0.8828001524736291,0.6145958725194653,0.19454123952142668,0.6377805152757499,-0.6597189240034902,-0.3232408949761067,-0.010385429304488561,-0.3654120847325676,-0.9646463261354766,1.0257633797870986,-0.029485081805629865,-0.03110809393932646,-0.3759456664185802,-0.5389595400163509,-0.31680222171439454,0.6999543841578333,0.484645127722334,-0.24105446698303132
por_favor,-0.19801302257416148,-0.8661497022527843,0.07415711885494464,-0.10267389352262246,-0.23199246608725815,-0.34885661747325364,-0.5761340091123858,0.2548956936039928,-0.39295822548912246,-0.4416193251918281,0.18574164273694174,0.06815281882606114,-0.725152225136119,0.03873987674124589,-0.6275030078402104,0.5070096569376771,0.6420605976735289,-0.12223973453037196,0.7339996962072008,-0.7993261704951181,0.052669694804513945,-0.8540874931031712,-0.2504113056911267,-0.8582736932680382,-0.7371592857177894,0.20026651809678137,-0.5591134094491294,-0.7676627712346217,-0.5588050004746183,-0.2943089067158334,-0.09637829747700033,-0.5474129981639898,0.25927486999581045,-0.10039278304752802,-0.028076510603838166,-0.2436380073309804,0.6369750483015965,0.15789495783387364,-0.6847102139436547,0.3390715219761811,0.9683762896699891,-0.0325808853607358,0.774038734945223,-0.24276354081368745,0.15972642180788377,-0.2263207757935386,-0.2149809857640256,0.5499028474882383,0.010571316251572392,0.9399117912713832,0.09052947354445323,-0.8275409169987573,-0.3026523557320768,0.7887701907733387,-0.045320227503575394,-0.9595245043981365,-0.48799355958454327,-0.860840391372875,0.9747196796704923,0.8995571033677072,0.5462683028911498,0.14685437953465857,0.5501817221808203,-0.6875328307418259,-0.542868178868147,0.07037666163064456,-0.28866450187769,-0.8413084194391426,0.984963010568976,-0.1912238411058214,-0.10348295327819382,-0.3888909841474992,-0.5117658655404086,-0.17906226930846686,0.6635902526545231,0.5301785374791512,-0.3078205189018568
por_favor,-0.07974697649697007,-0.9120980786726713,-0.0015867498141415304,-0.06322432270040763,-0.1545914712367043,-0.31972813279882645,-0.6339475375457362,0.30230428334742604,-0.4599832691128972,-0.4247408488755694,0.28329803933402337,0.00957581714546702,-0.6316714293390042,0.03873266654236881,-0.5984256381926182,0.49431425586655914,0.8138370854294058,-0.07275417224739888,0.7443672923532325,-0.8904476318784628,-0.02045725989897621,-0.8299892890319714,-0.09237770912146326,-0.87050238113448,-0.6911564481445954,0.2457396427138513,-0.5948736692337728,-0.7061762517004786,-0.6322304672712825,-0.33158605913228223,-0.04047489963080009,-0.6391918617051997,0.2940044047137967,-0.021806524956331945,0.00111972654096224,-0.1845946708333534,0.5758568692502721,0.17158541119630358,-0.6180792091209771,0.4410390037156045,0.9684030247192208,-0.05744225777040553,0.805279756667356,-0.36069763420625595,0.07021750626651722,-0.1484933907220283,-0.17172023327898148,0.5926492559361994,0.11193511998007885,0.8123531420681612,0.047001193317359774,-0.9087994890458504,-0.2904466604796037,0.7244597915024446,-0.19956431881301778,-0.9750832302436576,-0.44063669566463637,-0.9809541171559051,1.049547617518457,0.9139462120965728,0.5966112517595341,0.17726607592492935,0.6070641261803189,-0.7230980316719071,-0.4133667178750236,0.07450568319372827,-0.3673015761487406,-0.9546369780315076,0.958897964039514,-0.1616234130245253,-0.03277870980265226,-0.3704104980844242,-0.44803142792341727,-0.2433561182023824,0.717955108992649,0.4236062234412581,-0.3041749791403977
por_favor,-0.03169292542993578,-0.981045442727493,0.03377935540381029,-0.21645791185203778,-0.10550922313457499,-0.3563955837252547,-0.6033882186776349,0.23058184712199542,-0.3500435084174647,-0.4753219414930627,0.35947035448022113,0.06497221725678959,-0.6777508709622169,0.06741823542671319,-0.6329426347190713,0.5413217463323238,0.7245487817073053,0.013978611324219264,0.6644936683086097,-0.8323921026843453,0.07230242915638774,-0.7659296042727598,-0.10103687878775006,-0.7138001843597608,-0.7771487671577678,0.22858473056015627,-0.4810500233624646,-0.8309252980286339,-0.583667091461131,-0.21345219190163894,-0.11317997362474652,-0.6635700491028549,0.35721252911180523,0.025977832352525224,0.03207945223628674,-0.22850023549517276,0.565348683602905,0.17410580144606586,-0.5964124551252947,0.41343299952141627,1.0374501235408586,-0.04488037694157804,0.7780560901758764,-0.3354256280409765,0.0800311780973019,-0.15256226005826268,-0.10563900886338001,0.5793298789918021,0.17973095594254046,0.9307078273759113,0.14592316048018508,-0.8325054431350016,-0.1834124166273294,0.8216234722884068,-0.16089565735530087,-0.9952282189828798,-0.5330857731441517,-0.8516145433658325,1.0105289246050781,0.9760818834735657,0.6235265863266757,0.20398348862373172,0.4981097988432566,-0.6414921937684327,-0.3212041684870876,0.09913018087211618,-0.2600162402726723,-0.8571637233180623,0.9477536892693829,-0.14270341859447258,-0.029388376459993856,-0.35918169606907424,-0.50161078934118,-0.16580649232586822,0.6402676283848923,0.43335802676297996,-0.1444500071751935
por_favor,-0.15057895727005965,-0.9404711134816998,0.12189109699458887,-0.186189870709487,-0.09749020734986849,-0.3074744059716904,-0.5127835313302759,0.2045808358404224,-0.3957343630271457,-0.46437766204455694,0.2554620902560909,-0.014446548874779919,-0.7252982903755217,-0.04416695303969441,-0.6132035651463233,0.4642378394074209,0.6153712435644483,0.02940111058585554,0.6657810479551969,-0.8901019496634901,0.07403446129718533,-0.8530456803598231,-0.10015083502853192,-0.8152502722948164,-0.611698621902445,0.16326492492920183,-0.46075122132353385,-0.7891769333850297,-0.642113105604518,-0.276204992705996,-0.048686902762641336,-0.6490796381820308,0.2347024865730939,-0.03509521105074632,0.027960830799497346,-0.3497478619068514,0.6399309815093442,0.13528345906486441,-0.741990177215281,0.44855802078690904,0.9279212612075876,0.060825011179546196,0.8009377410412776,-0.31684841980518297,0.12665175800641074,-0.120772435379973,-0.1471820368868685,0.5104897405568757,0.10170380312804483,0.9002600618175118,0.09009470269965458,-0.7813411636422201,-0.27300902703674623,0.7024527042860929,-0.21743238947664498,-0.9240582715112082,-0.4881541263712889,-0.8206725019365627,0.9587475809922019,0.9182697782748378,0.6401235722224471,0.21624489297907795,0.4846088145937283,-0.5962214034449191,-0.498876064781133,0.08734798826391604,-0.35001203955439203,-0.8143526436849235,0.8890769043691442,-0.059677628696669135,0.0039191607577430424,-0.37124749342253954,-0.47124066168233786,-0.19462521240058453,0.6188137741524583,0.4327047263157972,-0.20909862286108077
por_favor,-0.21337734339847247,-0.9773589910038216,0.25135930346539037,-0.1777558629929103,-0.1018742562370343,-0.36862789642794236,-0.5652504746844578,0.2712597172311383,-0.34424281589180633,-0.4763581411349055,0.34171189747633246,0.028817360324819113,-0.7191290886301549,0.03942008914237322,-0.6872186747036402,0.5563766828843909,0.716026260240898,-0.033132377392615375,0.8151691689877627,-0.8826402296618545,0.06946340365042931,-0.8266040005688045,-0.14444845153043467,-0.8501986213713872,-0.7840928226170336,0.1675922529963661,-0.6372630628888414,-0.8362819026699986,-0.6335114116270627,-0.23305367983451564,-0.0335019112159886,-0.5572148425267963,0.31025504800692705,-0.025511947729788546,0.08350745664355512,-0.25675283054946824,0.5926083916515064,0.19736129914681944,-0.7414632645881787,0.5563341380214399,0.9305304483173896,0.007116194869213121,0.8418840294760359,-0.2710249280072695,0.1361921562252415,-0.13840160150287778,-0.20171290049380095,0.5252950811017018,0.09706885780326066,0.9296790958418777,0.14947460779640862,-0.8418352083611167,-0.3366795223215025,0.7545375295477873,-0.11564544659499758,-0.9006830395674894,-0.5138272055481679,-0.8134919559322618,1.1591495467429564,0.9469182424763709,0.5349298676529174,0.17431999033332718,0.5611935209185656,-0.7417893223765473,-0.405483382615517,0.06715058311652258,-0.2099953507638496,-0.8431323267064849,1.009536130302014,-0.22542411181603306,0.0540535351607015,-0.31764169562759004,-0.4677132756518086,-0.31273133566574945,0.6251951038096487,0.4151529740975225,-0.34232928809207963
por_favor,-0.1281559532867322,-0.9880386424163563,0.23059023477086388,-0.13779381173534172,-0.09457673803172392,-0.417785309226913,-0.6172072112245585,0.24338682650304314,-0.44609835008133725,-0.48745548403450395,0.23137012022641287,0.04658878928183341,-0.6380841806583656,0.04606755680306836,-0.6071447405591043,0.5976530343506005,0.7385819041458332,-0.015670674429887656,0.6770856521409937,-0.8323682430059641,0.06833237768908157,-0.8131150818044246,-0.1557752685896417,-0.7685459839453693,-0.7554092897494284,0.1951841454289538,-0.5716521678692381,-0.7951908883253458,-0.4923210823813966,-0.29572637262643964,-0.057660905407783625,-0.6688744364329673,0.2653512550481932,-0.04592607408373314,-0.03098373423507199,-0.2251314271777032,0.5658157943717714,0.16400815051779238,-0.6693276525044255,0.35371697532318025,0.9091670710543509,0.003885436478475162,0.8382550994501261,-0.30393673601799365,0.10119149625954715,-0.12495783544558728,-0.041128029480313966,0.5989536936236516,0.09858467351709366,0.9437639626638494,0.1604140223676358,-0.7820288157490674,-0.23897717759407627,0.7551331189885077,-0.2415324687173014,-1.020708530827315,-0.49779058947310184,-0.8622772230435637,0.9605085201668829,0.9824532602457325,0.5073735229426118,0.1768956300080446,0.5056719436594823,-0.7433641960866171,-0.3392169859976552,-0.019826312832437715,-0.3161684406198665,-0.8632430816189433,0.998609157885862,-0.1726988961145439,0.042125339221337064,-0.33842814099769125,-0.36385871640015255,-0.20602320855505996,0.6569717082155752,0.4306690147182547,-0.27879103446450365
por_favor,-0.1692986504894004,-0.8795925956486212,0.10022345150824181,-0.10109285856470974,-0.08355201582597759,-0.457253565102625,-0.5267590436892963,0.2413117782904941,-0.3789382340689315,-0.5077656108816793,0.20451144561616388,0.08272648304472753,-0.6116102192935594,0.07732190817223791,-0.5678441226352424,0.561070232120276,0.6779403740496962,-0.05056657281509406,0.6687092844801016,-0.9433481676404043,-0.025753786901172172,-0.8974446490292359,-0.15252325352496318,-0.8003506631914103,-0.7275575131661646,0.19274434933504359,-0.5770481531086661,-0.8842765635433101,-0.5881530162789703,-0.34896996187775176,-0.04112169342146933,-0.5510491776353846,0.3277420037828266,0.003987307909894301,0.003797153264473858,-0.2523124760366762,0.5499197711998008,0.08463341192552576,-0.6258101179699793,0.39276914131781376,0.8667851454974667,-0.041307846445078254,0.7356914550706622,-0.3146214704070244,0.18766164780895284,-0.16230755088755905,-0.23913214968558444,0.5436593532362546,0.06339865199045286,0.8962384423429572,0.05704326197241919,-0.8249382014136583,-0.26400814089250907,0.700459492302671,-0.16681784583195008,-0.9670869093676935,-0.529974805490326,-0.7967050940468207,1.0156717933283175,0.982507929801487,0.6618219315318771,0.22993145184217478,0.5763391548601716,-0.7405163649351572,-0.4037458427613191,0.038997827510012066,-0.20286723320949174,-0.8622597929190349,0.9347846311747664,-0.09865045336384626,0.016384945430767232,-0.3302007932729909,-0.5314526179744585,-0.20821940609656392,0.65262623180459,0.4876166007770058,-0.2777981243728336
por_favor,-0.15726335428582244,-0.8894554353258822,0.04674757784041023,-0.17824293481554868,-0.16184345868580086,-0.3779248767515495,-0.6349541635374549,0.24379573126174214,-0.47594394549613894,-0.5167435615399486,0.34497244468477195,0.08125794150252859,-0.7681682769236284,0.0480669964448027,-0.602753744856838,0.6203910166378589,0.7015927838061411,0.037298559902500084,0.5912006444708273,-0.8935244525056657,0.018685750330230712,-0.8529453145858542,-0.18934445918865322,-0.7939671691156169,-0.776872069031808,0.1796426632458333,-0.4967373087582777,-0.7406617565356041,-0.6092406022270437,-0.35321000309440664,-0.08498370061306534,-0.5978508625287156,0.2479185260010926,0.018171793243486695,0.027842932122526032,-0.20591044226915994,0.5239479674359055,0.21837289362480228,-0.8164112441074068,0.44320746580678094,0.9758177470620489,-0.021603337023464595,0.8426856387546611,-0.319927572305498,0.1374098404217907,-0.12793163403756908,0.032823271644150775,0.6203400653983508,0.10626490703095855,0.8618442295596735,0.09559581157017888,-0.8764663601422698,-0.22620965428581852,0.7087243567957462,-0.24367599788479313,-0.9415390390393756,-0.5481163954911086,-0.8581504474592133,0.9447501570242829,0.9425350084223877,0.6380401953619284,0.20098164321467948,0.5103753075447436,-0.651385295778771,-0.37909440532147776,-0.007225412893359588,-0.2737186300192221,-0.8427650285583299,0.9949897388782611,-0.11440245395694516,0.03998775409324998,-0.3302925421254682,-0.4428304390477352,-0.3274168099076224,0.5863609925858385,0.5237355700483877,-0.3168428249247971
por_favor,-0.10793326393003222,-0.9657500191458319,0.04951549347761844,-0.11187272690607257,-0.1492127206391934,-0.23381322538743288,-0.6219432921511094,0.31054743870478607,-0.38306950693173797,-0.49939654387140237,0.28222998841445207,0.08657111377677569,-0.7290479445672304,0.04047101035352402,-0.6609696202584461,0.5293809393706216,0.7459226939701067,-0.022723296451808088,0.6891188208024814,-0.8267179661846642,0.02375659748259833,-0.940893314774947,-0.07944274048247818,-0.800879061083741,-0.7558127197385526,0.2150329182156789,-0.5361488891107851,-0.747755496905549,-0.5324884022513335,-0.26445511854358816,0.0031246644509762833,-0.5523323200215208,0.2727891394134015,-0.09000538670033834,0.09386333668732402,-0.23810086643023703,0.563619538215128,0.07317201686739132,-0.6584791477297667,0.408949023412001,0.8533464133660362,0.022680424447092274,0.7541305318572179,-0.182256944293346,0.10582019565087514,-0.16666774001766954,-0.17024428515912038,0.6170121960462992,0.05256955727207499,0.8712387462014585,0.1237640707922314,-0.9048278022206097,-0.2360596693375118,0.7907709938390463,-0.15911952226234394,-0.9137003523973046,-0.4621425111599191,-0.7802258570923147,1.048198720843501,0.9631441128679983,0.6457112722969737,0.15933749653767926,0.5687344004407291,-0.7118269053908315,-0.43230465729270173,-0.10599435815643343,-0.26667995478610906,-0.9408356700646175,1.0218641514746485,-0.09778053076003643,0.06420567349338652,-0.40709719216422924,-0.42859119264774426,-0.12092741214030883,0.7022417142655965,0.5130115630088402,-0.23309898229697834
por_favor,-0.1542436347442607,-0.9100879177091419,0.024020810237314866,-0.15024297100948708,-0.24781723594188104,-0.3745131768580059,-0.5586004773296369,0.26381160151235056,-0.3981449678741801,-0.4578254000911662,0.14797443464537935,0.03965607452553238,-0.7649076896318934,-0.005796741994234196,-0.6011413373154818,0.5276449293080814,0.6777165427726071,-0.1158797875216202,0.6784168116961276,-0.895100923367559,0.014452326677890103,-0.916982393563367,-0.1385282325277603,-0.814172456715892,-0.662077967945329,0.21835151697985128,-0.6399578924196434,-0.8493530735851695,-0.5566271854092639,-0.346839827413034,-0.21284345234719212,-0.5290362317783822,0.3168246512751,-0.007811485221908124,-0.019892712236447486,-0.20483085921238492,0.5520568926721101,0.17025122276649782,-0.7214319642871961,0.47731911574211316,0.8505903274744181,0.06163091381597505,0.7809859192931563,-0.3412460444248802,0.14263840134020545,-0.10824067304887083,-0.05816813711168213,0.5687755211508773,0.026673542732198775,0.9102659600780227,0.17925598212932292,-0.7684262511743192,-0.22187702274374124,0.7414853590151227,-0.15247740937377127,-0.8876575264848073,-0.5284769612913885,-0.933465561814841,0.9911541978793988,0.9002815474154625,0.5477656644963144,0.1676203139815382,0.6541854171300474,-0.6547428751278519,-0.395858144543071,-0.012984389749484265,-0.3789390856941137,-0.9495947016651402,1.038216669974863,-0.1005763879864805,0.03793063333052485,-0.3159890629704993,-0.5100779634956398,-0.15682195015980682,0.6323934193078926,0.5438057305373535,-0.21946375830995804
por_favor,-0.2174624534283086,-0.9855480106742441,0.010078029113813058,-0.0711911081237358,-0.160501166865142,-0.45074747998974074,-0.5719153878383321,0.2116837195819114,-0.4748809454026199,-0.38244715794583184,0.24763195884341874,0.043612618438412507,-0.7508113483594338,-0.048507730926395765,-0.696347713685375,0.6349161348771011,0.6842564417896916,-0.01042294018930121,0.5909064469048823,-0.9066136477716533,0.040982806237145564,-0.850541403220552,-0.056086584869005335,-0.7397903520972136,-0.7572156052216862,0.21713829619285513,-0.563806170936682,-0.6833681404481016,-0.5019368510562606,-0.29186317545051393,-0.05440529159158195,-0.524271033107079,0.309792342785522,0.0440710719570076,-0.09920895627584542,-0.20315328468794147,0.5615031656490849,0.24782725713701292,-0.5980828686358808,0.40314648366937783,1.005883709119062,0.08917244834005879,0.7827604614885972,-0.1931760060361878,0.1327211976219324,-0.15563412092457535,-0.08321184451718483,0.5354288334370849,0.07547533578505733,0.9779561750922788,0.0893772629070678,-0.9205610450987158,-0.24894922725749935,0.6668863290563837,-0.14418635603937108,-0.9107857824189886,-0.4320755045969672,-0.8203346434864558,1.042216237025449,0.9077057887474614,0.6407160270596988,0.3020568072789493,0.4954872254715247,-0.5715621922452893,-0.44142104092118695,0.005535188348229726,-0.2719414155867403,-0.8728465487027595,1.0118943969130387,-0.16537828232896665,0.02972788362101976,-0.3871950935047776,-0.5549566073092548,-0.2726570451351144,0.6264887809712109,0.49957387059185115,-0.18396818296329165
por_favor,-0.2016705272097558,-0.9305494826338145,0.04049004646887296,-0.09790094431274624,-0.19040092487520935,-0.3918968088934157,-0.5507195061569362,0.20919580242907265,-0.4164888502185886,-0.5773449041720855,0.28959523360976347,0.09932961461253349,-0.7305672170960672,-0.049222804536295114,-0.5706518097894313,0.5373571263153074,0.6852829127739481,0.10407587758183218,0.6579411485094745,-0.803598547860553,0.0385967933475388,-0.8499183815822395,-0.12965531767749558,-0.7881187405843149,-0.7320830270504181,0.19089470001838854,-0.4724118425859911,-0.851741659419998,-0.5083146806581118,-0.2592303150590239,-0.02950507476892946,-0.540664576088063,0.27618348066640996,-0.12730903268784055,0.006858807051373978,-0.2757744086441091,0.550681948390251,0.0978873740639927,-0.699270045917564,0.37167350851514,0.8102236686821552,0.035027817904547946,0.890056220792534,-0.28646083498296626,0.12414205742870715,-0.14764539319159067,-0.1475547673470608,0.5576204491875485,0.06935794229165096,0.8654320323698186,0.17256073974359587,-0.910167867235439,-0.23139861949024687,0.6966411266431268,-0.09240832315081113,-0.9285520382478898,-0.5236407988644558,-0.8780966184478155,0.9896993575685338,0.884021092004527,0.562173226009278,0.1143870443513419,0.48377087598465834,-0.6568537827486216,-0.39894478389689436,-0.05083273414909166,-0.2936120229066922,-0.8804715719680933,0.9581612810456137,-0.14897959357919657,-0.012607178494105455,-0.3799555326794634,-0.5123470224611287,-0.21752905309623277,0.7794182106557743,0.43630911672896666,-0.2574859977497964
por_favor,-0.13059509268475405,-0.982515258062132,0.1542367459335896,-0.24789948342876816,-0.18581735434395574,-0.29841467117625364,-0.6054074473437466,0.19749998475881284,-0.3786528149290155,-0.4210282880244091,0.2527994377993427,0.018223170563433963,-0.7080299433525458,0.007053777517753351,-0.5938609246114781,0.6448332398761765,0.577671747494551,-0.0059729515763627524,0.6063362738675546,-0.7186196167153894,-0.012914046446401602,-0.8321083291349751,-0.1455211877849659,-0.8470923977147279,-0.7917827089563164,0.27277457661222954,-0.5001790957826127,-0.6889294270111559,-0.5566149191009956,-0.28595144893110147,-0.07778460911816393,-0.6108676576258198,0.22871910380596122,-0.029659819350279143,-0.028988889707211585,-0.20411925165467126,0.5957754198321646,0.1743924599393994,-0.591646306010861,0.3996187957260329,0.9669385103211817,0.10259219554471255,0.8443709813570422,-0.25911420973503846,0.11895384447939354,-0.13342592062939004,-0.19241928854789908,0.5780640900424213,0.08493135587600473,0.9086537101475424,0.13977605970834728,-0.8961988965711702,-0.18557205409194183,0.7467892424060175,-0.19098161288669707,-0.9530317476011705,-0.4816149612428636,-0.7896686969229016,0.9927844087770463,0.9483621718533084,0.6014226261464671,0.2927354484460084,0.5114755657565119,-0.6630244867625977,-0.3407817536480707,0.05548429228137162,-0.22989849475220608,-0.9542060723543478,0.9560422646329997,-0.043068459368295134,-0.025816107029872033,-0.3604823169190877,-0.46767623296115196,-0.27567795525812455,0.6433432933379069,0.47912594666550784,-0.239244779408627
bien,0.16561340619100778,0.49336850497782236,-0.46099476577415693,0.027218636353700504,0.8196063241165477,0.868403551156836,-0.712904864206471,-0.5709685736440099,-0.8637384667992087,-0.08469187098191408,-0.9866332928570845,-0.0766936115852644,0.3712461449389561,-0.45339327313874966,0.35898213608763474,0.16959981235640056,-1.067729210026013,0.11873768484349793,-0.46640550965242555,-0.19542227552390581,-0.49068168390159894,0.34224551363691014,-0.08088318385174281,-0.5876382843977281,0.1584197031089611,0.4934122287812065,-0.34454156972010536,-0.5892423509261017,-0.2531708380141413,0.8496685198222966,0.9872941924386391,0.39273002064807927,0.8007666635128068,0.6874482055359573,-0.22079873018043206,-0.7871662552803395,0.3656330903849988,0.05146292600144192,-0.2758691068846423,-0.603292209114895,-0.1895072812006729,-0.07342826698569993,-0.4638663161930126,-0.4564015959546614,-0.15899169101441557,0.6163459495581078,0.1659468012224008,-0.45457433042722734,-0.4778418699929887,-0.024628425814523403,-0.6321512201297905,-0.5264008738069136,0.10926230684834667,-0.9230862857778597,-0.028209862346878466,-0.2956323997661328,0.2697830463954789,0.42126038355058837,0.4209326490669524,0.4793207901453915,-0.20766584456718098,0.352451233096184,-0.32136929116791857,0.2297208854701558,-0.240973723772369,-0.1390520354491452,-0.9769414663556361,-0.6195585287948838,1.0092992619551253,-0.5411845183285714,0.39211711741759636,0.21142116677964348,0.4102188332355409,-0.0645968194261765,0.20371946837192917,-0.8859907540800352,-0.9067420342706003
bien,0.06236745551902486,0.4767118095335713,-0.40595129119393636,0.05226305074310361,0.7409502181514429,0.6448950035968449,-0.7749845944165523,-0.6288427714449013,-0.8796149799669363,0.045905872985365054,-0.9054892773619533,0.05046445675859659,0.3267265799964939,-0.4745197465826852,0.3699056078663067,0.2707575648065871,-0.8605581054296073,0.08894130757961002,-0.4688359214001042,-0.24126094996341796,-0.39171640522279105,0.46394357157878735,-0.11710259195272021,-0.7196337257680798,0.1073045836275676,0.5815024805908924,-0.3832157436551595,-0.5471484759188395,-0.23274822741217102,0.9225650461321812,0.988802217204124,0.2956121944684199,0.7551386869188664,0.6787830217350305,-0.20717006113696276,-0.8081631115620108,0.2746642845409396,0.12875745461319338,-0.29341099985095737,-0.5058666673091297,-0.17030724549415038,-0.07788341197426907,-0.4499529048955544,-0.3506620485729247,-0.11310870518136298,0.741200674976211,0.16898279191234303,-0.4116750909424754,-0.47677323383258385,-0.08523907729813765,-0.533788146669185,-0.644092926976159,-0.03840013553137027,-0.8901140406627389,-0.0913620618068364,-0.24588141082970005,0.3450802593380689,0.4785976789668326,0.41310030887706406,0.39919378053725796,-0.27207770070026766,0.3458157960582904,-0.3149454055994858,0.13437569196034077,-0.35892741980298004,0.0020614702649121297,-0.8364765931435564,-0.3906166097557166,0.9183570557011103,-0.5430799211342594,0.3163487336308281,0.26047537632300055,0.5429739363080893,-0.0759244932232252,0.2892916142109486,-0.9282292651683418,-0.907549176059197
bien,0.08453424409797995,0.41310814915225075,-0.37203615755160485,0.044193731254639324,0.765078145828108,0.7859203875409708,-0.7647825250615625,-0.631246930489913,-0.9414637402284214,-0.06698611812705657,-1.0316558246392231,-0.005465616338325097,0.2811383839494099,-0.48165086502365745,0.389497768495126,0.25598646404005754,-0.8961546131654714,0.14280077844975853,-0.42715193169897736,-0.255622484837054,-0.45904136353176994,0.34071733362475043,-0.05786062809776227,-0.7054384239962678,0.13156836390279225,0.587422376147166,-0.4303882820558246,-0.5854321426344514,-0.15936660034796618,0.8339931672866402,0.9582342254556415,0.3056402875093051,0.7899706077310031,0.68919364538786,-0.28315524285709626,-0.8635883299557456,0.3211354718859445,0.07344465433734304,-0.3174033516597774,-0.5968436475054347,-0.19085556956406868,-0.014934420881669817,-0.38620241168226416,-0.45271035584882374,0.02288833831251645,0.6708325828585132,0.2266832351020363,-0.4691090978363525,-0.48759115024629784,-0.12799365679532587,-0.5918016957724809,-0.5682439693621733,0.06156352153012492,-0.872740513205785,-0.08231189967239039,-0.3214795098925106,0.4098055235120666,0.4829846659944654,0.33467707060803886,0.39184101221299045,-0.13967131128537752,0.3110338363787775,-0.3419782631465409,0.17357081825396853,-0.37632649845709076,-0.0762616773870268,-0.9128692736790734,-0.42304317525245866,0.96044396097675,-0.5698327387436876,0.3535204369211968,0.2752637287920774,0.5165157621874079,-0.11326032911120155,0.1599304656807504,-0.8941441799806186,-0.8556601226933801
bien,0.08804032051681128,0.3417342536666865,-0.43818165635388473,0.016677676236077608,0.7544890169413202,0.8269249523192593,-0.7028589576346451,-0.5894335787100962,-0.8855385140558037,-0.22643311256619061,-0.9613027168509577,-0.0360924666226822,0.2771162660705576,-0.47988851852364744,0.4663942502618091,0.27267949434249195,-0.9286574896215614,0.17465370655576634,-0.5927918770829731,-0.20917517801129604,-0.4564477301160201,0.37447683168264534,-0.14358976570721915,-0.8137658376258908,0.10859926699911746,0.5878122354367644,-0.3071779956681414,-0.5954996953743854,-0.26756564277769757,0.7387680754226374,0.9373125031163233,0.3898229408787359,0.7750798239671601,0.798673983513541,-0.2568416591316979,-0.8082163680421237,0.23866665101799267,0.13004254203566584,-0.3758364636174785,-0.515206092569679,-0.15073875843573215,0.005845068615163637,-0.5125272794362619,-0.40838634563426385,-0.05643637338471891,0.7431819078103685,0.12924084517890025,-0.5526233696133874,-0.4266969719085733,-0.09838083287160242,-0.617512840438097,-0.5590453097280804,0.025824142727162158,-0.8915010150767806,-0.12940154975163803,-0.3320957384809915,0.5350238583696816,0.5296312849006478,0.39161646081027923,0.369277781150538,-0.2651693986995152,0.39462940863848983,-0.34483245918153577,0.17443376027196472,-0.36580708138483076,-0.012702069881182776,-0.8398277129612063,-0.45237131489714244,0.9139847236127233,-0.48592478566148095,0.3673261506249259,0.30645545762412163,0.5296306624059371,-0.10196153156895835,0.20348993576899566,-0.8441608892084109,-0.8288755053154927
bien,0.07905658049447774,0.5206088502766137,-0.48293711644112436,0.0945994798269495,0.8466471889748913,0.8876306173470604,-0.8282407340077185,-0.628955818118112,-0.8224684404402582,-0.2122322704302425,-1.0205705232948867,-0.11074894054615243,0.3078877846606349,-0.36341418102161066,0.34324650821374464,0.15131367742947469,-0.9364667383608479,0.14118800014648403,-0.4594331150765556,-0.17869691637742796,-0.53070414215327,0.34039503717067604,-0.048079010395147906,-0.6769110761512435,0.07317193010833663,0.6165379564414328,-0.4437787668660879,-0.5673516388212876,-0.21716956463000062,0.8506984245561294,0.9570289860909476,0.3353826552545391,0.7357010646875024,0.7005756366803113,-0.3104295069178651,-0.8072852260017154,0.3755285962545778,0.10163036491309914,-0.33544463037339306,-0.5562403809805851,-0.22855872265142932,-0.032394052470088405,-0.46892828087402016,-0.33092628896590615,-0.0264777215701772,0.7134138006697829,0.20828626233429737,-0.45268609559372264,-0.44234714249453894,-0.10882755877362206,-0.5508565127975396,-0.5255931640783749,0.06800252999444098,-0.7794444323741229,0.013322736564959511,-0.24808477910759774,0.3584089356708288,0.5785410221748342,0.4724063850464499,0.36666684734415983,-0.2713346474629525,0.3668901921163038,-0.29276203032718895,0.13549043630009913,-0.41088696664963126,-0.09442484193544706,-0.8493703114313442,-0.47835809822938385,0.9606698509648457,-0.5523873487079475,0.4326551238699744,0.30424614130577504,0.4246321281567282,-0.05885544783342343,0.10602909757997653,-0.8751732433432743,-0.8204538983617997
bien,0.11858495625611251,0.492328853885269,-0.43133926787489657,0.04602086854799184,0.825530917510598,0.9097290282812466,-0.7415911045164455,-0.6377236026668276,-0.8546691557305761,-0.025093944900304213,-0.9563750137541972,-0.04427947428025705,0.3597244979909675,-0.39217215750554174,0.35878773008394144,0.14680194692204435,-0.9561002126463486,0.1406381986756455,-0.43608397998048276,-0.15310035357990875,-0.45194523478439136,0.41404481943348104,-0.07608831127138001,-0.6672840202293494,0.04748868033677322,0.5515592272868746,-0.33988189642701716,-0.6252351225728608,-0.3287163860082604,0.9481714422280619,0.9775616076969615,0.37510385195163265,0.7518273683954433,0.7283781457596854,-0.23024948296380351,-0.8947823611489714,0.3780359757607652,0.1236156909578383,-0.2966746721788072,-0.5687904776195971,-0.28772126251912156,-0.03245267262009371,-0.44843598313559124,-0.4261184581657896,-0.0207029409814605,0.6518748749440607,0.14266718511726206,-0.4755246878735997,-0.457984735741375,-0.0873823476932453,-0.5676786345994572,-0.6145912505691096,-0.015797667122860876,-0.7412409149498684,0.08775307429260149,-0.26848324163023196,0.37753422528029884,0.5672651527561239,0.30984798839510536,0.36162216127458685,-0.2876056042694585,0.27829283194801063,-0.3343038837324527,0.10237913577905183,-0.3477529606628183,-0.10835104308931272,-0.9080087245162204,-0.5331748234610172,0.9316627639519498,-0.4983392882338807,0.3755335518414512,0.34218880346678404,0.477168928052697,-0.021246243886100285,0.2627198477210243,-0.9220306961216428,-0.8785348796708888
bien,0.1897607451641295,0.4034298202067463,-0.5589467066694038,0.011506793237931762,0.7926408852034719,0.6617305219953156,-0.6821325970779301,-0.6211998669169065,-0.8806374376389645,-0.12967938996593018,-1.0046651492030683,-0.13985895794234884,0.2515339534081441,-0.3887418392448675,0.345132894555255,0.15563235900511432,-0.9987666808751808,0.1775156870580703,-0.4082850425588898,-0.11056041104452667,-0.40832796949965416,0.4007673387195282,-0.1798894555573161,-0.6985554793856263,0.055105025896367635,0.4693539235734986,-0.33442076428937223,-0.5908757294552509,-0.1642603895169371,0.9168546197588615,0.9798267437775385,0.3754115554137865,0.7749025229731108,0.7843942501508918,-0.24185564579456925,-0.8004693980006163,0.2743679883687404,0.06912326173805386,-0.2530056734343726,-0.5390153155233969,-0.22642778554263163,-0.13404083854043208,-0.5250249978642548,-0.35660776569457947,-0.11528989208654769,0.7041223986100613,0.24502282187359592,-0.48913180320990113,-0.4803947280386502,-0.1291941903841411,-0.508275886731723,-0.497573402884733,0.06564828090499236,-0.7863720262306787,-0.06184668543946351,-0.1782811508791191,0.4287580563492753,0.5361479594264961,0.3769095967729809,0.36495919814344774,-0.16964763872233754,0.3632557934574504,-0.2477338990328451,0.1583541483250023,-0.3908040106914056,-0.1388770481168603,-0.871793876216891,-0.5459741664334901,0.8878321419157508,-0.4787607397005008,0.35571151835348486,0.30786335381704516,0.46268495836924445,-0.07923043499716582,0.2658675225191626,-0.9219182401945779,-0.8417944611764946
bien,0.1139016904679802,0.41358291509300227,-0.4830361528377105,0.06519608798849924,0.8230694422120393,0.7588077514373153,-0.7134550187120594,-0.5667688594085877,-0.9610962006663957,-0.16107675842729494,-0.8833335059983871,-0.07086274195347532,0.27007294793899017,-0.4859492292626815,0.3267401140544915,0.1595016583388164,-0.9943343868771318,0.03061997036259885,-0.42449444186502994,-0.12126592234928854,-0.4966126090477055,0.39309140140417603,-0.16420447479425937,-0.6993428842114002,0.07205970707000664,0.5392378182368405,-0.2871255810438262,-0.5781005163694467,-0.2644706761420487,0.8346382282460085,1.0041796927659554,0.2621622352409806,0.7675370712550201,0.7638428845919353,-0.23181260794233938,-0.8059698820047458,0.4134291280542574,0.1279989224243268,-0.3122797819428229,-0.5639948431641536,-0.24373178269903117,0.0006773493991229645,-0.4328007576210417,-0.36019374405059035,-0.023978004926575577,0.7003572868474763,0.12526816633519833,-0.4356099307009827,-0.48768304029222426,-0.08250800518565521,-0.5325744667482905,-0.6056495602163121,0.035569874130270775,-0.830233543249559,0.007307443325057936,-0.30903669493874775,0.30555093054918725,0.5170358891727782,0.4315775647769283,0.40067953974775505,-0.2848112764755441,0.27951900456123163,-0.29557779549734814,0.15266168738448377,-0.35467531525316753,-0.018586734323246368,-0.9242821430491881,-0.42589730457495045,0.9447944075906672,-0.6306101151333958,0.37399488917870344,0.3489285202574512,0.4296255272347157,-0.12356170579305713,0.18510182261391714,-0.9089197708289326,-0.830285004301135
bien,0.14026579595253158,0.3634821248488043,-0.45348072492989383,0.059487333650672915,0.7429516947803614,0.7384782710754764,-0.8077639356621402,-0.5679123130757204,-0.8816077074224671,-0.15258261421767916,-0.9399933084364543,-0.009976932002821307,0.2495850873836104,-0.5406125651545719,0.3752635827462811,0.17620557663762224,-0.9875374895864243,0.15031218784950937,-0.43953384895162967,-0.2802115069738653,-0.4655797319239369,0.5021516481858354,-0.08992231886861149,-0.652459341135216,0.14794274999526338,0.5614829702827204,-0.3474387272430595,-0.5201811299437771,-0.19710541005106452,0.8566667011899907,0.9605937910641805,0.3153492736102884,0.8063089323051209,0.6330771979813952,-0.28354311690586936,-0.829681584352798,0.25963653347556853,0.09043066123964304,-0.28506677271261954,-0.5297778730871173,-0.13949730215485728,-0.08530872117056729,-0.39477361263444627,-0.36948389761786016,-0.059422509756847014,0.7287502823586839,0.1884618510290699,-0.3736717176022613,-0.38286600376483365,-0.02400851253692428,-0.5871129691961748,-0.5694942196639231,0.09524744496598639,-0.8567270641842103,-0.048749777982742146,-0.27484574207365936,0.46035318053031254,0.5392510537399402,0.3706426381516319,0.30293035479084274,-0.24049055448734505,0.29035380260411503,-0.39479948231837536,0.08239416170106424,-0.332066633477973,-0.04165803342629555,-0.8749974125283093,-0.5040801228990255,1.0023499592910317,-0.6160543367440298,0.40896384297467403,0.30037422721153806,0.4761811518165676,-0.0739969741513282,0.1524306846824015,-0.859035706920067,-0.77241615818881
bien,0.14464131037622416,0.3909110067272051,-0.48523912397317537,-0.062448153789563254,0.8516988812878334,0.7448320634600848,-0.7651050497220743,-0.5194536874197476,-0.9777606661722898,-0.04376708722497412,-0.9529296009374912,-0.14376271697251478,0.28592054887207585,-0.4791552737741233,0.37455079390554835,0.14931901313831275,-1.0476183457916215,0.1066800492613145,-0.5493223587993962,-0.15958161178044472,-0.4923063530715287,0.3618751964673883,-0.10996317444780422,-0.696887459301787,0.10181955021374171,0.5946438873086219,-0.4451696202342058,-0.5593041091668726,-0.3905326747641089,0.8851339648049871,0.9369501384271255,0.29559486365172877,0.8214541881916223,0.7501366214456119,-0.2678128047221689,-0.8628067067686376,0.31507306816900793,0.048901191444583825,-0.3098895424016207,-0.48877088223781107,-0.18385120575688838,-0.1560928507989702,-0.5513784258618475,-0.40831016691679606,-0.04150767255815973,0.6401867529625455,0.19499143931046825,-0.36650709976109447,-0.3496520373548654,-0.07419471096311263,-0.5638391810624013,-0.703901799295261,0.13305774703468326,-0.8543157730931967,-0.07950249321807903,-0.2884078819463145,0.4909569143406138,0.6038947485811865,0.38845627768532087,0.428265036140011,-0.25063954926786824,0.2843798358196259,-0.24646548854694966,0.11448136571993063,-0.2716091452016569,-0.044782834984481726,-0.8462403251422611,-0.42320041781860607,1.0548225140064222,-0.5475937594380677,0.3425153159738389,0.20774022456465552,0.5601123916464771,-0.07180687917705987,0.25007939205881263,-0.9031239205098215,-0.7779624423099314
bien,0.06658992555838034,0.35670968855534246,-0.42861584372179884,-0.004933574652755835,0.81570889796837,0.79001643150725,-0.7174442593447314,-0.6000653173778911,-0.9303209619492805,-0.14755834009353075,-0.8380006383413148,-0.07507500459923105,0.19909998475686924,-0.46903588537675345,0.3573531055840563,0.2739956188952206,-0.9006012994511743,0.07162228415766822,-0.36057731850644664,-0.17135562421993458,-0.3706333459036153,0.3285254117559975,-0.23900071942106593,-0.7566860975684915,-0.07321863774609583,0.6662339953853795,-0.3765462893033197,-0.6023164330580387,-0.20142628338969643,0.8822340015298692,0.9830375147265672,0.4052439218824408,0.7911721594255454,0.6475097772813092,-0.20262315662362584,-0.7754493433623282,0.3118585954531396,0.22455923421094048,-0.29876158001792635,-0.5948838889020995,-0.16605559587217267,-0.0958663954473368,-0.4367530172906327,-0.4580648643411068,-0.10463931550063839,0.8156098468958113,0.1522264410982589,-0.4729668523364452,-0.3855110473174723,-0.14330794647044112,-0.6238264722973783,-0.568414521888404,0.07499069082854841,-0.7645174428843369,-0.0701900269078512,-0.24584714157502724,0.3920678336541332,0.4632096645284775,0.4423464828261429,0.35088310771684894,-0.23888952190109441,0.344048582932067,-0.37384039090328935,0.19389238250556612,-0.32037163918630335,-0.20902443206645696,-0.8630710827782543,-0.5532978273396548,0.9980589776677666,-0.61110158312889,0.36513117346318325,0.3190549439769024,0.45059529358205797,-0.011674865895438813,0.11740644990326117,-0.7834654352909785,-0.8286184914161195
bien,0.16958171579919581,0.4600076536978717,-0.41877102789686355,-0.04255470015023201,0.7577162496328743,0.872064344510005,-0.6795574899895084,-0.6164942427288109,-1.0379808077084491,-0.129014799413983,-0.9546327226493219,-0.09882218181259701,0.3247150553210916,-0.39921480573796625,0.4020247813152388,0.20401109183947,-1.042074770341801,0.1006481893470992,-0.3662906170076097,-0.1510867692397368,-0.41455885803516923,0.40425013361468554,-0.09832358353322154,-0.8054201321043697,0.07732182021813604,0.5587348874329996,-0.32319816528496986,-0.5537005874045224,-0.3063830542187995,0.8942717575294484,0.9117996125337303,0.28392806977155643,0.7639602647409671,0.7186269540695843,-0.18107385535421827,-0.7914194849976722,0.33842296622792345,0.13933378841880192,-0.27180411503182034,-0.5150444585721983,-0.3078989406009738,-0.05656508503642022,-0.5137750952289901,-0.3582693229219278,-0.09198496661488714,0.7226152303072445,0.09725221522295265,-0.3821827306849378,-0.4126785807391069,-0.06290845483908128,-0.6298304533984661,-0.6359245701607602,0.03925009235717908,-0.8602661829507932,-0.011084287162960029,-0.3836932053626694,0.39099601581101256,0.5833301194753338,0.4041601351113169,0.3867005107363779,-0.15353842491857556,0.21947192853046327,-0.3610682278257696,0.1255290811503806,-0.30546812221998154,-0.06592708331152408,-0.9202424737892527,-0.4647514395241963,0.9230394739810499,-0.4782496100073937,0.33132288698855755,0.2947881364741711,0.4233699131061362,0.002978739847148304,0.16718848837541708,-0.8681835785849351,-0.8295351544723807
bien,0.128858729300457,0.46064327560986823,-0.407634283331878,0.0007427646313344673,0.7684089714273719,0.7938697936272567,-0.7363497552686084,-0.5928728261160483,-0.8961054223500629,-0.19424300572733233,-0.9068798140201322,-0.07727793676610635,0.3483816159065759,-0.44301740933369516,0.2655899250341732,0.1638033253673679,-0.9620327314015901,0.1548533412534439,-0.5850087834107389,-0.16773863013241397,-0.40726607566769724,0.35320144236191664,-0.11536116416767866,-0.7176163485075657,0.05281938940266994,0.5402085365161683,-0.42280753487099104,-0.5219033165388205,-0.2608050787304714,0.8276217993684645,1.0403872782878443,0.3928043524168291,0.7125925490438361,0.6532633280937319,-0.2318887687560862,-0.7993782288949769,0.2322971617602277,0.17360979941801796,-0.23560925291576246,-0.5257959087183193,-0.1191237427118967,-0.039505002973115974,-0.4390997995352851,-0.3385304879580227,-0.029566222317658673,0.6789924529482765,0.2041655678692386,-0.4662376683835095,-0.4188372592052835,-0.06692517360511573,-0.6583526764128242,-0.6033348584794055,0.04133297081390393,-0.8473557719880985,-0.017093438177288967,-0.2353526863742798,0.4138435904198044,0.5047224200394221,0.4513570476393274,0.40202065667108955,-0.24275853721841972,0.288365640488467,-0.28675137151692176,0.162095237207347,-0.2841987121851806,-0.10736597430777034,-0.9677554633468213,-0.5996551990727368,0.979989250535122,-0.5673412711747597,0.4047934094501853,0.3066653486525969,0.4395362954902682,-0.054640843010548557,0.15005807395146428,-0.8668500365793308,-0.8841003959952531
bien,0.08298297914286576,0.4001131930007516,-0.4295251856690473,0.06776388322068035,0.7794043672350747,0.843771294696381,-0.6719366315060034,-0.542767011170819,-0.8703421666449147,-0.10203870222455105,-0.8969796427903626,-0.08186551428076587,0.3475165875273814,-0.4123201444395652,0.3345177809212432,0.22651817883784195,-0.9474622349467908,0.11240157560114818,-0.5053050642050185,-0.1614966635861321,-0.38312670568671336,0.4307228369056445,-0.10142287478557319,-0.6562823410138217,0.15288287563981737,0.553131214464191,-0.4430439354241508,-0.49102773952670853,-0.2505463974902384,0.8382503935536656,0.86218095717914,0.37333150448384217,0.724595585849185,0.6539888022017717,-0.21460007761646877,-0.7794699196361329,0.27423659763616065,0.10897385842728159,-0.3205002001951514,-0.5773108297108953,-0.1736494042398574,-0.08720183654148476,-0.47373959550666095,-0.48964978563001316,-0.027979393113737233,0.7465711555524063,0.21215107752750292,-0.3685030089047373,-0.4853056305300832,-0.10867557310750763,-0.6839210291691356,-0.44022143240874184,0.02059085386901501,-0.773604867442645,-0.0947369925135999,-0.22582815394218278,0.5082527874638255,0.49047840875261006,0.33164176888204855,0.37142100746255147,-0.3641378279500047,0.334375274419443,-0.2792543151207144,0.14379985751907437,-0.3625926616046994,-0.08333149566733426,-0.8467408959926438,-0.5976444337565829,0.9476463604610748,-0.4170323350783899,0.31620420961225926,0.29668277478582583,0.5449655849775494,0.005385979096046392,0.16765771516492256,-0.8557543831532172,-0.8549813083547744
bien,0.06419221493306763,0.41258303986155553,-0.4321888288144378,0.027292657299163515,0.7484747496607578,0.7287552678546431,-0.7508934177419461,-0.49975833281468746,-0.8929554470852005,-0.13496000164530433,-0.9025432879909412,-0.09424953184034676,0.391689741477477,-0.44322106016880336,0.3875346571181707,0.143995415713038,-0.9268817725788362,0.13146284982895168,-0.4843204124180296,-0.19488549403834673,-0.46485134473998124,0.40039346982497526,-0.08764560917369735,-0.69262266286478,0.10366143251972909,0.5587337951160957,-0.3823466340023711,-0.5661064812694985,-0.22315885592028706,1.0076693225617321,0.9675725598862388,0.3770321997471795,0.827569397343201,0.6783609014215056,-0.17931245667763832,-0.8301241707778686,0.3595745324941999,0.09897117487357941,-0.3248690998320458,-0.5316211799085265,-0.24219358505260807,-0.03533749135083142,-0.5212367763024434,-0.4323648530727775,-0.1562136861802812,0.8622761763639895,0.0898078309548271,-0.4325335881157602,-0.38687977303629667,-0.03893655352675518,-0.5466122046813681,-0.6131039973249275,0.09562456695173392,-0.7798717078982815,-0.022213954413803125,-0.26361853733800367,0.4001771112505736,0.4480098449123572,0.4440433924854645,0.44397122718990484,-0.2970052087536395,0.3285803512132255,-0.32747383290931065,0.14395494455073457,-0.34517093994087195,-0.06236682839062691,-0.9143030037644586,-0.5569665052069568,1.005036199454284,-0.5619638283839169,0.31980325421580713,0.27669721932248564,0.4313756421127642,0.027925357655150862,0.23956885982256249,-0.8086851213027352,-0.8138770422381939
bien,0.14890798872991673,0.38189153890719374,-0.42812062994178557,-0.027840555255851412,0.7753695071684578,0.8267914274136132,-0.7421002148317152,-0.5199402027756117,-0.9541363830097012,-0.09336839516381508,-1.002662718336332,-0.08162472775189572,0.3353047663573454,-0.4537505630452604,0.3800661341646103,0.13373901809105496,-1.0352207341554884,0.14555965710615412,-0.39429459448128257,-0.21959985298835533,-0.3718401274520228,0.3884470070668132,-0.18587714074317485,-0.7428397881176816,0.09008727473172197,0.5404064146265289,-0.45291858408555247,-0.6407861961969075,-0.2663934512850278,0.8824577501374168,0.9516708073157107,0.31970545395062344,0.8157625767913703,0.7435030785794929,-0.22430559182051432,-0.8216314158260306,0.35322540538010677,0.0676890096660871,-0.28811645085261134,-0.5599453871003546,-0.24880783016964503,-0.08311321071587977,-0.5652768275426426,-0.32080554916598714,-0.13149789077585977,0.8003735324649186,0.17441003422161744,-0.40478106852778245,-0.46848497667034394,-0.08035936435802273,-0.5566548287906031,-0.5640149571941446,0.06680878913860168,-0.8439578979403495,-0.05684691892139471,-0.3553563914877134,0.441534194190189,0.5476113817701812,0.4629849277074251,0.3936194592388536,-0.2911237403475719,0.2514148023060623,-0.26821933543219667,0.05577391139887329,-0.3654158877574394,-0.1209252428701182,-0.8804148952326725,-0.5128590256295318,0.9501125901655141,-0.6595997543937785,0.3836878173881668,0.18947493772188528,0.48448918252951395,-0.07757903652131799,0.08547571294255811,-0.9067713860036161,-0.8833794913147659
bien,0.16113078602690123,0.4261275323237219,-0.4009682749565823,0.08071629210635609,0.781086694299085,0.8302955759184963,-0.7146363233757279,-0.6498377184020971,-0.8234164145168488,-0.1893954017022618,-0.8943792457689737,-0.16218720305585949,0.32834993463710516,-0.3499296907965408,0.341860871132752,0.16890785269004432,-0.9215142352798268,0.10123835318363682,-0.3905811709979281,-0.16018799350692592,-0.4489583118683988,0.3592615602312085,-0.16573998816717206,-0.7176522723879479,0.07176436638075964,0.5362475753478051,-0.4201816989544957,-0.4511421706180152,-0.275562238713177,0.8800989291031696,0.9816168954339112,0.376272751604814,0.8027378632876725,0.6794666139939931,-0.22143454278024638,-0.8022398997576415,0.2938738633086967,0.037587596190680306,-0.30026665999150615,-0.6072184985057091,-0.22031814475081907,-0.060458340675813904,-0.44359203629804667,-0.3273918139845145,-0.1114975202992348,0.7597991076576105,0.18780381015753464,-0.3682243916035909,-0.41523355077301605,-0.14117992032042226,-0.6753316122545865,-0.5816794929304785,0.001647569739864279,-0.8745569497359205,-0.09620782052348084,-0.26759880034497546,0.49075862859701047,0.47305882891870704,0.4116993592652948,0.3732475099989486,-0.31726885615731304,0.37301017664605596,-0.37503727428773276,0.1466690712674283,-0.3654617046205163,-0.06505602974465133,-0.9298496879636557,-0.49510566024122576,0.9012153419797002,-0.5643868519062913,0.20119501051765534,0.4055586450083746,0.4754061255162758,-0.08819015302804561,0.13709476478707594,-0.8908435897783143,-0.8190317476145605
bien,0.0069915588699047265,0.40921642427149274,-0.32965842855097766,-0.03504210640306418,0.7899131606334922,0.9027516686297641,-0.7172217975877888,-0.5792180526993538,-0.8717337706528901,-0.1384235794492122,-0.8752660139776941,-0.10630005235558844,0.20032901479272264,-0.46259058990107244,0.30417307746642736,0.1676659342228302,-0.9649904381997008,0.17757933597200934,-0.4467304698518499,-0.1566343316010909,-0.4330971070239923,0.3333329361830929,-0.22815132654180492,-0.6806065224804343,0.1290300962423724,0.5552128348605047,-0.4140156513869755,-0.5328591238749265,-0.22822409491991982,0.9570545093195589,1.0136272620492819,0.3927427546767938,0.8435549227872914,0.6269933718637857,-0.21086223223959172,-0.7967496843742228,0.33714304146663054,0.1403119991175545,-0.2542323444824405,-0.41484766684285646,-0.1907694507450987,-0.015302633560195365,-0.48507833401107764,-0.3768823723547512,-0.03766120684242134,0.7392891297506203,0.2559681560544678,-0.47723807695360126,-0.4684060338362085,-0.08013684465493197,-0.5451389681158139,-0.588271101849107,0.09235807146041213,-0.8586257559867067,-0.08985785977125468,-0.260241158397508,0.4115142298256574,0.5206356322219201,0.38081572916820344,0.3613598379786554,-0.2565466302883296,0.33771205421019435,-0.3355517370787807,0.13543113742157867,-0.36856535071959656,-0.06687664547946559,-0.8672410881148315,-0.40181153202288544,0.9512404399110583,-0.5663744648062852,0.5164887906378137,0.3216350353131959,0.49738451821960505,-0.020217629571012807,0.22447810066861307,-0.8392784495667236,-0.9099799525943364
bien,0.11997225752722161,0.3500525800436977,-0.42690866399473804,-0.014625662432838332,0.8037674179877456,0.8092924902337879,-0.7247720845340682,-0.5711494150861721,-0.9274068604876602,-0.13143048716631103,-0.8942277701801419,-0.03294071734585785,0.24094894029819403,-0.5195718163296817,0.31616533480002695,0.23398601393431417,-0.8912920337365176,0.07147258196170539,-0.4661296384982523,-0.07807603932285632,-0.4121842625953458,0.4573510008876473,-0.06915623615436611,-0.731774458361469,0.07979896488883556,0.5623672529373265,-0.3820662658465735,-0.5102677844637086,-0.20362324677493204,0.7259572525319551,0.8863488312912313,0.2353983060768252,0.8144364791095628,0.7035261250597467,-0.2298506694116858,-0.8635123956422823,0.3405290053030718,0.15149464960032832,-0.33962792723510166,-0.6231929003927797,-0.18696675155884965,0.027469611079006084,-0.3765417063879454,-0.3882442335267322,-0.12112703493304794,0.7654099588682822,0.14988459569519075,-0.4713996269692709,-0.5512433283338971,-0.08563673903872379,-0.6206726782468936,-0.5924210589374285,-0.08689776517696926,-0.8170499288092063,-0.15438499349540835,-0.22125056256090564,0.44146780533809643,0.4795592076327797,0.4103218367156326,0.3294571143766506,-0.2491809759213988,0.37600831139355184,-0.4750171345409337,0.12322652175387389,-0.34951789037706976,-0.11952458236022424,-0.8040870470287512,-0.5708442118774679,0.9121472501748739,-0.6346250426052744,0.4584693544583177,0.2886392092970391,0.42595783447312885,-0.05244691284667309,0.22513934062524185,-0.848692981958541,-0.7224815136776788
bien,0.12429259956933975,0.3930333737777556,-0.4462583590503087,0.0020172627744855717,0.7108020624638175,0.7945793882414555,-0.7096559737618816,-0.6161824237547883,-0.9374345962125459,-0.04258305538401537,-1.0115717360739243,-0.18972447003444293,0.24064299804715236,-0.5200470705602642,0.37182110716549166,0.16369040981022298,-0.9630205874968613,0.17535488483050263,-0.516061849243208,-0.13104313539257867,-0.35738369649720236,0.3634927117253096,-0.08224142188070535,-0.6983554186765225,0.13550294250572892,0.4820550696439204,-0.46954854750390784,-0.5756476178810143,-0.268503725341691,0.8469318442493666,0.9410145158235106,0.38076802841743995,0.7852851881484993,0.6503086770552042,-0.26158758618016664,-0.8540232462468824,0.2601215299439366,0.03503068409805339,-0.2733965680637898,-0.5783262756501888,-0.13864623028576917,-0.13448930720460892,-0.4886330212502714,-0.32576909051619735,-0.1316076772089366,0.7092411632890467,0.11171360979437439,-0.5004456507746294,-0.3666794375984134,-0.08220387432424908,-0.5824953688781438,-0.6820583896696648,0.04600718904029896,-0.7676701651386993,0.02464491774459953,-0.24223091374402522,0.358898964751572,0.5091486170636587,0.41556509173535905,0.28863864825538316,-0.3088637312762327,0.38067747555770715,-0.27650038325276777,0.06815858805668046,-0.3086346109067924,-0.10494473151525502,-0.8378916906097639,-0.5463752218030208,0.9754643871711803,-0.4966401525655708,0.3653882751218749,0.30184134373614346,0.41545219739973155,0.032759168703156594,0.18731395223743733,-0.9121623683932064,-0.8906670200492707
bien,0.10793433520625667,0.45396220382512026,-0.48498186443163743,0.11403821054244848,0.8013276733980902,0.8159089765153468,-0.7536888562634994,-0.5845512953560702,-0.9044797502947104,-0.06749051424692903,-0.9406440076155346,-0.04798104028594235,0.2765957190618929,-0.43324340828843366,0.31231378674829147,0.2425520464601785,-0.9937235972816251,0.10145920376869766,-0.4972431268078064,-0.18749517536354912,-0.3968250479852157,0.3704429483891604,-0.04939633813146739,-0.7271882773565819,0.09776690956082482,0.5218402295571041,-0.36622429612106716,-0.5568817184844757,-0.2318105871236264,0.932191048046037,0.9192737513931124,0.37409310970652737,0.7672202214430566,0.6971360025943772,-0.303790683753394,-0.8486918395718885,0.30271465276842907,0.20641398314305576,-0.2718302803518551,-0.46715757452700085,-0.17594400266295684,-0.08147371482540884,-0.3845610173678428,-0.39456357044546386,-0.11676328104817979,0.7445963988638679,0.1578760714402623,-0.5324759849441452,-0.3972463287895165,-0.03600914617400999,-0.49728220929041117,-0.5761353933040906,0.01563394843075719,-0.7837917910694614,0.009662082969118364,-0.19373351606751216,0.4131418624780201,0.48521349757562937,0.3464086227236023,0.40523393184608836,-0.33021283511368515,0.37507397811366333,-0.2909109159930747,0.17484124986066868,-0.34147442204515904,-0.033060989096381665,-0.8333424650687783,-0.5450030152001087,0.913746259862253,-0.5828152819605839,0.4105191885334398,0.2509467703654813,0.5020478860541319,0.01632588668613978,0.14937673575620308,-0.87533857886399,-0.8540446752874125
bien,0.1457949631726344,0.4967628140167035,-0.5024651418175402,0.005746174518991887,0.772593073917292,0.7225526851225488,-0.7730848800375306,-0.564125796506096,-0.9109995385403181,-0.19561137112909777,-0.7965434433423704,-0.07302465795036883,0.30387280173485526,-0.49792175285740176,0.36554511205882634,0.17351494563062694,-1.0464624058814396,0.06419540398104316,-0.44174880530137195,-0.07259672347983863,-0.41459156620521026,0.441430000540661,-0.12688033008768151,-0.6905918310841036,0.14384698744466273,0.6437683934817076,-0.3222181005743594,-0.6094023859048782,-0.22740542940446476,0.8866435339446757,0.9390069467704911,0.36416022899640715,0.8466970576602435,0.7416422301841156,-0.15971840973114554,-0.8320380374927933,0.23862014680510663,0.1335932544776245,-0.18267992231560365,-0.5737397833180391,-0.15261781839431676,-0.027332212978029742,-0.45195674113064704,-0.4160682154969491,-0.13079866164011375,0.6069847222728241,0.11691327360244139,-0.4525394825911654,-0.389173852381662,-0.09591225207367522,-0.6151305967359324,-0.6417918500115253,0.060910411060357834,-0.7576234041168604,0.02034285079654602,-0.2453400902364098,0.3415926063121952,0.47590873406182055,0.4795510551560124,0.4344583521055895,-0.32967491261387966,0.3334900833105715,-0.30214775045331227,0.10747981658643907,-0.46384588494069345,-0.10476869922211432,-0.9163300512211434,-0.5538412425855579,0.9254711943505973,-0.5455153870225926,0.38250088218987616,0.25675422148137905,0.43686780239326034,-0.13769394725127515,0.20887950247212955,-1.0088749228014051,-0.8693502283772141
bien,0.14755511283299869,0.3633286108724683,-0.38236901199124135,0.07944184600137064,0.62049891107044,0.785018032688089,-0.8926180504537413,-0.5914246660021738,-0.8974241539474066,-0.242507511994269,-0.8440056601388728,-0.07203276082884659,0.2558369236254197,-0.3697564633291235,0.2627291429281467,0.12026708315678579,-1.0670090114291642,0.20776043580873066,-0.46487778761146903,-0.13682751648743596,-0.41789977476143875,0.41496422468322186,-0.11518867896372155,-0.6727184559147014,0.09467820787483701,0.5301999387442702,-0.38960417350837395,-0.5424045034725533,-0.21853002891109594,0.798878694333195,0.8847415115154471,0.3989094235214469,0.790318514782626,0.7207380099381556,-0.29861791282834155,-0.8892232760888781,0.2646419744204867,0.10455327123833119,-0.3101274888390644,-0.4851943141650505,-0.17798400217062968,0.030327428326431052,-0.4413084357943066,-0.5370419924451254,-0.031825121031116385,0.6455902447703552,0.18403249229620977,-0.47175847801877263,-0.33690943502958803,-0.018775952584599673,-0.6262703428751129,-0.6036104613199093,0.04030002311734469,-0.7823705588603102,-0.03137133968057632,-0.3268923201933766,0.37949531167133954,0.4932683563851695,0.4439086926497632,0.39975272053663047,-0.2914704980328942,0.3686882483560246,-0.3396519140302722,0.19010813999709214,-0.22203516295382078,-0.1276512200201134,-0.8368618803538029,-0.5519188222332102,0.9375920239875704,-0.5373534769462469,0.37327083889244145,0.42410440086623036,0.4325486251410451,-0.020480201791893984,0.09682320573755401,-0.8444613239658668,-0.7977729947379208
bien,0.07521593802019846,0.29078453818418903,-0.4201231106154776,0.022514402914602435,0.8220976612325246,0.8931313296375478,-0.7678320616023429,-0.6283286499066405,-0.9554114834669124,-0.1084763818471471,-0.9162798653019409,-0.11361632092870706,0.33722223251581096,-0.41975623086309066,0.35467138844250706,0.13660489879549537,-0.9761294510199054,-0.0037795889023632817,-0.4697057529751675,-0.16848054154248895,-0.42352588690288817,0.41149178740422065,-0.09980149033690988,-0.6917836820823752,0.09173143822182708,0.4904137081879256,-0.4164589675321118,-0.5535606794514641,-0.2608501636843205,0.9157748395144882,0.9190592408981161,0.35558262238804317,0.8114964999175629,0.728815622266879,-0.19897235864080662,-0.7808643517081546,0.20152149497791566,0.1753889321775582,-0.20050506266511386,-0.5739972045364097,-0.17512782161386026,-0.10666108660820098,-0.558947768834485,-0.45335021482625415,-0.11163415332722462,0.7033252893262623,0.12456010443534343,-0.46969553347644233,-0.4445953028342177,-0.12926719811161355,-0.5620030941625236,-0.5631595453439817,0.1470895069431083,-0.7692572658322175,-0.020673782380406236,-0.3066607900577172,0.43006061121504213,0.5098222441998269,0.3565201892612456,0.41754739734747215,-0.3227046524362372,0.32404961769365953,-0.2925097491204939,0.13120853235814522,-0.3587234040417146,-0.11659919453254994,-0.9187222003745088,-0.45595410905261335,0.8923033287509945,-0.5229236249193577,0.4036374168087791,0.2535226213670308,0.4515334915940014,-0.09530438736837249,0.2628796729565229,-0.9230002989831579,-0.8875705790671313
bien,0.04038455473137198,0.34841070889283204,-0.3386297576299967,0.04879394409095414,0.7929085799803366,0.75975732969953,-0.703448788519989,-0.6267253656919991,-0.857383628681835,-0.16200587652900889,-0.9724729633366497,-0.04841943190468179,0.34147946243730987,-0.4131517880092114,0.3000260981724228,0.15938929154656023,-0.9441912981857437,0.0752441278862594,-0.41294696817860455,-0.289894953177388,-0.4718868122258202,0.36079751148250105,-0.26128974789710946,-0.756075979561883,0.12056251169079289,0.5621437108503823,-0.3086161341454954,-0.4788229098413962,-0.20240516595850513,0.8884292121708964,0.9552874003748126,0.21201325093165282,0.7359402414104924,0.6965355177413053,-0.21321063190483813,-0.8010824916496445,0.26219855666128944,0.16255183890037664,-0.2027482724371119,-0.5029915103057692,-0.1374802007679792,-0.09008079249942243,-0.40773213736283753,-0.4091265195827519,-0.05904942492794387,0.7393394180350884,0.16643145366362228,-0.4760243988916955,-0.4481518199304997,-0.0414177680819653,-0.6112531010556704,-0.5525752147834464,0.06492365316576741,-0.8404881322893821,0.03661106988415189,-0.29342490878386857,0.4908505867619738,0.5151987952810577,0.38139254778885295,0.33397075849294555,-0.25721276320889547,0.32608163379581406,-0.3832174913489095,0.1347069686018667,-0.3885758428751053,-0.08041031302399682,-0.8116281145537113,-0.5759949394460858,1.0288205987654815,-0.5452591430091085,0.3342039526477347,0.3388414554378883,0.4255555549622118,-0.05390961253271209,0.17311363699312168,-0.9068980487275923,-0.818675872735438
bien,0.08728073500444164,0.3444630556272473,-0.3906375159633147,-0.03862390715586174,0.7282309000615464,0.8522164881157419,-0.8086463740328381,-0.701336486570001,-0.8659225191502654,-0.13357348417278359,-0.9511303342997719,-0.10205857087808784,0.30987159218045784,-0.48066139679920283,0.4263155476885508,0.10791411081723173,-0.9297924894118131,0.14981422617559317,-0.5194776942267381,-0.22098432824375164,-0.3820911257488547,0.3367327989251569,-0.14942576169604938,-0.6418990749270861,0.09103509774064068,0.4707723456412789,-0.2999199780199648,-0.5825847700746355,-0.24419534938402335,0.8855565123371791,0.9832446847960713,0.4428225663902007,0.7226648096065114,0.7327993530326559,-0.20686143263971787,-0.8224242278002574,0.34618548978788344,0.16239522565872921,-0.34596861312419397,-0.4624026650262947,-0.26489827990440984,-0.11888531666360054,-0.4746182271790823,-0.320167425889782,-0.10004003284171344,0.7194711313913125,0.244109739130871,-0.448040182263854,-0.5029668223993311,-0.11161759071802217,-0.520639719099736,-0.5936993280610969,0.12460303258769681,-0.7886445161252829,-0.06506938211650112,-0.2730937600010793,0.3727123377242482,0.46007079467157064,0.6061400562628165,0.4292920530115188,-0.20974485225180975,0.3051105937051319,-0.24182346877231026,0.20055851982739692,-0.2543046194023625,-0.01805419405301345,-0.9508966027449975,-0.5701411300948191,0.8930158215739534,-0.5860286234564739,0.39912764010768,0.27261354382268826,0.5515082059130901,0.04541121537294451,0.19300446949977365,-0.7682948413268578,-0.7804689929935231
bien,0.07906047719028807,0.3158348780349316,-0.4290889414221478,-0.010575896158597622,0.7962191899526009,0.7970475922106136,-0.745678496127366,-0.5593300066546683,-0.9576916907525241,-0.09781229882024167,-0.9622283858937164,-0.0763344412173935,0.346158587491131,-0.5042454233651009,0.33844512132678406,0.17579892313125844,-0.9777496838242014,0.16269965078841184,-0.5175145241250928,-0.19756762595197766,-0.46844579310496576,0.4408786071979327,-0.14371477027913188,-0.6632622535058956,0.18808329112519317,0.5568886080052048,-0.3316699012459826,-0.47251652793098076,-0.1726979068866818,0.8719272339219738,0.9840962328957983,0.2803984221688601,0.7666660591692985,0.6612679835047626,-0.1319813113335076,-0.8561952079693149,0.26544796748398086,0.06348547576445268,-0.24887988577830572,-0.542759920686892,-0.1326222183961745,-0.02855651929779416,-0.5305483358340809,-0.45677834004965334,-0.016360763940253042,0.7109029136650127,0.23188539983654347,-0.44050832253134625,-0.4924278081672234,-0.10591888783944176,-0.6375818005675098,-0.6255202160339749,0.03811640496314612,-0.7999610079199396,-0.11233850145954187,-0.27651597559978813,0.3860424568533546,0.4610717057560685,0.38882007466818247,0.35083823387536767,-0.18369285195980972,0.3956727032830881,-0.2612112573892622,0.12084222996323499,-0.39651062561621714,-0.10560840500353014,-0.8844595566544349,-0.545090313752492,0.8844184900137873,-0.5409074897532556,0.3627515493820368,0.3353710682793801,0.4811335814510382,0.005217211539998469,0.1303627716097237,-0.8460082367496656,-0.8912490096672168
bien,0.04057509460859677,0.39486553338877417,-0.36475527316738043,0.0030392927168018183,0.864166641693265,0.8200301036428927,-0.7685339030213564,-0.5275118222783061,-0.874795754792626,-0.16500828212106233,-0.8473074464638404,-0.07335961005625401,0.2992279048287961,-0.48580206819933025,0.41148671734064945,0.207589406200767,-0.9205743262309072,0.09233160880547556,-0.4397900775895658,-0.12420692630132063,-0.46638874839641864,0.31542632964194306,-0.09002391169157482,-0.7649318705303605,0.09689882495557843,0.5382672737833687,-0.32633967470819447,-0.5757264266739975,-0.16869383628851226,0.8470568275027096,1.0019903951988482,0.44778442901746895,0.7522658601584842,0.7061035286729039,-0.10657279654671847,-0.8122365409114054,0.30991121855855475,0.15510647214445283,-0.274816430670106,-0.6352522900488637,-0.13034579850555583,-0.16226692329492154,-0.4823684260547946,-0.3560431640913024,-0.1024543227861834,0.6863830012706328,0.21646900419397086,-0.4755800144772997,-0.505156272732395,-0.07703014958144228,-0.5983254757106545,-0.6594262336232958,0.05991774663462732,-0.802316882159529,-0.05081668612710856,-0.2902141755305806,0.43889288073180005,0.5530105171916124,0.3680461832060624,0.41109525216023546,-0.22453974084791345,0.3802349741059839,-0.3183372121491909,0.09997146403443219,-0.3715106415302495,-0.09256722818385352,-0.7860189194210419,-0.5388501367911377,0.9834445845235052,-0.55523441382369,0.38847845968896727,0.37672355389065876,0.4860929079459859,-0.11188774236818523,0.16470379801314608,-0.8032500849122793,-0.8477818222241084
bien,0.04415379916835783,0.3753480229875236,-0.38301584603855277,0.07137572445620755,0.7867866737694181,0.9163518679136813,-0.7076217608995455,-0.5976882972052715,-0.9378508958033075,-0.16712452793067914,-0.9234765122188476,-0.11077240345624818,0.38197528292869276,-0.3697098445581565,0.3841631313351239,0.12277582618485687,-0.9856471788732896,0.18049205226881904,-0.5096484161748243,-0.11369051928388449,-0.40921964030562447,0.388861730866652,-0.15423420530529308,-0.690976715226311,0.09878043380743437,0.6122564739377901,-0.43155971527932824,-0.5692250742619429,-0.22181632829208825,0.9059012176051691,0.9065676280697288,0.27893886218126657,0.8393664746622986,0.6156042868390234,-0.1797629316041133,-0.8233622871306969,0.22944525093335003,0.09166051380672714,-0.2579142922213819,-0.5765260446980851,-0.1859586798062854,-0.02511558431639755,-0.47163836026725847,-0.46326733537244147,-0.09957640122263617,0.7918098327168159,0.256759026202302,-0.5340205838326941,-0.3894935912932235,-0.07824846315433863,-0.5429801768340174,-0.6247669909272352,-0.06034305584019049,-0.7963168230060176,-0.07987779836096282,-0.34506219679857586,0.3494531745076689,0.5235381353247759,0.3891584670129885,0.41748412860356193,-0.21934598897732516,0.3152229312413468,-0.32382635078023697,0.1200158632986231,-0.35890207251352557,-0.1580726383719892,-0.8574179236464047,-0.4608931181822359,0.9023745608560859,-0.4747681090197849,0.38863109671855756,0.3130076652477698,0.3629068028945883,-0.1401858942094241,0.20053336734270974,-0.8265745459027469,-0.8884447465377808
bien,0.18510050017830548,0.45304244394892546,-0.4636075847595106,0.023197643748001387,0.90974036538148,0.7304579777268908,-0.7224158821265723,-0.6016514713597936,-0.8617207788524146,-0.05501663038280798,-0.9595594326784345,-0.03038793762521915,0.40934826494311954,-0.43971169783683767,0.3917542383349718,0.1522035963225379,-0.9510732697941087,0.10887442134635185,-0.4416483099021394,-0.10956380919201444,-0.4384325789132355,0.4629569789126388,-0.04259019258043957,-0.6439218358910784,0.06349670947760305,0.5300380881857389,-0.42789200298214247,-0.5086259286237291,-0.2846458952631707,0.9066091824264112,0.8979353775546619,0.385944657817726,0.8065291962133242,0.7581836706793499,-0.18693918842615817,-0.7438127116564459,0.379862740961528,0.12286306647631175,-0.334810127196074,-0.6025171430702051,-0.29130259371329964,-0.11630279427306656,-0.45808766061264505,-0.4443971605903929,-0.09363398157453667,0.745703596866923,0.1573025460323549,-0.4891157151562096,-0.446706670130969,-0.1356803732947487,-0.6027186356389781,-0.5301037296927036,0.014544854430075083,-0.7369933847710034,0.03875286405007154,-0.3046128406532854,0.3598170553105534,0.49086473810799947,0.4398522318813731,0.35385128219839385,-0.20739523678903646,0.3966916089273395,-0.3590039546044945,0.11178518532332071,-0.3127525822639007,-0.10211752399085738,-0.9112452146673055,-0.5322581780373031,0.9396792347107643,-0.617074312537625,0.4212371772187952,0.27701910698051957,0.3086924676850593,-0.05101632714661002,0.15624898625905026,-0.7816200425192135,-0.8841479754015316
bien,0.04671363697022046,0.44169227873431044,-0.4512128905744905,-0.017317599667285584,0.8113689778365297,0.7405628124723979,-0.8216930619823002,-0.4992143436189096,-0.868090656518308,-0.13159077694844531,-0.9404214387279629,-0.06104033330477004,0.3469549677101925,-0.4808241992698,0.3708171302585467,0.15639042602218972,-0.9614852974713005,0.1257428193550092,-0.4818290348377028,-0.1330192610647321,-0.4085955085015828,0.31086737615738375,-0.18698372501179314,-0.7047503572880381,0.18072929918578073,0.518049937397654,-0.39768407072827816,-0.5829015334834633,-0.2517597040931065,0.8816792869161136,1.0220297087556502,0.3675657718196568,0.7654916690054415,0.8291632181265189,-0.24008325629416544,-0.8444270300756572,0.3774266237809518,0.09222799387971092,-0.1937247911254716,-0.5934231298686695,-0.11545864780143429,-0.05206711938757716,-0.39697623186275577,-0.3213261661140576,-0.1412575658801068,0.7848564169317691,0.10206061371437258,-0.4853834928979918,-0.4842154597424192,-0.06557401714721339,-0.587528516943282,-0.6055993821219955,0.03538188358600187,-0.795976782973717,0.0005834709002406832,-0.2209392334435767,0.5063749842697142,0.4924243275819353,0.3561313956049828,0.40903763396908766,-0.31001249251537444,0.3023344028649545,-0.27033362476672473,0.13938132099686487,-0.408795306788153,-0.1842000547411946,-0.8745063043704311,-0.45755432878292324,0.9996325012236946,-0.5332875661452101,0.48340049284946685,0.29571269813045603,0.4409498977050937,-0.17819457421808738,0.17095940174566485,-0.8234604003889225,-0.7766776575125479
bien,0.06008407346578678,0.43940826170086206,-0.36584657055794695,0.022215618055120984,0.6717298858189479,0.8049506778455887,-0.7107578478692829,-0.6328853884745494,-0.9097733199420596,-0.17615511480516527,-1.0687549556718836,-0.03498333062119502,0.2981006685394289,-0.3631416848688003,0.3953759135555714,0.1640151467494292,-0.9561952682508897,0.14601704552027261,-0.433150935347282,-0.15366407444276015,-0.3776701791928883,0.37144239979226906,-0.16894974199780535,-0.68950498572813,0.09955728060049865,0.5005527592857698,-0.4541090394549716,-0.5337149173119659,-0.24437532745722365,0.8644752544377607,0.9340062116608264,0.4207973969137879,0.8687562750965462,0.6296340580844001,-0.27065157799624406,-0.7730657688580719,0.33691861690223446,0.11360862666041258,-0.3337504841230555,-0.5840179926280135,-0.21279854562481723,-0.04826978604570685,-0.3763424857630156,-0.4507584632885412,-0.13592896373180613,0.7156385020524558,0.22409275796134576,-0.5053684234736155,-0.37136327920905,-0.09935741706188991,-0.6258953109056936,-0.6772520422519617,0.06339615830591519,-0.8340998222004674,-0.024293661159101615,-0.32068816227490143,0.399418441918791,0.4691633838862722,0.3771561884426183,0.3448832111910377,-0.3295087997365045,0.4726945967353654,-0.3884728844532399,0.15466069008487704,-0.43698707529145314,-0.20956227330383465,-0.872050813747508,-0.5059307762429086,1.0062801618872546,-0.5188542492390668,0.3754644859573709,0.25347370422422894,0.5228288822866417,-0.0033802164286261815,0.1310110753163044,-0.8641629657238156,-0.8476731127792083
bien,0.08431312231886755,0.4548881695265494,-0.3766038652567025,0.012130925505070736,0.7718504464054264,0.8675341010002527,-0.7021874344542156,-0.5818962242282073,-0.9785260453523429,-0.10118030738347526,-0.9053434049969826,-0.2240596326304965,0.31088156764542274,-0.4638600340438362,0.34146708995378494,0.1363565871945356,-0.9594456997658514,0.18730775479083056,-0.5038150311258449,-0.12151892804020152,-0.473266397401343,0.4242136462587946,-0.11900977187742347,-0.6686632816106094,0.08965569886856384,0.5927107906447945,-0.5156521911443284,-0.6270754978085157,-0.20320345998827025,0.7705903820260491,0.9254618271635071,0.34205030977379486,0.7642612101961513,0.6569236724516698,-0.2304328073345421,-0.7651012344675611,0.25889933598433196,0.08692861496753335,-0.313433522541196,-0.6709599779142001,-0.17987457773162732,-0.01538361531023727,-0.41069668313208335,-0.45995277037117177,-0.14721210378005123,0.7221481032734373,0.2139694932639662,-0.4252817527200612,-0.4295797549591093,-0.033664302569294764,-0.6261361387515602,-0.6082410822475052,0.1098003952229439,-0.835381818593272,-0.09619578359515552,-0.309115380036848,0.3684642510702801,0.5113505754890727,0.33738849353208966,0.39191254015289045,-0.2896030126291759,0.23010068255062366,-0.3049716827372681,0.1530109238150945,-0.322497793084809,-0.14335926243119873,-0.9159193621080903,-0.4945758127072465,1.0191561909736844,-0.5382731908145356,0.40418427669701773,0.2848743322061938,0.37069675278128,-0.001451307773434489,0.23874826115803374,-0.8305224508755876,-0.8639729962726541
bien,0.13144861013607806,0.4609837351056012,-0.337182587926276,0.07108151562769813,0.7890849699469913,0.7271735150956575,-0.7410464641887404,-0.5726853739311611,-0.861614104632425,-0.050685719732555784,-0.945005103845705,0.01871580828007774,0.21032374422749261,-0.4220583410809682,0.31258378435106116,0.08636453484826151,-0.9621249540606271,0.04484954106071615,-0.48956650108671,-0.16805914357513788,-0.37702276599056506,0.31089657988779573,-0.0736703063762324,-0.6813605005360838,0.1407404937441692,0.5390419702711777,-0.4538851645858128,-0.6169591984464304,-0.2886478575720583,0.8966580073668936,1.0258369460566026,0.3165197754928663,0.8371249819896853,0.6153296396795775,-0.23499585488335678,-0.7821378514396952,0.2344155662832289,0.10548735132790912,-0.2410746168505655,-0.69657952268181,-0.12018751416241562,-0.044435533807109476,-0.42569246111201037,-0.437050415508873,-0.17076332543231187,0.7477709737097006,0.1683762926648172,-0.43141850236396434,-0.3896646374928497,-0.05265265526297654,-0.4931174399355443,-0.5895498664701788,-0.0064905022546720426,-0.8349621047838269,-0.012045766669896641,-0.22485474927468438,0.34202154605940627,0.4939193269629676,0.4626629265634471,0.3663503839597022,-0.2062491589586882,0.3609254858313353,-0.2725096417601152,0.10509971265775345,-0.3886557673735301,-0.10869630686682151,-0.953553227702137,-0.5281361859619066,0.9558490452229186,-0.4495998109423634,0.40309093135815155,0.3322151399711343,0.5061020712274645,-0.09805565817589021,0.18507341608517636,-0.7447905225441527,-0.8588318354747586
bien,0.15741734258826137,0.46448253909486503,-0.49209620789349584,0.0371791742456227,0.7932312823055707,0.8090841172588978,-0.7865350030618805,-0.6413602193192345,-0.9208660933993829,-0.12327006255293721,-0.8809983558628502,0.004531989775702516,0.36811798754068037,-0.4000161741649572,0.30229279084528304,0.16128082608322689,-0.9415399326250193,0.08608622407795521,-0.45263482355867163,-0.1337733005671463,-0.4061353333290891,0.4375325668538717,-0.16432212534417473,-0.6396230878454636,0.054515763557679654,0.5135827313905899,-0.3606671285383214,-0.4952905540256881,-0.19965681056990198,0.8738075009094881,0.967498536250943,0.3515886977289914,0.7493706722700264,0.6293707353391128,-0.24795321131589446,-0.8115731404680864,0.30738842396545907,0.14948660545939751,-0.28764430968306076,-0.5217420312250933,-0.19418950561382514,0.029048445500161432,-0.45749315716155514,-0.29937832097285094,-0.06702662179950089,0.7103839673644422,0.1275334101226591,-0.5051687038384651,-0.4936171009726052,-0.13473616441430594,-0.5694383097694161,-0.6235508464668631,0.0374164722626087,-0.7614423443195564,-0.03721935287856964,-0.17168974030099304,0.3565826946143823,0.48596326878526275,0.3552201975309797,0.42518615781267866,-0.3647893332204495,0.26411384501164453,-0.32567001320891237,0.22315662578822476,-0.3370935921683857,-0.1772872741861476,-0.936800467974633,-0.4309996704890761,0.9121484724073232,-0.5859797599123402,0.4568236499262035,0.3515085667068287,0.511581261038304,-0.09732487274442822,0.1170722671530076,-0.859402827666212,-0.83811941770185
bien,0.1198258953343926,0.4902048420181597,-0.5048788766745238,0.06463996296021432,0.7310626564879436,0.8353729439099182,-0.7725772142983963,-0.626212833518152,-0.9275607287458003,-0.1906608227375552,-0.9382261312511927,-0.1249672207436007,0.3376030067745354,-0.4110226306524036,0.4369176566054021,0.20004200900975552,-0.9260023468916656,0.18771316657315468,-0.512878240986404,-0.24421051662101234,-0.4229451335009428,0.31514416316527244,0.003604368987748477,-0.6134896084461263,0.1974968527287685,0.5637518778558905,-0.3597442555625606,-0.5790580037332694,-0.17991124460936486,0.811990139118308,0.8248361854721287,0.305231820851199,0.7328945432959304,0.7653980793943354,-0.1532280445882059,-0.885712435877207,0.37140758542313435,0.16325077395194038,-0.3553593081107876,-0.5694043668669171,-0.21596835335372874,-0.024719732670301878,-0.5229678110431282,-0.42135808283210896,-0.118923926551525,0.7447348850631101,0.16166620735124637,-0.4597865603326001,-0.45470981553440126,0.01104629268589917,-0.6100242925959944,-0.649292838828043,0.05724179809268208,-0.8327174959095385,-0.10359063184015059,-0.16407275846420993,0.3977492963520098,0.47459897350594155,0.3901776113069335,0.4648666659702702,-0.3367870180280932,0.35006890194156204,-0.21593906399668283,0.15202417377473249,-0.41015238283542504,-0.14062974412096854,-0.8665980118522819,-0.44810895984933063,0.9262384201263323,-0.49749900141823045,0.311186580542316,0.2287677979477264,0.4237382444407167,0.02207865736252572,0.1967712811794141,-0.8515705923560164,-0.8409717445768568
bien,0.15705620427848754,0.38578461060931696,-0.3837762667496997,-0.01988892279743048,0.8850575414913474,0.7525666226520417,-0.7929488442262586,-0.558030753049224,-0.893076171826724,-0.10203769238568035,-0.9288818884682501,-0.14085316115094978,0.3789560416834957,-0.39834832440959395,0.4204573015236184,0.15530909037718044,-0.9312100580099107,0.12757659909349853,-0.4250949748749938,-0.11178519938837976,-0.4232972963094568,0.31037828003383006,-0.030109470304136576,-0.6584651513655665,0.05887618399413236,0.5809566359360688,-0.4628276126702667,-0.503316578762085,-0.2976180721026601,0.8617255751190067,0.9642135674261451,0.396709337424732,0.8109954508985149,0.723249886266986,-0.24542026276469936,-0.8171752798037657,0.3110956675644872,0.10622862873428313,-0.36119898602891554,-0.5883071650051676,-0.17472142519191783,-0.07457555277609783,-0.46931929760697283,-0.43258213502107057,-0.12780712099063501,0.6964128528450383,0.15716422171621308,-0.43276711810848795,-0.42437606952931173,-0.0997833635003934,-0.6406620735746459,-0.6671466799097929,0.15794198000364504,-0.8820320139516188,-0.058760185360046104,-0.2497975600986365,0.43341627410962624,0.5195357308320877,0.36004999023491985,0.3902887310418056,-0.24973256849010023,0.3206630410934707,-0.3080321849977972,0.1983560170752854,-0.3494956950420173,-0.11048725915511465,-0.8235340865963222,-0.46658113764038306,1.0224020343953095,-0.6266431030138309,0.42821098105312994,0.3310327186975881,0.403595658987301,-0.037243382831195146,0.24588363659162554,-0.9075190982586173,-0.8327476029043928
bien,0.14516348893570188,0.36274466710963527,-0.42530480679636873,0.03670362922744659,0.7460873334181617,0.7486285179121989,-0.7555816091654662,-0.5454322578784419,-0.8648788933387348,-0.16145094915804417,-0.9076391839870818,-0.12813054001890328,0.21777960532984975,-0.461382613256411,0.40865827253954934,0.21452366243977034,-0.952114825614329,0.0968729018022111,-0.5009832129908908,-0.16435836068682091,-0.48637171074965396,0.36887046936592777,-0.12987103772650946,-0.7538182459726483,0.04737562351881072,0.5811548685970532,-0.3867973432505908,-0.5715223216953064,-0.26962885676560067,0.9516097910003217,0.9100918842119017,0.35734699218871424,0.7812747626731064,0.6933157072182753,-0.2211314302452031,-0.8840788117169458,0.30649099283939796,0.17521795722589412,-0.18879537920024358,-0.5563916889830928,-0.18487610688665732,0.04844714882841478,-0.40478262941791754,-0.44727868001189575,-0.11557637389835027,0.7688952989832164,0.1219539524333563,-0.37863793756863773,-0.42732998856524695,-0.06486981075475282,-0.6020160009640276,-0.6287338181261742,0.10116976117829983,-0.8378781264660644,-0.05337568912552004,-0.27965442861832374,0.42502435026723934,0.44195118986803666,0.3539422690011831,0.3474592238145254,-0.210535736471801,0.2919714810705406,-0.4080910649742669,0.047233011592442364,-0.4219046906040369,-0.04163299133053035,-0.8761318083659189,-0.4895867012909636,0.9700295987032017,-0.536022395370236,0.37921595706209504,0.3531800379183862,0.4551780745905962,0.02013209523203334,0.22436904646821895,-0.8969509658083987,-0.87973242554903
bien,0.06522256482643704,0.47717304633374547,-0.438443069821389,-0.018268429444655593,0.8018828107516504,0.787727822548251,-0.7341009534435693,-0.4910235485289343,-0.8514120531018973,-0.11702978498363174,-1.0106687474531666,-0.11133167607100962,0.33384040035678664,-0.5015774866871402,0.4595583187767802,0.18244646296447908,-0.9495938155851951,0.08437591633386507,-0.4566582183462833,-0.2276976963059723,-0.32470520700228966,0.4521434018585932,-0.06987774239866873,-0.755785973339564,0.099568699586577,0.6210838489234344,-0.3576176652797535,-0.6061896873673259,-0.2565621726541352,0.8501704928205613,0.9218189532214373,0.4212062936111427,0.7096175601356334,0.7242976995693003,-0.3086270860886443,-0.8636285566291049,0.20633513670363646,0.08822880321895857,-0.2013338912978831,-0.5366497781970972,-0.2468782445974576,-0.011262118882696258,-0.3999636303194432,-0.41121212749718056,0.017110256553585404,0.7621460321250837,0.20663843430027223,-0.4731932104938949,-0.4126750624717303,-0.07991628507588178,-0.5631878606564736,-0.6314718588709203,0.03447506385283315,-0.8663843374491386,-0.14018554029512856,-0.22573234679541407,0.34025379454686633,0.4988517694431299,0.3988359501839806,0.394688978302981,-0.26695370538205593,0.34983018323453374,-0.2967543185971061,0.18233598052534933,-0.2617136169010379,-0.09800019389802564,-0.8737396960892364,-0.5599856038988285,0.9650025285421021,-0.5054624361328236,0.3733398626805791,0.328184341636681,0.43325246919749716,-0.016273146126691188,0.2389576649052128,-0.821129758797823,-0.8489835080484681
bien,0.04959739756829844,0.38569999260411864,-0.3884326559798749,0.1440958256823374,0.7688578701187053,0.8153780617862831,-0.7766320069462976,-0.6342125959360815,-0.9308813865772083,-0.22250391153386065,-0.8725758250974786,-0.19784006385630853,0.2850966837094899,-0.5019318294715521,0.3082907931921523,0.25055176781963506,-0.9419828857440997,0.06943836802267894,-0.5109709628098947,-0.208071667001965,-0.43512712006130655,0.39492042086537726,-0.02431382599709303,-0.7820795613499588,0.08755742032579185,0.544851144396008,-0.3399455088618014,-0.5383433262267175,-0.1945393744829552,0.890021609021615,0.9053912886816906,0.40533062665027797,0.8455934623075796,0.7372782321725957,-0.18080940881686347,-0.7946822272239535,0.380871425252947,0.1345635033662339,-0.2878234032760742,-0.5502211858445044,-0.18815235565430857,-0.08808906870618903,-0.37993440107936644,-0.40159968327395146,-0.07989027756239878,0.7404815386401746,0.3214985347725002,-0.4896104845655634,-0.48629691233861116,-0.15978439982845627,-0.6008092727117993,-0.5849666557474857,0.004803993717829948,-0.8525276023459791,-0.02570869196542034,-0.3007529664658181,0.4308820349904841,0.5492041635411393,0.416037367201569,0.4224114948680884,-0.19850383112680745,0.35041101747647024,-0.3282347233885193,0.1069750861935903,-0.3679445920520371,-0.13589417810678064,-0.8403585220090759,-0.49731002790161394,0.9780431054828503,-0.5968484340948597,0.45454249610671443,0.27960469785214104,0.3928774467712311,-0.07178366697222802,0.317515848833101,-0.8854469954589257,-0.8711305479290794
bien,0.0919905711176672,0.4088646260646369,-0.45726432546417406,0.02881586455563255,0.8396736541052259,0.8083006436408114,-0.8043876440173268,-0.602731538970312,-0.9246419634034218,-0.11573333928698701,-0.8737249946647503,-0.09377769101162199,0.29388035178600197,-0.35414319376307796,0.39632010354384556,0.2104296989380284,-0.8541296544805805,0.14219873872146463,-0.5808214632839453,-0.12816431808584267,-0.512550259313295,0.408876105055115,-0.20477974336498303,-0.7096072935700695,0.0711088095831959,0.5221235736611465,-0.4047155351072005,-0.5044561461176096,-0.25975513049668014,0.900024343696388,0.9037083629655026,0.3352923730060209,0.8218601803931687,0.6416753217554305,-0.3095979389877562,-0.7909720747276071,0.3629758250141043,0.11172827380253325,-0.29973611920267895,-0.5421072209359168,-0.18418617130923373,-0.04997437556609931,-0.5879410985135632,-0.46986966610743297,-0.1268887066258868,0.7286112073194311,0.18179970311675614,-0.4012152507013786,-0.4311658992922755,-0.15579260247547322,-0.516829079910772,-0.5336466627427354,-0.03483974486646248,-0.8089059977196815,-0.06260015455897774,-0.26870437576430584,0.4680387576134357,0.5999976595200571,0.41974972896865914,0.39310756426533505,-0.2697908101175583,0.34537635302109393,-0.2523140774199485,0.1433523018997708,-0.39269131643763355,-0.19069439474876726,-0.851289744969609,-0.5022847493499367,0.9109098036840204,-0.48753088500448716,0.3618661786752789,0.2942215118362394,0.44704507221006706,-0.06737041583804179,0.20512080249120418,-0.8084853948376972,-0.9119998192614543
bien,0.12602181207285146,0.4249035787165317,-0.410502330696876,0.06524743888903056,0.7883587799561673,0.8165976409621613,-0.7130361475937701,-0.6107325037426569,-0.8821064203576503,-0.13091969305925866,-0.9468816672288609,-0.10243662103449444,0.3218421154343658,-0.43894319925313674,0.37223700567609624,0.18084976668791422,-1.0322422858691855,0.1192765967867494,-0.47831820842722833,-0.1576678091221877,-0.4626362961416496,0.32650235079271706,-0.08786223241380713,-0.6999448508767819,0.09786023844793926,0.5465565250283193,-0.38757602653632023,-0.5785484995324276,-0.27246166434639385,0.8964538827592937,0.9218348405345616,0.3529649258703679,0.8261912281719,0.6621611068062044,-0.304206199060871,-0.6942617015638989,0.28043321124980103,0.14685238270695977,-0.17989729639633756,-0.5103956029776415,-0.2019823076888803,-0.06547532197841745,-0.5031592044848199,-0.3723296302012477,-0.0563136659511097,0.6953465349807658,0.1203970685807206,-0.499085962018765,-0.3947192865625873,-0.08473719250832841,-0.5784300839733874,-0.6383900092069715,-0.0451050355303365,-0.777410583702809,-0.03072698344696542,-0.23028584222145224,0.396076587305564,0.4816515540521662,0.41785075254256027,0.41497823149235447,-0.21292147056784572,0.3215095468154003,-0.2895753102038208,0.20104271301158602,-0.35362428445432775,-0.1353843196616386,-0.8098047581742832,-0.5473714423088891,0.9746790372028591,-0.5417527068158451,0.29087674107043243,0.35738341980140814,0.3099855973975958,-0.14902918206901783,0.21969405317775922,-0.8397075922004416,-0.8867547172494099
bien,0.10898690966431325,0.2897241429473094,-0.3828417489505814,0.03414148474800588,0.7836117660286196,0.7936282519737647,-0.7241666702626759,-0.5869593198985196,-0.9907683685349012,-0.008563700972600924,-0.8802075372714435,-0.15058078430831925,0.28103123370569194,-0.45482714421185144,0.40645228228571073,0.07376218806671325,-0.9769866484671588,0.029676353814888784,-0.4957498819764861,-0.19342265063410594,-0.4289651330882269,0.35603211667553347,-0.15664373422804723,-0.655281688461916,0.11203167311081849,0.5881994461616462,-0.3961179397721826,-0.5846711612468967,-0.23000010898974102,0.8978254032242835,0.8431518598972751,0.36447294834417027,0.8211251264435361,0.6946092878906449,-0.2514775884358055,-0.9438719515531722,0.28482914189205205,0.20515346033077053,-0.27622540909642845,-0.5652554822540721,-0.1861148574679971,-0.04438085917026145,-0.4285878312634043,-0.4278584597070319,-0.06338122123435992,0.8049003660319209,0.22281834890727859,-0.3160092643427314,-0.47688350467038315,-0.00694637358100568,-0.6287129927861547,-0.5795642705768306,0.06469394609678879,-0.8510801220336143,-0.02843072142311317,-0.2301245201017412,0.3798596987157468,0.5769616191813914,0.3129560124751612,0.47534539964624745,-0.2027334449621638,0.33178333065414617,-0.3404360826482008,0.1202363265981989,-0.3551754658831018,-0.11213469455037722,-0.8141808260083924,-0.41621645061209456,0.9531742083798357,-0.5811130156893223,0.35566871986285076,0.29179917719691495,0.39637217361012544,-0.10876984883650632,0.29818390982237697,-0.8509304758370346,-0.8965323810395505
bien,0.14242598366703665,0.35737833899586735,-0.472991124567664,-0.018496909657886224,0.868619572738561,0.7799421745779574,-0.8709147284174519,-0.5250109470648469,-0.9123846616064581,-0.21085071299264735,-0.9560817526410366,-0.060283356380332685,0.31849055355616995,-0.35310468574580844,0.309871410831766,0.18406164084595028,-0.9870146991745904,0.040598531272402816,-0.4372187375697715,-0.1466341275224847,-0.41876591397241986,0.4076153462889249,-0.15336620729294204,-0.7365492774159831,0.09118040467215748,0.6186900991433149,-0.30686907847496314,-0.5163125967952655,-0.22259876355029767,0.8862564961908577,0.9525705379121362,0.2934701848406559,0.8069005859873233,0.6247604017069339,-0.2502157786473737,-0.7337607267267355,0.34796476618623995,0.06952556556507536,-0.28049192735695794,-0.5916098059080731,-0.19008585565636324,-0.010064111775433725,-0.4288784465823823,-0.292207247511868,-0.025003331228665535,0.7312678449477376,0.20636330764230748,-0.44314643384474717,-0.5004201991071222,-0.025467020041730418,-0.5387297369434425,-0.6092952886435519,0.041766906481450726,-0.7634943030691503,0.00948863601347405,-0.3488026377868182,0.4275542447058334,0.4851108699295909,0.4378358786684627,0.4299129644489613,-0.18686936029324117,0.2803748925345247,-0.35950824878917614,0.201291861544522,-0.3779679746373733,-0.1857815505186513,-0.8503123139594182,-0.5420100776446224,1.0326947508625552,-0.5240223635904289,0.3909679862267437,0.2824915218466913,0.5274200455713128,-0.03189505573664633,0.1729025732959153,-0.9057653374646196,-0.858549377083744
bien,0.052713463291410724,0.46773951732015684,-0.5086076248753231,0.01467950897867249,0.8164005859497061,0.809692148872359,-0.784693527723111,-0.552501308388299,-0.9413675628176357,-0.11949954552356756,-0.9076554996438483,-0.06318791223592218,0.2645361446585481,-0.38315070887583125,0.35684453253453924,0.21887540537965922,-0.8755811849120069,0.17358420342049433,-0.425488635868517,-0.1601636094873871,-0.39325308041183704,0.39695566535420845,-0.1795587880474417,-0.6711273334248213,0.10211608525061275,0.589815997098825,-0.39367278400831024,-0.5941570099738297,-0.1912321807299411,0.8071036853582485,1.024931801738691,0.33319644876537774,0.8179446256796046,0.7194296502504371,-0.21447751510001217,-0.8860151972541382,0.3480261340742855,0.13083921619571554,-0.3086335431027742,-0.5873743378676318,-0.20366282135034502,-0.12705658693218647,-0.3754154739485262,-0.3421068852919676,-0.062042191305247144,0.7098979050767484,0.16265040953877305,-0.395120989826882,-0.3561536417776998,-0.1192756859359436,-0.6450586129211912,-0.5198605392340901,-0.061286809744338755,-0.8759678028510229,-0.045171829922369594,-0.3536692486145848,0.4709806967716721,0.5363377097292641,0.3534461823507628,0.44234153346871563,-0.18033513028195208,0.3306110770560319,-0.3428360809647646,0.25856784112487396,-0.31232759276604327,-0.09689366882449324,-0.8087648410081408,-0.49955262388117266,0.9179241830511758,-0.5348236032654744,0.43488773626064725,0.20134443811001845,0.43347674190300317,0.019330091197942864,0.16773412914904975,-0.7887557241127768,-0.7841385333875426
bien,0.09831934937470344,0.3878686799917596,-0.4325584658815931,0.15488593499539777,0.8796151310419715,0.798855726457213,-0.779237056653348,-0.5796621919445634,-0.8848742470675021,-0.18054824957919477,-0.936245514782103,-0.020213334969991337,0.2083202611686978,-0.401696236447187,0.42124970246300153,0.15369776757798326,-0.8673274473361164,0.0831913228593467,-0.459440973092049,-0.18513624021304223,-0.4482996543154927,0.3554108831380903,-0.08416379061542004,-0.643824250163501,0.08607692608483003,0.4926311183391204,-0.367114426915921,-0.5349835141651025,-0.23489323545802385,0.9661288640799013,0.8737943817008349,0.23390316631294894,0.7691264720919126,0.727022969290931,-0.29680414921391374,-0.8646145281828553,0.3543728718559801,0.13880892091678934,-0.2580174283934238,-0.5108195443470598,-0.20821981491114697,-0.08106870630457144,-0.42103987986980623,-0.4836587905881948,-0.19176319367397143,0.6994036172124602,0.2190494733889274,-0.4202462901862402,-0.4011804115466466,-0.19157056447726473,-0.5734044703738503,-0.5645493526817348,-0.03946975149565042,-0.7824383829110634,-0.0384048801221166,-0.12208074014403314,0.30651144018650545,0.5619481645877467,0.36247793888522495,0.29750324178782606,-0.279147508880393,0.3501435715374084,-0.268429338608112,0.23168595414435886,-0.2772910294350339,-0.15797900250816063,-0.8204339037268156,-0.49508490777528,0.9104750613006859,-0.549427120963726,0.3474628889224243,0.3028083335243019,0.4113953847602582,-0.10122248239200934,0.21728350559286425,-0.8346246247213654,-0.8642555743601138
bien,0.16997837034594965,0.403274115911454,-0.43332924943038825,0.0546796595126109,0.7792726294481426,0.7968260643181833,-0.8748513026032807,-0.5846788744867277,-0.9884253902719032,-0.1794278412486706,-1.0070137051806414,-0.13846270888726914,0.2708454022479088,-0.4673500654813237,0.3857235641731188,0.1928450255394365,-1.0470899566865686,0.12187290785910436,-0.4655823438558978,-0.18622593179250863,-0.43599413530269765,0.39579134289584544,-0.08086258477674202,-0.7650085224232102,0.07708218413170702,0.6360463339256206,-0.3164398698327427,-0.5135373857468482,-0.19721625069091867,0.9554990371409653,1.0478832450262008,0.3383133524232847,0.7571965949123801,0.6779871267051338,-0.08917714165361904,-0.8940337993928112,0.28329484807060146,0.04504696715227029,-0.2706322807309745,-0.6100255417650795,-0.19239771838918365,-0.15962426060259982,-0.43064781024364496,-0.35529718872573607,-0.10382438245721706,0.7143113255400679,0.1643354473990772,-0.4239787413743291,-0.44595346610111875,-0.05235000133457174,-0.5275273541174776,-0.6379461390384629,0.012603694996168976,-0.7804602899921534,-0.10391238769977858,-0.37418363931661175,0.4266890412762661,0.5183097667575337,0.346070834313849,0.3494282748038055,-0.29080936778918837,0.29292334750331334,-0.2856278810561342,0.08656281538786814,-0.36166182694191845,-0.15497670984867853,-0.9497065871351822,-0.4711402468939852,0.9172139512384583,-0.5294095872688142,0.30755122790461,0.26385674373965534,0.4856826729097145,0.0795407940611281,0.09451674598421005,-0.8761165418988186,-0.8342616944483582
bien,0.07079079748718682,0.45877174458591585,-0.461527155707127,0.029347593406158095,0.7597903134703914,0.8535577320146147,-0.7826476042241077,-0.6031079335379522,-0.8497811415234825,-0.16978224565337025,-0.9368100754046875,-0.17746026839490792,0.24389142229806776,-0.42391887090950925,0.3029749284834509,0.15449698824151206,-0.9273819151432724,0.08874886892441747,-0.4403530025242513,-0.1590144666055575,-0.41116568086113736,0.44832411656291926,-0.10310141152781774,-0.6093221585266062,0.13486115021558065,0.5344569075310113,-0.32261553149657696,-0.5428909310904899,-0.24379147032172765,0.886686584486905,1.0076071861653808,0.3675196065377384,0.8967878587043661,0.7458282704812996,-0.2178539156721136,-0.8668693863936094,0.2978351793465663,0.11926473176444442,-0.2420388988139564,-0.5180243382567266,-0.17848314673658844,-0.05610200683280332,-0.425505998744074,-0.4593437628306341,0.0001485896084487126,0.6187094816356794,0.2452762830442443,-0.4352835515568385,-0.3939159960392177,-0.07256382724147581,-0.5718775902444848,-0.5695298541125277,0.06852283408927275,-0.8419828037677527,0.018911021229484862,-0.32987110640327244,0.415106714965036,0.535290942417623,0.4319367226923231,0.4014002699228983,-0.2724693735999302,0.3811049983889703,-0.3537709840423019,0.23315819342519561,-0.35261922874523427,-0.18669118618323394,-0.9366763117409491,-0.5124669737873444,0.9501964759134379,-0.44034875704229726,0.3310300550139491,0.3029268263926757,0.39490720852086136,-0.07445552139180756,0.27752615070719255,-0.9228779632921469,-0.8255236031521415
bien,0.12124117309987059,0.41508707391829924,-0.39221869101452445,-0.0363458087018384,0.8687100340854873,0.8888284526230522,-0.7464741441843619,-0.4643589371929488,-0.9170169899758362,-0.09835871300591305,-0.8686531250541404,-0.10928377422172332,0.22921064228554955,-0.5236112879849921,0.4555511321553955,0.15527440230076278,-0.9613230734165942,0.06206997206571125,-0.43407814221860974,-0.20887559894108995,-0.4575129878404286,0.40125185759680065,-0.17229486102079966,-0.6951936365257847,0.15940851553885296,0.5820422488985773,-0.3807458206262226,-0.545340996662444,-0.24351423968753066,0.9725749157086072,0.9113829884191642,0.35531365992382385,0.8114194953939365,0.7419398679430154,-0.18885322040253974,-0.8171669224809051,0.32135512970272484,0.13210826247259927,-0.39047755665337414,-0.6293404704442249,-0.2172133517836013,-0.09019943642050532,-0.5214929645960841,-0.3789353229804533,-0.08452128030317049,0.7103330985245111,0.10969804521027349,-0.43525151834781983,-0.5753792245527279,-0.0989036644963985,-0.5860201273496372,-0.5851468286977788,-0.050134968539080185,-0.8143004256038169,-0.08490049879005408,-0.31627106683894995,0.4512698129224754,0.5941981323719964,0.38475378165166263,0.3375060545778166,-0.24336622932664348,0.38322106734549233,-0.28925279379272745,0.2827433833609374,-0.3841525623249844,-0.097098327476971,-0.7994962406692113,-0.44034119378039716,0.8457013160209162,-0.5389994722918511,0.4571810601870955,0.445485865947436,0.48306807306250515,-0.06821594341596157,0.14286739158185613,-0.7551239842578048,-0.8184386450322452
bien,0.05919245880488013,0.4061378269195206,-0.40268119633267613,0.04884554308973192,0.7409129758180198,0.7618766569606015,-0.8314761071909755,-0.5335261292433874,-0.9141465167368561,-0.09506423023956245,-0.8691346528140498,-0.07534004409188055,0.2926395714320681,-0.43332936085985274,0.3556694841527739,0.2440338847265989,-0.9364943153687297,0.09048812500281835,-0.4291026533405817,-0.1082733881619431,-0.49986636779838567,0.4629150308643979,-0.10085697599809676,-0.6721010255427435,0.13962926764351521,0.5322807094725202,-0.3395647095380943,-0.57492300562253,-0.2978050188742194,0.8228794857655142,0.980341936591029,0.2974939348258944,0.8861720232362786,0.7509659152583407,-0.17733995904057348,-0.809327053272681,0.31971488591182035,0.055995932064687975,-0.22708129836696925,-0.5308993175684819,-0.15859488598288973,0.022296087970982217,-0.491826992695253,-0.4227215290430007,-0.06829365527693572,0.6742960556209177,0.16312586787180083,-0.4083767846122319,-0.4603160503214389,-0.025306378469650836,-0.6647255388808746,-0.5411040159021866,0.06112939337568405,-0.8539826918162202,-0.07904936370832685,-0.37966170608645583,0.37561449301065053,0.545851278954159,0.37938155739759494,0.43650987152942033,-0.28379330523337104,0.37162491747586324,-0.3561776021905853,0.09730898942725813,-0.35374204472878484,-0.14295822703893574,-0.9540832457919821,-0.5237648906671734,0.9485269831686998,-0.47541366071504865,0.4297953057513135,0.3619508763891207,0.4838961537946396,-0.03319214078363865,0.131880303880131,-0.8585675422375836,-0.8250360354889924
bien,0.1744677026176728,0.4506100723228003,-0.35617135044384024,-0.02994468417293592,0.7695730273879047,0.8140537135499397,-0.6907817445351995,-0.5927756760155725,-0.9011878913557979,-0.08402329739857813,-0.9965411196001223,-0.005963323719406388,0.2543312905741372,-0.5389549058820146,0.3530131543863916,0.2666485699514799,-0.9227135787289887,0.15526270313194562,-0.47942581806971346,-0.17741648084341957,-0.5101953049370183,0.27330652373078335,-0.10927894773647787,-0.6206370633330621,0.10650472130509274,0.5918095053753347,-0.3080870579656635,-0.5396458895635843,-0.23019023990408344,0.8318410594383576,1.0531014730944719,0.37109474078331134,0.7584881312808296,0.6329433591962967,-0.1813587309957761,-0.8674380670769678,0.3995135129221834,-0.02214161507763371,-0.20574071398534494,-0.525546249762238,-0.18103044609465904,-0.07089242435375002,-0.366992351068176,-0.3810615086290746,-0.1297873817988167,0.6351223280924089,0.18137066959300824,-0.43307783181245113,-0.5200383886215728,-0.09352552523022323,-0.617876042443735,-0.5967780744985189,0.06436630021730391,-0.7509107650651888,0.012615516521637414,-0.31171961271584353,0.43381900007280194,0.49664780227861033,0.3155793959799836,0.3982724667444419,-0.1599661348062577,0.33789093967988526,-0.40001180607263426,0.14710117329318104,-0.40907129381891355,-0.06652962612862151,-0.850698888753865,-0.523194658305061,0.9266469990543442,-0.5494433063706293,0.3833687466117765,0.26234196536040205,0.3784906248248924,0.007112168603595016,0.17405750037887774,-0.8577089969258901,-0.8406116267971584
bien,0.1176968291319117,0.35760474538128845,-0.5019825304017037,-0.007779415839273576,0.8056794853161571,0.7561886844931605,-0.7665754467572892,-0.4791493730361481,-0.989336787638567,-0.156132012494252,-0.8454173748141697,-0.08856348481033902,0.262988836954576,-0.3845869888534934,0.35527132578431814,0.16431021508050137,-0.9424177888937937,0.08480273551262565,-0.5323696593294731,-0.17547745236159812,-0.48349968446116287,0.38681050221581664,-0.10137223628480407,-0.6436115002474929,0.14569428533953083,0.5403427039411215,-0.36230220485068704,-0.5314580598253194,-0.20766654909790327,0.848794329173338,0.9005874543226621,0.36986744627895535,0.7203250889671436,0.678109770957943,-0.37169346812465165,-0.8823861034244647,0.26296510812470114,0.17051773515836607,-0.2424650726546303,-0.5775877245124483,-0.15049167749101522,-0.017738354432642045,-0.4695620859166136,-0.48563335875981933,-0.09502281685734983,0.7161732056352462,0.11088308939413152,-0.414671935489082,-0.4300543940376796,-0.06850371396139711,-0.5752331559316528,-0.5607504261581046,0.01910371824123224,-0.815452007069843,-0.052715949509103556,-0.30487253600543074,0.482285725169446,0.3913040111276843,0.42602384316924186,0.3473337837375452,-0.29030166058429946,0.34934848367380544,-0.39478315270391434,0.10478658614043992,-0.39084266619590063,-0.12077981438219065,-0.9171490227481559,-0.4345932213493603,1.033056038172033,-0.6399312674272553,0.4101711571329473,0.3438868883813579,0.4750275389945195,-0.08272845338572211,0.18112277109579855,-0.9034748848732321,-0.8758889259134746
bien,0.0410975537157922,0.41055620415448213,-0.4933306077393648,0.011648482683919147,0.7234648242403212,0.8029269959564463,-0.782800357119472,-0.5709852263298996,-0.8429865569801012,-0.03890796589349166,-1.0666478076938906,-0.128043255904267,0.2831337913739208,-0.4200090437849753,0.26999207875253606,0.13262101449269087,-0.9455183751128138,0.12195258805809733,-0.46261418586406455,-0.1476138196354549,-0.41602011480156936,0.39595860245756725,-0.11630557599220263,-0.6530263685638553,-0.02266809726452179,0.6378462033712958,-0.4974970377916567,-0.6100423229808618,-0.23539552472120973,0.906397944275353,0.8022275004058868,0.3433611356285356,0.8452879690475829,0.7412276483877824,-0.27887840026709465,-0.8306077466043031,0.276014398602441,0.09604779210059763,-0.3284618014112655,-0.594353598443882,-0.16524132114608436,-0.05553873393802479,-0.4369495181183538,-0.40571373206409295,-0.04941027129666433,0.7649785258016027,0.08541997794233762,-0.4757397576562985,-0.4556137846272993,-0.09188972523047349,-0.6226838394809266,-0.5516413943644384,0.12706753804941373,-0.816233164659304,-0.028611883686916393,-0.2331747624691167,0.3220812558711704,0.49491589322592966,0.4311376349849045,0.3462031276497727,-0.3141277806972417,0.32697932896554616,-0.3233369437464602,0.10015512564197715,-0.2435776200677035,-0.1336447205233332,-0.9346251059114499,-0.5193302215848543,0.9885982442323599,-0.5379608788399405,0.4072347178968606,0.2573781867108213,0.52226270119514,-0.021737227335215218,0.24571262764760612,-0.8478031205105888,-0.813631522469094
bien,0.057943177165289635,0.3917251244017315,-0.35086649239630985,0.09964230775952422,0.7285406287093555,0.8050729812600668,-0.7703765690965889,-0.6203658171918696,-0.8828236086305677,-0.06133216608045666,-0.9176644545786564,-0.10230917370652959,0.3240311542262795,-0.4610242433830945,0.37311551899679263,0.25154891985548833,-1.0558942182107107,0.15757079090876563,-0.5584478522635926,-0.10838122045263764,-0.46480111695100557,0.32539226774566843,-0.08432910330408366,-0.6680560198929529,0.03933869091560656,0.4979795411643144,-0.3966470096222046,-0.616288579644197,-0.27713113353488383,0.8785483392419325,0.9036972632331127,0.3660943163269545,0.88017539687097,0.6840739718413295,-0.2375043642429425,-0.7146611456147771,0.247441749178205,0.17524328453593896,-0.22332759397921964,-0.507175123361647,-0.12237277471087118,-0.048090754303730936,-0.49067531827784083,-0.36168578698810644,-0.027985090768399362,0.7763335209685174,0.17473091305160465,-0.4688340008162467,-0.4344768740472168,-0.043644348077714654,-0.5379617212970267,-0.6187263842675834,0.04383876444125332,-0.8909801776626884,0.016418569853465598,-0.3148130130605864,0.45463601160991957,0.436027217334501,0.43375663903322903,0.39445258701096675,-0.29186763648299074,0.37083742852456136,-0.34982075667663076,0.1830654916100065,-0.3620912576392871,-0.19576225775441908,-0.9260629503641683,-0.5361698910656879,1.0116146635345642,-0.49377440976339076,0.46414809251076755,0.38363547722897207,0.42114073864541846,-0.05924712171907886,0.1727635529871987,-0.8996366823994011,-0.9469504598223561
bien,0.10085841924830889,0.3520173655506541,-0.4198991162508277,0.12744375087347526,0.760426653878774,0.8023248781482795,-0.7034969597818633,-0.5714996791253312,-0.8824413840012254,-0.13650043438313106,-0.9518414769959277,-0.13433407731996927,0.3405903456739919,-0.5301000175347542,0.40106422087937266,0.11154071559543953,-0.9039058715418367,0.10001729967115491,-0.5430885405917232,-0.14083267372587888,-0.38651145970357376,0.3643719042208158,-0.08306203722457436,-0.8005187477835409,0.023268221576359452,0.6252499755461706,-0.3984563989575363,-0.6491948984580795,-0.25900079391080216,0.8265972760946069,0.9436927583722213,0.326229802635245,0.8146148035237042,0.6880284400057298,-0.17602495459037076,-0.794338552270568,0.32970538560675167,0.17393938097162795,-0.29630891139632287,-0.6129848624882605,-0.12661165101589028,-0.05532741519625625,-0.45456128310293104,-0.44808094762564665,-0.11546996800922299,0.7634039428323952,0.22173859884252334,-0.39383310484824746,-0.4043969064805236,-0.062304372093118496,-0.5826031742861171,-0.6060115621299027,0.08858631213196147,-0.8442273059629123,-0.014329974602789609,-0.3158482251220456,0.3824082917888197,0.4816847178111478,0.34198892487517046,0.4182534187837433,-0.3202014642793949,0.34123109063958873,-0.31367726724425515,0.05504776082176603,-0.37043687489643146,-0.09692492457052877,-0.855505738675418,-0.524864516061332,0.977049622571171,-0.5442974041516541,0.3836376674984133,0.3135364098768068,0.49422826031167266,-0.08360867885191398,0.16898645557781075,-0.899505976720808,-0.8714856101626298
bien,0.17290751805313925,0.44493191120270076,-0.47474500943255343,-0.0083671378841077,0.8045322699091295,0.7472607888202376,-0.7850963811130653,-0.5182662604149191,-0.9277343748219996,-0.07064697189725772,-0.8774814187663191,-0.12300665576902606,0.25378996740166443,-0.4568320390281077,0.2980784179265813,0.18777732875783879,-0.9623188308383386,0.13573717677607905,-0.41164793337342814,-0.12892335694134474,-0.4084878476867447,0.28797341597759674,-0.09692376555340226,-0.600133140014846,-0.061228089751986375,0.5950986561715154,-0.3952408639854637,-0.5985739822867844,-0.1840010556931048,0.9582525947512274,0.9907523813877553,0.326207754262551,0.7584947258563883,0.6987331242758358,-0.2003534527231423,-0.8349186335682379,0.2923026554645325,0.2567815372688218,-0.22293787657685746,-0.49238455640065454,-0.2599744625504434,-0.09747893656633491,-0.4577947615251655,-0.4664713294433923,-0.004607336409579388,0.7915834412233853,0.14582854206644014,-0.34382834480520613,-0.44425759158879446,0.038713636913346006,-0.5819450042637732,-0.5684329403974326,0.09806529169336174,-0.7616595949480002,-0.0072923319900322775,-0.282704591196525,0.4410798786309982,0.45268323761020335,0.38979252965473443,0.3228954508849285,-0.3418438337061585,0.3387909476775072,-0.2571887775527806,0.19187797181755303,-0.35248129865653144,-0.022360416564161087,-0.9053952078824502,-0.6105407887212249,0.8341001476370872,-0.5978911383196379,0.4237862590577719,0.26921358225410985,0.47092621096782933,0.032491390448061486,0.13832270107483532,-0.8421361655445528,-0.827927570722747
bien,0.058558905725495845,0.4840061914984638,-0.43257587495158517,0.002467561349675563,0.8914745696162081,0.818724514985212,-0.7025648515880526,-0.5177695971475346,-0.9295892933713011,-0.0558892578460431,-0.9653422839927496,-0.11356472067749271,0.2846880966141147,-0.4741286764512972,0.3936176255931207,0.19508616758995445,-0.9765974559765249,0.15143342763950507,-0.4952542280543865,-0.18620112449809453,-0.43051564221228533,0.4094488544093035,-0.09960018218965004,-0.7044269821627149,0.13165359643565958,0.5495098214687513,-0.42002215967807643,-0.6294853145740047,-0.1748985608387514,0.8733868035305612,0.9625344628713933,0.3970574976106031,0.7817979054969053,0.6227817801626521,-0.2405228822314608,-0.8001679046525367,0.2936793517390537,0.1893684036807103,-0.40117880226091157,-0.493888158425347,-0.14740248472929146,-0.03928096371663892,-0.6283239209713323,-0.3522200123856214,-0.13594890688583838,0.6956832269746837,0.16397617569613937,-0.41265337340298164,-0.41207358464316984,-0.04611382124014162,-0.5483866352860991,-0.5845962177031974,0.04886625258776336,-0.8800789482295029,-0.07038027563777807,-0.23087456404059165,0.4572337179677763,0.5296824170262302,0.35646500562870226,0.42388543410701307,-0.3108619743261613,0.3901375999636487,-0.3333462121486587,0.2297962600547817,-0.4244577884735253,-0.02153969917700982,-0.8950153547982945,-0.5336231184319109,0.9529471532964151,-0.5736855369298869,0.3793385718295451,0.26407240316393643,0.4128251023260049,-0.02547848121610879,0.14824927443854982,-0.9044708638846214,-0.9235152868428536
bien,0.07639927115108404,0.48187574672240574,-0.46048720417925976,-0.014926452864036037,0.7955900060193861,0.7740463561768998,-0.637421657404845,-0.5936406419574393,-0.8803046760874716,-0.07119187345876096,-0.8940186849497236,-0.07466917213270888,0.2902317208952214,-0.3418240078850866,0.3475217901945492,0.15964112961127763,-0.9843286846603702,0.03136801584642618,-0.440414318573211,-0.28720102583490204,-0.43323597850260853,0.37603280491242336,-0.007094305046948635,-0.7778470844857548,0.04424287171447161,0.5538247060886516,-0.3971494021210989,-0.5835614616761394,-0.22810688035881085,0.8097891632773738,0.9698504888956145,0.22869308472174843,0.8043797492829333,0.6614839078731799,-0.19319752020438993,-0.7278004287248863,0.29026919660955447,0.1852178212339734,-0.2926762879063643,-0.5981973164767906,-0.09966498563822176,-0.03608068036496154,-0.46130691736738677,-0.3820555777942024,-0.07091644959753575,0.717606855496777,0.106184067570243,-0.4465511119936437,-0.4128822155798737,-0.09689442024044698,-0.5440630227335057,-0.5780598267205143,-0.01583669626938653,-0.8914998603299968,-0.04068786029333536,-0.30185899762956264,0.4321893341124265,0.45758556326587263,0.35141622742378475,0.43101431338957386,-0.24538960327074852,0.3011332561991704,-0.31942058164961323,0.2145333018878342,-0.3336963494565149,-0.08006236100167943,-0.9145538651664936,-0.4633281867745937,1.0591103253703253,-0.5784049734154947,0.323860323176061,0.30973082861923656,0.49165353136718476,-0.05439226233365045,0.1406672294015925,-0.8714903602233668,-0.8249711107166604
bien,0.08124421380184804,0.44665839612395575,-0.3599549829121158,0.03366674168384841,0.7844965201313948,0.8340533741281903,-0.791634420444189,-0.6332497354082727,-0.9103942076447895,-0.14297428543945043,-0.9804146770073898,0.0051898725393608736,0.4068877557042361,-0.46071068681682853,0.3570957514476808,0.1723334938295121,-0.8966612732397614,0.18299045407376635,-0.5703582961195515,-0.14599706597657944,-0.49829090351541994,0.47418944451975653,-0.09708016314800112,-0.7274319999682053,0.07723196666679681,0.5461806661094262,-0.3610172881033497,-0.5039886019267633,-0.281467849487288,0.9647050247664666,1.0322753503369098,0.3010011734460751,0.8093083067949116,0.7770421697920744,-0.18236598800834758,-0.8324031337589463,0.34753879577546604,0.2655414393628588,-0.2716124747822832,-0.5815234028923372,-0.17833917464293278,-0.04979189782679598,-0.48775568044788237,-0.39433319815842394,-0.14734725434041918,0.6877911325434191,0.2104180477433827,-0.520767817712693,-0.3988866071530585,-0.1913549172413916,-0.6757455397338407,-0.6221915150666479,0.04241331177585134,-0.7592780822820212,-0.02994779713884718,-0.28797525560313275,0.4443523060305824,0.4499475051806124,0.38915660167884897,0.31838851461206025,-0.24867022585837276,0.32977779317806494,-0.3605160681588351,0.15383977156463705,-0.3404582012122689,-0.050937200855979164,-0.9572238084932608,-0.5184516010161758,0.9051920923619613,-0.4953434883810374,0.4206506251542671,0.3263477086809102,0.4126866159714911,-0.0055492495841326095,0.11682100276655905,-0.9528266873139859,-0.9186692743506294
bien,0.09992206463280572,0.45005386528562435,-0.5669921458745876,0.08779235198931536,0.7924495185042311,0.7141975604873874,-0.7437820305578484,-0.5308879729897055,-0.8670935426330273,-0.06342665957102876,-1.0085599097127216,-0.10703381296749807,0.2520534837033449,-0.35714642445183353,0.3844779461345941,0.3240761142805837,-0.9754167119165307,0.08147446539764874,-0.4886364381148267,-0.10087974490873326,-0.45125582092612987,0.39249771652133986,-0.11425802951418004,-0.684289684989964,0.05667811304056557,0.5537649756272158,-0.39627806531520837,-0.5564624651193696,-0.17688164398106707,0.9607987014520855,0.9099691068123823,0.3251676705862416,0.7644176221564868,0.7008568194474721,-0.27092939021777057,-0.803576140569452,0.3620031505693117,-0.010610059513328579,-0.2522814793948092,-0.5729003427652302,-0.1639390538482833,-0.1069429744891719,-0.4017157940825337,-0.3707504206471206,-0.056209593926911966,0.7607291117843579,0.13522478557703416,-0.4640054628700449,-0.4064231767119234,-0.12914230609453706,-0.5168975584571206,-0.6134221314779053,0.05316483912791492,-0.7205787864756361,-0.0681401030002308,-0.27220948768209413,0.4680824018632076,0.5410563156478356,0.36579507819956075,0.35252430563373555,-0.264456548329396,0.40866249777810326,-0.33425796490436155,0.1494935243619233,-0.3697250074164223,-0.07443247323313656,-0.8691658864609386,-0.5648208461692352,0.8947640066453856,-0.6387618696176274,0.34138895143837966,0.34065100660908776,0.5140663057755777,-0.015544860570278186,0.2210591592357597,-0.8723874546107798,-0.8161299966098338
adios,0.9483735891814475,0.1846869469508009,0.9404464542209312,0.4967823915355359,0.43916335328543465,-0.5310488445290393,0.8519743432793925,-0.9410800115134348,-0.5004106741785698,-0.15261325991285302,0.48462019152860925,-0.604909207497903,0.7276640510393566,0.9016512582598853,-0.7459795258352871,0.21899886187212397,-0.9384425481118212,-0.21734328921662013,-0.8541381516527827,0.9089866862108968,-0.1304242699604148,0.8521032121260861,0.494599872992436,0.8253117038563762,-0.5971042044956164,-0.9197284543307098,0.2092730381471026,-0.6690579481183757,0.45306071136298764,-0.20356317208671754,0.07488110418423961,0.9160519441754577,0.06351180334132628,-0.7896391529444983,-0.6914145214749571,0.13724601925255894,0.0719804070427499,0.278854961403759,-0.1988041776994596,0.31687374351929903,-0.22961742862450715,0.28890916796185667,0.48101700608835435,-0.6626250054060624,-0.21829315805261404,-0.05157802201384492,0.2946837327002165,-0.48948681890577167,0.024658818162793528,0.18492151042560234,0.8288320380376137,-0.28453208601403396,0.33938849352292255,-0.677347912808946,-0.009109389047002788,-0.6151299631971984,0.7782403317730799,-0.08476776209256351,0.6859101483549944,-0.24691174497764656,0.8074480876763038,-0.1710517285652563,-0.3671538274941574,0.07028429527005654,0.7048102376605971,0.832590771020272,0.1720270291787844,-0.7522147188949441,0.15691877355027642,-0.4983153010832982,0.5037630237237415,0.7888819013349093,0.014581159382228641,0.24343339678793147,-0.7752916194709243,0.09517880551756924,-0.767429441485642
adios,0.9245721001643692,0.22044988063371337,0.9521140757466751,0.3999113024198307,0.3382042533704146,-0.6591160635448775,0.970728123244793,-0.9548073899495951,-0.5138700842313724,-0.13116545609265612,0.5002427581230737,-0.5979834275581187,0.7500612372268007,0.9400431409922436,-0.5877928837113106,0.15281257152837285,-0.967853974463941,-0.18444157372751094,-0.91554435914447,0.9038820944837472,-0.19915001376288782,0.9658216883489398,0.5641173117867421,0.7594468684101382,-0.6200331326150966,-0.8815177505746736,0.19160901254097784,-0.5973315150260171,0.41090045173411754,-0.07671637595810771,0.01857400757202697,0.8161672950698584,0.05000769592434273,-0.6731958210085451,-0.7791014824100114,0.083354517481941,0.07262141099977457,0.27690298617876385,-0.17791302931930375,0.2637085639300709,-0.23618608649310374,0.24041109473848615,0.47831552978511016,-0.6442864999897479,-0.26828572750849033,-0.018436140603874687,0.3893594804626235,-0.5836736773371989,0.09802722071595939,0.3657293764089385,0.7366968477960109,-0.21001779830952647,0.2778469520831082,-0.6472550862061442,-0.07044385374187889,-0.6281250925933247,0.9094359335702592,-0.15581641457738293,0.6563281329598538,-0.11592884813375826,0.826378717054048,-0.2689633543644169,-0.33270663302499537,0.21988928607877717,0.6890402388648517,0.5849541520322751,0.2107869837162226,-0.8405995999363813,0.10307849394228898,-0.5930529873364849,0.513942254344376,0.7526834473537236,-0.0159068772105094,0.20534509267382933,-0.9020745251503822,0.08515189067449994,-0.7517624341309581
adios,0.8740598990226712,0.06890460842337542,0.9675063859952239,0.4317278893606606,0.39136052507495006,-0.470951796780278,0.9891007858217603,-0.9449174263497532,-0.5023336956228583,-0.11940967567354467,0.5372108441112202,-0.5657523625232874,0.7204664759934923,0.9779202417971533,-0.6642849520828441,0.1937595437954457,-0.8351184013071016,-0.26018839858747733,-0.9454654606449354,0.9480107727690597,-0.15746515619416365,0.8833842954956809,0.518291424202341,0.7571564931335263,-0.6284562947838961,-0.8658624289699581,0.23722627717954223,-0.7569618832498719,0.4314176649454226,-0.19161123900651708,-0.00279647800930697,0.7877075160309479,0.027997446637993646,-0.7489122298725015,-0.6194477660590755,0.06304090924615696,0.08546895201802646,0.30704759015577066,-0.13607870410272938,0.28210066652098453,-0.29612501895576837,0.2513415197175834,0.48412024713176155,-0.6782274353708387,-0.26390942002757434,-0.011880262913588398,0.3804121231774813,-0.4574828868562528,0.09109494672131874,0.26964656345859567,0.7917431326088173,-0.22751810333982486,0.26568455348215747,-0.6210535295508011,-0.023131793165333907,-0.6432216178555111,0.7975916718622317,-0.1804857216247204,0.6991644734608288,-0.22060747480250492,0.7933792730018387,-0.1395824260646381,-0.3552860335679349,0.18571456322977598,0.6613350121518845,0.6694704431886342,0.11163494139162788,-0.7650405744955464,0.13768965555662904,-0.4717332533275411,0.41518954584026646,0.8551717805304686,0.13980707805704523,0.12280051773589594,-0.924102196942326,0.11880605247577392,-0.7159742864908339
adios,0.9729057707653629,0.06577672083122585,1.0447454279809372,0.43553446068321805,0.33460952035236563,-0.5804784338413945,0.8923705647410418,-0.907992421663115,-0.5270518383731179,-0.10579276095387731,0.5352321863383959,-0.6353992162876195,0.630473762134392,0.9967100845001539,-0.6073564545591433,0.14886950879746083,-1.0592892604148236,-0.18669163257584975,-0.9939919515923135,0.9742825822258847,-0.17292646238813572,0.8427899764218942,0.5850350929266865,0.6806716329128251,-0.6890247110727642,-0.8324037293402357,0.08002982589720628,-0.5819346702667763,0.46894234164442666,-0.24776058031614695,0.004955378371498592,0.9247254868149241,0.07344489164362117,-0.7142742013612781,-0.7176903278706128,0.10523449526396575,0.07013655572613066,0.30998386326459915,-0.14064505664785074,0.2637470227464672,-0.2119085075845587,0.21732473981743888,0.5321793405124289,-0.6071305408145896,-0.33155023783795035,0.060534697126833015,0.3163750536195041,-0.5080092186620953,0.17167882213342328,0.2662621740273657,0.8079788295254751,-0.3333241253985027,0.22290984924628127,-0.5700443759286273,-0.033868948039608056,-0.6598547845225788,0.884963640832261,-0.1888515345860211,0.6738379608410054,-0.16430202433489027,0.8092008911935717,-0.21627134697206313,-0.36664375289092094,0.09035933235575397,0.7150205494902919,0.6886211639303071,0.2398134651950315,-0.8419045300387121,0.14161069016729794,-0.5209832769412168,0.44464403722311185,0.8397577552198802,0.011017932363713585,0.1933165016603965,-0.7992870399597636,0.10556282535878013,-0.6584911318589498
adios,0.9970119282305486,0.05010636893330193,0.9948662626497741,0.5058971519524589,0.4720983058107126,-0.5184162096604129,1.0009250592979422,-1.0026725417745979,-0.5359043794505908,-0.14802780113598127,0.4755263935158668,-0.5374900850284086,0.7118218232275589,1.0313678908038735,-0.7338904960516826,0.24879913391582895,-1.006771837573856,-0.2910759051281999,-0.830323981529013,0.9686715188955105,-0.11711708523111548,0.8996515078198737,0.5945874728110778,0.7423100260592674,-0.6932829547166772,-0.870705439463032,0.29952133435747375,-0.5304477954317917,0.544893760282674,-0.1592010826878394,0.03893019520074392,0.8352338732070357,0.006778124368405872,-0.8112766171598766,-0.5759949835591126,0.18071941822555554,0.08612207963371647,0.227189829431346,-0.15235631648390238,0.28767936661315435,-0.31385046612874073,0.26218725896650913,0.49271428213854496,-0.6824548513722402,-0.2613688625033156,-0.019850029993251903,0.37162131887749117,-0.496757230178094,0.01569127124273549,0.3258755875723371,0.7418334959648581,-0.3219127423902708,0.2586864834479584,-0.622523938130538,0.06853722007620337,-0.6216380182548412,0.8650893524850022,-0.12262904793838066,0.6719492833216312,-0.15096091548892443,0.7126984703582869,-0.20284548962016435,-0.27953793828919665,0.3413940910858315,0.630671851561251,0.7431826215223616,0.16282390524295184,-0.728294182764337,0.12684407659877575,-0.47784560831800177,0.39482634220472607,0.7733742512304359,0.02775227528879975,0.2606116048073932,-0.9237227165423118,0.11331861172798195,-0.7406875464897273
adios,0.9476993473416523,0.14238113408570172,0.8812408852795043,0.47016173600615896,0.3670124065400704,-0.513027336090406,0.9692767912793775,-0.998015908666673,-0.5235365736876532,-0.08925218547334188,0.6218134278615512,-0.631272427842503,0.6693361429093747,1.0015119064978868,-0.7447420642922876,0.12939226598656983,-1.035162818441285,-0.2476299588646787,-0.9784964785977731,0.816365939959393,-0.18447891595726085,0.9300783358917565,0.5090347682637836,0.7155651132656884,-0.5563342338898256,-0.8525615324751404,0.21861199224201824,-0.71135763347577,0.5749340777061469,-0.21017700415289198,0.04441241261326484,0.9409961018002522,0.03430553264723505,-0.7812187950917779,-0.6976376016698576,0.07666368450356424,0.06733326067835137,0.30286764771189256,-0.2291715343800826,0.26130619523133813,-0.23665679863941283,0.1777695263864577,0.4552884212542828,-0.6271938225564929,-0.20191867266615965,0.048618383311129616,0.25423459617585864,-0.5048939570293968,0.054377128105489114,0.25704856001923826,0.770111156171823,-0.24469722782151773,0.27415649151740623,-0.7119072905079677,-0.052766064405365604,-0.6348199351162537,0.8412715997410798,-0.20663969770274482,0.5835532190193864,-0.16363512376461592,0.7391518121842076,-0.27378103670322723,-0.3599080194493216,0.11985523597856469,0.6469672743212616,0.6868417756698958,0.19206802029778866,-0.8666849231431705,0.1980680657215918,-0.5281160096396625,0.47356940494926836,0.8332128629053098,0.07143033409581998,0.27153754427371696,-0.8279570303895273,0.09207733586270289,-0.7632980145411319
adios,0.9146716318865421,0.05057563302965414,0.9455951844823466,0.46450136128432606,0.3591742690503906,-0.5696819017724359,0.918680798116395,-0.9770717730814396,-0.5215044444306096,-0.16739246375581104,0.5247675088409036,-0.5794634121072155,0.7211490009319268,0.9453802678506238,-0.659245292063242,0.1739420769923359,-0.9257019099806049,-0.27555074239740407,-0.921028459777865,0.8430676743451218,-0.1450504258349094,0.813972838677794,0.6099277979980783,0.7709037855136759,-0.6144606483218799,-0.8486592019650625,0.157491922520034,-0.7040726641649898,0.5432689377821658,-0.11132842450598071,0.06194540468337925,0.8493614661978676,0.11182341602484153,-0.8183383922947791,-0.6721107252256058,0.15800316867634853,0.006991235153715386,0.3166816675338429,-0.17098107302726073,0.29763439092710653,-0.25587167415319045,0.21161023909128235,0.5492824878227807,-0.7132190196618077,-0.24231126987400275,0.0321186678569519,0.4225951684731466,-0.5625585564002449,0.17529409074318075,0.3346298628371922,0.8115099104979718,-0.3261952522049802,0.25870868161946126,-0.6194870580179986,0.009111404671139271,-0.6340101132254062,0.8508243354242563,-0.14089319518450089,0.6736315589223046,-0.18947356170134055,0.7924258416376104,-0.2191508239020213,-0.24178801709255093,0.21747257985421337,0.7186520076889074,0.7882940733695308,0.23129930108556307,-0.8216132199834767,0.11925464758736565,-0.5222007788400528,0.44843500257901797,0.7326488259788697,-0.044840171904040604,0.23176298804876405,-0.8536391591158446,0.021779610282232076,-0.7789203579809341
adios,0.9921207916850615,0.05057967267561663,0.9539086651264588,0.4201430723703303,0.42077582274764475,-0.6106263914720688,0.9570530834294888,-0.9791033607235264,-0.4825262349216511,-0.12646324229297776,0.5759963096172104,-0.4950413341969533,0.8540513600369998,0.9348405473112894,-0.7882276662082275,0.2244426529018171,-0.9727151816698267,-0.17380534175356221,-0.897435589151235,0.9162361324047578,-0.07126137644654355,0.9613936429838177,0.503283968931072,0.6917482878064177,-0.6589488049725376,-0.8451809447775568,0.19018628258792616,-0.6423452736700981,0.5165655744869948,-0.09697679415993414,0.08476329802448565,0.8325264839792285,0.03602343363002508,-0.7873808462885165,-0.6578211736313432,0.10981370507812271,0.15132799269252228,0.2521448314892419,-0.17777158613111405,0.41734578792588917,-0.23546033904171473,0.2550896619049639,0.4875659091240469,-0.6379478349363668,-0.28785932023179733,0.057406163828436066,0.38070010278426136,-0.5394105656763484,0.15151011077470064,0.2588449900717748,0.8386432709734648,-0.3316759545311346,0.2935553666499064,-0.5784401110298378,-0.025580645277175393,-0.6980593272059938,0.8346857035110057,-0.0749500926284983,0.7166727207283954,-0.18786881238105368,0.7451809056679117,-0.21190855139566656,-0.36107487635435015,0.16659987971073612,0.6856372230430205,0.6843654129192869,0.24658938749970233,-0.8236554845869378,0.21630399727489685,-0.5953418545403591,0.34397365364507126,0.7174252955612572,0.005440770545951414,0.23594482160110322,-0.9869767187547502,0.15979206250421205,-0.7330981313206183
adios,1.0020744276748488,0.05016599422773822,0.9705617166383932,0.4338917838472687,0.43634196484726934,-0.579510577219233,0.976209670002863,-0.9324297236522603,-0.5265940899277008,-0.11830472356662593,0.4643727317263875,-0.5695046998463259,0.823719598371569,0.9045795519631907,-0.6768845802119997,0.23869195291142412,-0.9804569309915625,-0.21860245713807994,-0.9312298562131828,0.8918983227740761,-0.13204141391967358,0.9000381846700933,0.5135399087912564,0.7292774978660954,-0.5752424600726374,-0.8710595156532311,0.1396226936118072,-0.6716264359625137,0.43102969441492495,-0.2500293709620675,0.06277606992247171,0.8396290660443301,0.01215653654725225,-0.7759418652062692,-0.7602119153985178,0.0033268208938693616,0.08235176986204336,0.17867880821578314,-0.24584299758482195,0.2096182412692627,-0.23050681753897628,0.2692351644790044,0.5404268316168666,-0.5224585104448741,-0.19450268193546522,-0.04149177385396132,0.31348140959137105,-0.35730630562845866,0.1626103261717852,0.279330168491674,0.794744922723073,-0.2606167447599963,0.201010482263352,-0.6092552372522348,-0.0008502008924378417,-0.6803161330126604,0.8098397556011014,-0.06059703764536695,0.6541174581819494,-0.06288882551661931,0.7223012056623648,-0.2164560746894753,-0.4150149213801005,0.08380641785090552,0.6494770129052617,0.7377941048446734,0.2047175426906883,-0.8646412939405598,0.08314323677152073,-0.43520793918218814,0.45089866137811774,0.7334880761184206,0.04321448087979456,0.2173492792465715,-0.8859981984843835,0.08757601006768792,-0.7993779246795256
adios,0.9720553201861776,0.044621143613601144,0.915090237164597,0.4620720781563081,0.45565559744505335,-0.4885322804369303,1.005338821475812,-1.0037430987809093,-0.5710869286881353,-0.060164155910963746,0.6273006430327537,-0.6382286584671686,0.7720459230896726,0.9501924646540886,-0.5972516730150161,0.1689246547455293,-0.8830952402874649,-0.18755140733282893,-0.8218026419027015,0.8901160719459779,-0.10745522601819504,0.8494906536459073,0.6148114344760818,0.7775306738052531,-0.5338179610980444,-0.8260008361128035,0.23769015288084325,-0.6875971513883814,0.49382930365290173,-0.20210684013034974,0.06161068477794067,0.8838689509791737,0.025777001222457477,-0.780465979398439,-0.7023179441160722,0.07141874715473365,0.10264139271206035,0.2839911703433079,-0.17965579920944036,0.2267449795894078,-0.1850270776050152,0.27435340029520805,0.5148930030458101,-0.5378006961047037,-0.3633098260341185,0.04428447544239606,0.4089744000804347,-0.46556155607726313,0.11829236116704822,0.2773956542594473,0.8344111060900867,-0.31058720232534687,0.2900739271464778,-0.6262730378632385,-0.059100190776664,-0.5992506921269218,0.8085480570453237,-0.21124879105651811,0.63342067116161,-0.20639233554793138,0.8607591279462394,-0.18268990835028404,-0.2685318565332575,0.11094972898384495,0.7345957917830516,0.8640097692465396,0.20917785749302595,-0.7875943348430219,0.22920909784962012,-0.5801963492050871,0.49447776205330807,0.804625400665956,0.016480572656374738,0.16292520201016875,-0.8351652132180335,0.03152927230508161,-0.6349441524250298
adios,0.9397681322017598,0.03329914596211948,0.9196689060133517,0.41572527043423846,0.516076481890734,-0.6120504561797221,0.9467380463899141,-1.0144309080840714,-0.4690723509540289,-0.15651110587636063,0.5018130102805194,-0.6143945797893038,0.7110167790318324,0.9371891354694248,-0.6992560351354584,0.2539026777597686,-0.9980148153782653,-0.28356381783666285,-0.9347856823269937,0.9160227184017414,-0.1945201880679724,0.9792535115634455,0.6159909457454356,0.8040872343443359,-0.6340627507337195,-0.954787698480291,0.2782521285874643,-0.7072340505486869,0.42765099782103483,-0.17529602249819837,0.12472913916934815,0.9278075245995039,0.08870630089871703,-0.7992045868692663,-0.6999335619350067,0.10770248680542893,0.04230461807277014,0.319686383618455,-0.15550322959469287,0.3291772840973199,-0.3324980582850036,0.25423164528030934,0.5293672401436126,-0.6336508998297617,-0.28656469475223556,-0.06117317686609251,0.3964910838314436,-0.5104557685638368,0.13821637557049704,0.21631596924395685,0.8617978641369259,-0.22423958100520897,0.28995550146476734,-0.6277716164313707,0.03820867312452128,-0.6154818000957161,0.8486952876760556,-0.08421258683956431,0.7317030119170245,-0.22906794986755208,0.7568159721192436,-0.22936260165212782,-0.41277222369993216,0.14114011426703968,0.7208931209504519,0.7209577087585272,0.16467015205602414,-0.7743538901027216,0.2015610347986873,-0.49194343446547983,0.5228986374249236,0.7831404876909209,0.13247864545752425,0.18473627052682448,-0.7699669650087403,0.03141270018999165,-0.7157521875151026
adios,0.9019330695870414,0.15044280420049927,0.9214570895368472,0.44417554688093364,0.36293054939246316,-0.5209597501559166,0.9197613465205265,-0.9033687473536869,-0.5438351305811816,-0.19769833110751578,0.6063434474914592,-0.6342120328126699,0.7256246055259677,0.9506892966588395,-0.7379459305482371,0.19081820465880153,-0.9187820099162749,-0.17670058454746296,-0.9000902460057046,0.9689193500802272,-0.18068263547511354,0.8816818971178753,0.5924022189066324,0.7260578558225413,-0.6660103235319316,-0.9101350125898408,0.09741837332340302,-0.6231623113157105,0.4789214136837511,-0.1380123607854659,0.033955849727921955,0.8395042736605043,0.04371964322174772,-0.7409032517948978,-0.6951257963797839,0.1304945626228499,-0.001507240142707568,0.26714813159349393,-0.20051482002335577,0.36092971523478057,-0.19581862429573926,0.33513610301115593,0.46742569418287355,-0.6355562346971744,-0.23987856086589296,0.03607077853321211,0.33266616301024704,-0.40841838570669187,0.11012992295870502,0.1955083124814495,0.7902010825916111,-0.2899508992777528,0.41427590314983975,-0.5646100157858226,-0.001928702979977698,-0.6407050251175466,0.8843189214035987,-0.08641274930113402,0.5147987082306601,-0.13429773290660815,0.8107335046856652,-0.25590675646753674,-0.2936402868365457,0.2565869412234105,0.7187270955296157,0.7770500456189872,0.2815821887348891,-0.8721898854951821,0.10165464238000396,-0.4762492796683207,0.452806320357863,0.7205939120149004,0.02555944501950054,0.2435043894099438,-0.8773129584726033,0.040808077748860805,-0.7528017856739502
adios,0.9330858547622861,-0.0020096147798594477,0.9382299722712341,0.36241496374148474,0.42840894679559643,-0.6458731376185861,1.0031835197800303,-1.0079977430515172,-0.5211840605717127,-0.11569420532600981,0.5154641213263353,-0.5906925630929907,0.6893810324640259,0.938964628734387,-0.6520478087241458,0.13773885117899928,-1.0452446697530078,-0.21444615934222414,-0.91302487676147,0.9217405726689414,-0.11132474440433367,0.9008233912534747,0.6030166030684754,0.7374504115123298,-0.7540343519918689,-0.9374970557068787,0.29788290176764276,-0.6640520392102491,0.5142724176069946,-0.20039747497732435,0.05291689211614415,0.8524749351883418,0.16668861146298425,-0.7709511131073316,-0.7102960809057111,0.00782831773491606,0.14749483227373938,0.2670565689905721,-0.15979765684137434,0.3424100825540119,-0.22934152036805322,0.28145486586575397,0.5046030198426669,-0.6915734980197091,-0.1906252281993046,-0.0028433503372412225,0.39925980151282436,-0.4720946529831451,0.14137832388788152,0.17203484141811418,0.7617378055464736,-0.29051658100856836,0.23354021239239878,-0.5956568533612538,0.054932883114406306,-0.5678499580902714,0.8198058400190312,-0.12175756419464938,0.6826583794211974,-0.13538458593309838,0.7654284238331017,-0.09932055196493961,-0.2913249846004323,0.1919100077301193,0.7510603010332464,0.7487354206194432,0.14001056298412032,-0.8376254145369348,0.11198054488525405,-0.4883389573488416,0.4567262142716582,0.787276465457131,0.08966799833057276,0.18427731879258982,-0.8824705331729892,0.08124812408377349,-0.8336260451298063
adios,0.9207564952392532,-0.029825247262864507,0.9160926418349817,0.4723914400183707,0.4178209771070951,-0.597562024361951,0.9545888204636741,-1.0412889679473405,-0.4941524453905881,0.0160990790835171,0.6510559096061015,-0.6019987442986308,0.7339936794442132,0.9178230886188979,-0.712404972588155,0.21277710397095312,-1.0082724329467143,-0.18164995497016212,-0.833195600088113,0.9299369746675238,-0.12261984594840837,0.813915632317593,0.6099924841337244,0.675395032086444,-0.6745696134397747,-0.8021240313545293,0.2529733509709902,-0.6873810089306982,0.44631455827514044,-0.21807822335880414,-0.004075040430454868,0.8434033937966718,-0.03726425605581844,-0.7494601051501254,-0.6638270053723073,0.11843176764995124,0.001087957608189638,0.2154669600762345,-0.1943333991037762,0.3028153462861959,-0.21356348557218194,0.23335806363705366,0.620348723064967,-0.6207509293280894,-0.1503145432515907,0.0685143699254504,0.45849770613355884,-0.5463638409950338,0.13914027543501856,0.22827341367852677,0.7078329965443154,-0.19949266465597085,0.26042951975219186,-0.6698622772754075,-0.02513996392782324,-0.6749203969962773,0.8020811798986921,-0.14743602682667722,0.7469169638489297,-0.19976325147050614,0.8922987106976934,-0.14790772557921184,-0.31783741563845025,0.181683542158091,0.6915700813800995,0.7863311286993152,0.21972524730002396,-0.9139100772104551,0.20934581123284807,-0.469893925684165,0.4507368362498747,0.7956153782691742,-0.0011749579074301492,0.13824573791723477,-0.9473832187809473,0.0032960599321694983,-0.708174195535598
adios,0.8095455926085369,0.0611405020032706,0.9070860556674998,0.4155240105493561,0.3026360716977315,-0.5476266041022163,0.8888908398444886,-0.9309192125553568,-0.5251235596125537,-0.13519758636170442,0.5589545364152653,-0.5924177981564652,0.7278371900732516,0.9454458269139939,-0.6551630906559004,0.21797524439046614,-1.0202845380203711,-0.20553904376406337,-0.8520938690169161,0.9486006452336995,-0.08108794415804535,0.9065506560084978,0.525804449566378,0.6920963741782147,-0.6376747586153831,-0.8029646397161704,0.3407810384552414,-0.6149645353412622,0.4082385471462647,-0.22147590831396968,0.16974351263364063,0.864423721303045,0.04576797662798042,-0.831634080246,-0.6052980153516889,0.11542196377245688,0.010078092742681191,0.22552922380912374,-0.1816489155245606,0.3018205267827072,-0.16459448333547833,0.2751806507528061,0.5215859167418165,-0.6692422596908066,-0.25684557023985694,-0.02246792367896938,0.3668243831924535,-0.49181865624626464,0.0645851812161142,0.28139568123308945,0.7724809463888086,-0.3163870406480143,0.2575337746233799,-0.604994287931059,-0.0002598607747233946,-0.6140032851123632,0.8816833845333019,-0.07110884711714308,0.6746505123310952,-0.2199175100050497,0.7958796373602188,-0.24056548459733834,-0.25280829013214046,0.24364758467185543,0.7234028580630437,0.7649515656380955,0.20392339379850188,-0.8123739821861399,0.1146605037218937,-0.5127892010966413,0.42112924406262253,0.8033704115103961,0.02648744955686349,0.3044681188377185,-0.8240329907982432,0.09437505841169493,-0.754973417016106
adios,1.01786075096535,0.09296676604511817,0.9619524180115325,0.43174446757007107,0.3752499539091755,-0.5659956977199713,0.8544505670185677,-1.0649248096528796,-0.4765537481496307,-0.0520069506647341,0.5761768987947133,-0.6406482935443265,0.6538437834950778,1.0060277173744074,-0.7006752747413576,0.22682965879334643,-0.9625345467616042,-0.20294241510000677,-0.909999798769323,0.9324881546769539,-0.13367942630322147,0.8661892868447154,0.5244370188443194,0.6133281572648479,-0.6627246351283291,-0.7741339168261883,0.23798944738241845,-0.6526701766393944,0.4300600853066822,-0.13324531840801668,0.04985218124568943,0.9538898835913369,-0.005662118274818072,-0.8211117106241714,-0.7259166828413826,0.016299384884724946,0.0019559258773586483,0.2803813012402832,-0.2326191640619856,0.10679145157665473,-0.15248632932552858,0.16362754062907586,0.5642713484245796,-0.6404914504342601,-0.1429798220038981,0.054913992729999736,0.34810393005844287,-0.5277438807949993,0.18461810992508132,0.17606813327312482,0.8005463289082275,-0.28084884629623075,0.2579528426022395,-0.599431496539652,0.005066222260045217,-0.6122391537179991,0.8437148608976897,-0.11547178706668235,0.6650444638432722,-0.19941873500409057,0.8095352404985636,-0.22606889336338892,-0.37666982405429705,0.12747004040960966,0.6849161401514344,0.7237898888235345,0.23719517550483546,-0.8555999820862217,0.20437581096209084,-0.5031911971366049,0.4347554828066323,0.7929896239438048,0.07960401258515588,0.2164523315645828,-0.8585351787830199,0.04488304273847931,-0.6431834900988809
adios,0.9016418595112283,0.011075325324070767,0.9883779259406725,0.423891135366308,0.38030555814718786,-0.5950986978598236,1.0461346407682754,-0.9698099756605861,-0.46654771415085783,-0.12228615401199505,0.5722683242597647,-0.5346986202715232,0.7134437381370597,0.8939544770745891,-0.6289127844792137,0.219502968477838,-0.976628814020638,-0.2033197726353519,-0.9302170951517096,0.9143405645711848,-0.1342917189334002,0.8683802007095797,0.632070611025372,0.6619656657925069,-0.5356250484174554,-0.8062347155134622,0.11258666602042104,-0.6752639490377388,0.4583330392259619,-0.16351794824886492,0.0063487332988546585,0.8767444350702949,0.037336274983783654,-0.8204941523542105,-0.7273907972039627,0.13634553574154346,-0.03602096686518291,0.29911443505678986,-0.157133597475548,0.2886823011217638,-0.20358135221028487,0.3060069770813152,0.49956735864404483,-0.6721348013621945,-0.27362264687988064,0.06333239861503281,0.43794884717692695,-0.5624352144004147,0.1597937632506989,0.2908071034455596,0.8686820726347835,-0.25503742152742814,0.2729011400235445,-0.5598463614334903,0.030533418809699703,-0.52286427015015,0.8847014705276168,-0.12867845849634896,0.601670985177884,-0.19549324950298078,0.7375374285853331,-0.2011026671812311,-0.29134761415611227,0.14409398612147145,0.7419735616262302,0.7389073101780946,0.17122161964896845,-0.8262955202006813,0.21813804919110463,-0.502131412910615,0.47272110862253125,0.7508500792541423,0.0078191285641794,0.320050060528145,-0.8084410507132082,0.006457414445126888,-0.8599748805344427
adios,0.9378692990997894,0.13913814307274416,0.9193716280586584,0.48071492375862623,0.39844037744489585,-0.575974072825596,0.9903546683612425,-1.0141332792359337,-0.5083705913232948,-0.09690857208458527,0.5571960467342038,-0.509191037130607,0.7606777418412454,0.9982420457672636,-0.674790749493856,0.23840562170119872,-0.9981581933049724,-0.21273854715276547,-0.9574945364872288,0.9652780050400014,-0.11317647137731511,0.9970802667480194,0.6922268910536098,0.7707445697350543,-0.6502478914477086,-0.8974060515800644,0.2467229329184798,-0.6535414043684309,0.4936620769788629,-0.09662291032315838,0.014596482402673333,0.8289279594778172,0.03157094797138199,-0.7425531767379474,-0.6558098236196768,0.045620877821636985,0.0866358051720709,0.21515984730732415,-0.2388961965368971,0.29383735217922513,-0.23387155649529567,0.2923252015289929,0.5491288583303024,-0.5537741210363754,-0.26120773109263595,-0.001043988898168425,0.43385329028577974,-0.49718674283342346,0.18418198827049437,0.27690309864742,0.6733630086180241,-0.21541430242627393,0.32075048669346373,-0.5695405654565461,-0.09996068969265148,-0.6682586889211387,0.8073308366016869,-0.17841192569556436,0.7474723307913894,-0.16703578253445656,0.8075071303552753,-0.16274914986239897,-0.30918591042328547,-0.022467094985794245,0.6585694213307585,0.6513891946165801,0.21139153879440992,-0.8451213986758819,0.19530259286341325,-0.613018570278322,0.44969428594541067,0.8450590972251183,0.09994041598139858,0.24307019169744776,-0.9366376399067913,0.14311954943521887,-0.7054263199091239
adios,0.9282002263241265,-0.006787317374042548,0.9930484674628945,0.40002367084956036,0.4127659402472807,-0.5644013158074142,1.0294686587743973,-0.9938078388906957,-0.49479095473740947,-0.05148616566717691,0.5258547313999955,-0.563913708229105,0.7160556850545213,0.9166742562503791,-0.672257467854559,0.2292531435461178,-0.9143423126660645,-0.1531227354454571,-0.9264180878482775,0.8639434738268611,-0.14364365121927866,0.8388780758966178,0.5617426618992967,0.715495332982409,-0.6172946468002655,-0.9603995849695048,0.1648050454512066,-0.700331547785288,0.526116697641541,-0.2388044985660214,0.06715051481829036,0.8687367471808949,0.09554437123173509,-0.7538216410000113,-0.6774909990393821,0.06267195967702219,-0.04380896501854703,0.2875747710363576,-0.17048462289296057,0.22086683741495194,-0.26788470241296214,0.2604487257650299,0.5517670184906412,-0.6915845454223413,-0.2775516985033171,-0.08675832327465259,0.4421973550233533,-0.5576344230456564,0.1365946954475446,0.2481136533205264,0.85548201309353,-0.313905527772485,0.27817678155449266,-0.7020285412239408,-0.10133811261237625,-0.6052925116643126,0.7475147863260403,-0.1477667340392713,0.7109409765953385,-0.1291131478385409,0.7761059030893042,-0.26977472219859655,-0.3121762507349781,0.21139037968850627,0.6577753942549454,0.6818629805857881,0.165131135993219,-0.8020963424188237,0.25595909495909547,-0.5710729234028219,0.3902728067137029,0.9063024007300999,0.020601802431788267,0.21977166050492825,-0.9044609172652672,0.10464757475824848,-0.6936233889240485
adios,0.9490494866059999,0.1815074022021664,0.929031490432714,0.4164878636969605,0.4070279667584124,-0.5445729265639424,0.963946272655614,-1.051760240938575,-0.478409516923334,-0.14912561443128028,0.5297169928837726,-0.6030057480618316,0.6779103368319838,0.910031788156964,-0.8030889651907951,0.282029754291213,-0.9542412387097399,-0.2326956407780565,-0.9450410459813332,0.769504321326151,-0.1641331500514789,0.9337479304213294,0.6197206870498153,0.764693196843562,-0.6457495592204803,-0.784909118677217,0.18505858165111158,-0.6097961867564743,0.44753121283512914,-0.22716934513985867,0.005531997814714612,0.8219183468432363,0.07634564633004026,-0.8207505127803926,-0.7352046278821484,0.1260920643894936,0.06520667966055842,0.3233500873942774,-0.17137913725581427,0.261954639028819,-0.2023948733731053,0.25408887663493,0.4888520012565476,-0.697283428622438,-0.2828845432808005,0.10689523648747278,0.35269695512161414,-0.430997363107898,0.08604870041112717,0.29430362910519503,0.8361269148901844,-0.2266632977361449,0.2945055131379212,-0.5482388668230157,0.014505927702247828,-0.5494327043905723,0.7557700881201037,-0.11894154493420381,0.6745423838234759,-0.21327338293354942,0.8383143885749208,-0.26485369915701884,-0.37036021010577097,0.044323149900606845,0.7688186240363674,0.7104511488088792,0.29972043587748454,-0.7905292816332048,0.21693812530590106,-0.5384039675478457,0.41286939539556455,0.8154511633283248,0.025892241362641094,0.1401635049461477,-0.9457072960598012,0.032214272828433484,-0.6505780713958131
adios,1.0447235739279186,0.10471395571689016,0.9528158597418331,0.41281596875725324,0.34873338177906654,-0.49906205595888503,1.0462277292473403,-1.0322104438827846,-0.49817719415434214,-0.1529102502266168,0.5377538898442561,-0.5453344380280007,0.6603883939301384,0.9901248388974409,-0.6359036118253093,0.18756032918562746,-0.9373744133155514,-0.21947484268586873,-0.8508233880791952,0.8371956701821791,-0.14514546929074817,0.8943639564205739,0.4390016026465544,0.6782809604844702,-0.694349119726043,-0.8026925262326184,0.16614327543980856,-0.7049595819284912,0.5076346240539493,-0.2640078119854733,-0.04774455653633794,0.8570635528984166,-0.02899309351400177,-0.8540971989585211,-0.654881496046002,0.13420399530205457,0.08825137092955304,0.330659321267349,-0.13495239681871413,0.19318070759733805,-0.18367939620006135,0.2213518171179682,0.4974387218807259,-0.614031448307303,-0.3353632368197028,-0.08248931163974726,0.40501279703677745,-0.4682514018016888,0.11631835867869257,0.20586601789203857,0.8281938138413983,-0.24027767853072335,0.279379371789846,-0.6759732478255619,-0.025674188051863906,-0.5932175069813642,0.9031256394196148,-0.15268268748636116,0.6478925558062794,-0.1745318460445279,0.8230798279322825,-0.21940293038118913,-0.4823602466963337,0.20391599062785207,0.780621745546354,0.6914086305258583,0.13804356569073023,-0.8375318040786905,0.18515802045191118,-0.4593166539756478,0.46791886926218745,0.7496714431149184,-0.03645253070161225,0.25040872996139646,-0.8398888131761728,0.13317745319020363,-0.7900357701951793
adios,1.0259815230037699,0.007279772998582804,0.9808487709998427,0.3341528489888842,0.3559410801096182,-0.48976986231684927,0.994117122276283,-1.0148505103651795,-0.5199771273741964,-0.1253858296493363,0.5844728931255411,-0.542050881665359,0.7031747709680198,0.8862121011762655,-0.6644670858381646,0.1717963459902987,-1.0470594899023125,-0.2119739889471015,-0.9223355718416403,0.9286315457519615,-0.17242891624976373,0.9222901400794005,0.506757062032373,0.6911920276785677,-0.6658148685624675,-0.7630119052258002,0.2407267111829633,-0.6101960073498028,0.537614186688297,-0.002970672905426852,0.057897100213762376,0.9461632140583768,0.09402400761001306,-0.7338116090601623,-0.5948412047283921,0.06943965185720179,0.0238739089401278,0.29120876392608036,-0.20614410141554856,0.3155352606885933,-0.12806255494388408,0.22392489096113222,0.5195759860505612,-0.6333366297414095,-0.2602643841261737,-0.09063417274680563,0.3443277776977446,-0.4582720405653585,0.1813590634317494,0.19213075975130908,0.7330382121507499,-0.27278113299788037,0.17133439279358148,-0.6393557059114297,-0.09121387374295825,-0.5666561258654631,0.7982995205620051,-0.053714148000593376,0.7160522718696095,-0.1987632555281457,0.75573719564443,-0.20002685283656735,-0.3428833250306647,0.1615848877431173,0.6520601337117177,0.7593483671822541,0.2046426368866639,-0.8476965357949727,0.15893118186744867,-0.51833683198873,0.42434183458855707,0.7922245193776569,0.03373987608728569,0.22021238489422976,-0.7815522547507926,0.07352722330063406,-0.6913965393029006
adios,0.9455390478761384,0.08255228325652196,0.939410756432207,0.4266906668903268,0.40944603458095247,-0.6157870471001957,0.8792818903802352,-0.9548246199171065,-0.44912908360404913,-0.09313514355096827,0.5665144445153285,-0.5662686194268294,0.7616579224993016,1.0061828222983733,-0.7152925582577082,0.13982029800798687,-1.0014562670025036,-0.22772664018987399,-0.9237759404936153,0.819471418861578,-0.04162207563364759,0.8842523141188388,0.5812471926989696,0.7948060467015499,-0.770917770484164,-0.8756875195693715,0.18212957907654836,-0.6808711348357246,0.45808600548544215,-0.11075553977372832,0.0894905906222018,0.9230449313333254,0.045748258480462184,-0.8535818865328137,-0.7875380373877015,0.013934917244844053,0.06679644534524776,0.27680897388686904,-0.2075172951972546,0.28118137270167776,-0.10561391542439733,0.20668704754762243,0.5812009069860506,-0.6419565331166887,-0.2518954384142151,0.06389799608470595,0.4464606789672638,-0.5046181755214756,0.1494418618472242,0.2680562562356981,0.7913741890527878,-0.26408007600089584,0.24071370529523142,-0.6324121654286275,-0.03344353475302389,-0.5900403550361404,0.8320060225024724,-0.20124155854829667,0.6242043430385381,-0.3264106229038838,0.7846105473926265,-0.18846731212333045,-0.34445778626110324,0.24328525812206686,0.7196326002339785,0.7485512161606015,0.10921278240815503,-0.8489088806650361,0.17020007427216505,-0.5483966427741962,0.42519286390426825,0.6988964369363964,-0.03432471840777622,0.25083169085866025,-0.8770101098340444,0.05482933837189598,-0.74189699939176
adios,0.9924292119624109,0.09467502439523394,0.9723874264763206,0.38730174522931643,0.3645261516572057,-0.5501221645860634,1.0471815949693393,-0.9160507466150766,-0.4648938717603051,-0.1228452471830725,0.6288193113688635,-0.5648959346472376,0.6113033700799114,0.9141048119578644,-0.655408500922706,0.10531950958816981,-1.0269072549027332,-0.2618481818956399,-0.9244881794492925,0.8989344250171615,-0.14216272759874604,0.9392199894251413,0.5593507785975952,0.7133470905598353,-0.7211277622152795,-0.7988855158744947,0.1679105670581643,-0.7184071489632561,0.4774148637645883,-0.2214593428151237,0.029520009846125964,0.8880661766178374,0.02706811370093818,-0.6680327654605069,-0.6872946127963611,0.1212972143503867,-0.04827654223770049,0.2321880316562508,-0.25135479756528983,0.25189123187355317,-0.18542309450468455,0.29961048048531663,0.5520414594119732,-0.6533844110960538,-0.2803912147605362,0.0607461062131942,0.4768969325404347,-0.48588791743804916,0.15644987908869568,0.2670302056179692,0.8287775774355716,-0.33252016203925294,0.2507073320303671,-0.5973337237597941,0.0562127764387104,-0.67601590193947,0.735101122727519,-0.1612690786396072,0.710882739914105,-0.24564217019766732,0.7504891828801546,-0.18255363607563233,-0.34344955645582775,0.1740008646231586,0.6294509601659476,0.7057796937977106,0.25113550425682385,-0.8903215876410187,0.26837882945386327,-0.5624634321282302,0.5076559760488161,0.7706546591228213,-0.027777471055658635,0.18228206836278288,-0.8426179158254357,0.07980675954053813,-0.6857029620869575
adios,1.0058466810740974,0.03531296508555214,0.8825552626842514,0.36439229866768724,0.35049784439214066,-0.51261028279826,0.9805670070858202,-1.0147908682369418,-0.4945904047642538,-0.060201659932811485,0.6541663861364609,-0.5916606341273537,0.5930224119960745,0.9816657090886242,-0.6255781107135352,0.20589950365852216,-0.9457020587281508,-0.20900416598972202,-0.9734121550110941,0.8689940137602987,-0.14376431559691252,0.9512253524750431,0.5343177684540908,0.7553737288217792,-0.6384845273120439,-0.7707929627198294,0.19940145384906785,-0.7517935534770053,0.4991038582659787,-0.07620951911427032,0.09143681407916349,0.8357600883113636,-0.01070504906903224,-0.8312616759009089,-0.5833875916112988,0.0740389313803538,0.015675990445545393,0.26729865604562564,-0.2128544652497393,0.3779927360280598,-0.25692386874734985,0.30686438867946847,0.540914539002802,-0.5817008542463541,-0.16971751063821267,0.009306000349523499,0.3575809793527333,-0.4893317610839785,0.10474319228486048,0.16701336534125902,0.8686263508015457,-0.2620035722646876,0.2169591867849206,-0.7204833617719937,-0.12079173241190602,-0.5965851690232111,0.8058171998591707,-0.1591008907228014,0.6847839174236336,-0.19224979844836376,0.8366613982894096,-0.18558636215935215,-0.34185747297521635,0.06564002026092279,0.6499007303662836,0.7521553917854873,0.15727514339346638,-0.770408300169955,0.3118532808380198,-0.47627331779172966,0.5398284917481935,0.825338946548281,0.002754840692680803,0.21713460396078402,-0.7691983279295131,0.05397177215424012,-0.7935927976030284
adios,0.8773499568715899,0.08358802915976721,0.8951951154976155,0.5133329587205911,0.406275475924106,-0.5192346933512221,0.9376156400234986,-1.0445493494786262,-0.5595049725047759,-0.17581652230001446,0.5761421182888404,-0.5786357042110964,0.7561462748513788,0.8923677201615327,-0.672335976485516,0.1433647963210988,-0.9619545062856636,-0.20290358193786862,-0.9702885364883228,0.9617074157882892,-0.010765559163992466,0.9396964004423587,0.5644702698925667,0.7167513120029098,-0.6641223560917291,-0.8881395183126365,0.21410535308814105,-0.7209787621209075,0.37227544569124477,-0.1721321956052931,0.05687930012463173,0.8465846670800242,-0.020742586240602337,-0.7691260328798369,-0.7330619375589237,0.08345808586315888,0.13705675284326901,0.3077799767307565,-0.26546574593853905,0.23586763948806946,-0.19860903955934675,0.17906619299349508,0.43472366011853336,-0.6154335793529022,-0.23280167510887184,0.027596035217825367,0.38648591892358675,-0.49590623826085345,0.07637229850128402,0.2756684364325926,0.8674965065325496,-0.29935427350591987,0.22407713552705838,-0.6738631667326352,-0.04774828243207445,-0.6249792646337826,0.7297847001018474,-0.11439733609592845,0.6925718547115003,-0.2563513086404189,0.7603761556728539,-0.18636551638591722,-0.3448244803329744,0.17025941395892677,0.6838304571124083,0.7852670998448922,0.17531776418448483,-0.8798284272951672,0.14136112132526202,-0.4723191573697113,0.46666795427778135,0.8209883796697374,0.060124066787749425,0.10613452808222074,-0.9268685052855575,0.029118207260421643,-0.7824296420837128
adios,0.913041911698527,0.14442197808230395,1.0052928375489636,0.4149874458385795,0.3828936061283044,-0.6030926950421116,0.9570082944144107,-0.9774134454541235,-0.4537114974829988,-0.09049499889198076,0.4436599410340524,-0.6122570981813498,0.7951914727429497,0.9448956079853796,-0.6153534262724382,0.179345297865159,-0.9732816312927919,-0.2837019693326987,-0.9666423120153266,0.9495805140416226,-0.08361579223037145,0.8992760588731502,0.5112357597382023,0.7347688249937576,-0.5908074089743898,-0.7629595024711979,0.18565004613924288,-0.7470490250760818,0.5087785149988787,-0.1969104345187206,0.10296967891389266,0.889196779152765,-0.0007799603981765019,-0.7807010161925696,-0.6181362672776848,0.08294760395806342,-0.0029320980353221074,0.19578827982215447,-0.23561734716268679,0.27910340495013547,-0.1652000374006717,0.19178976370586506,0.6124975284667294,-0.7089097904597979,-0.1322741581970734,0.0913420464915923,0.38039247230209117,-0.5750253794157133,0.10671052278599596,0.23051964022887014,0.727287970959746,-0.259742341771375,0.2339319895446911,-0.6528524881145523,-0.014595702494006341,-0.6638546322928714,0.9406739091350269,-0.16314158896752223,0.6824202547664163,-0.15917126603275678,0.8269726887496774,-0.16889514519764132,-0.2935829194874484,0.15759984432642934,0.7021320879325426,0.7249524769295509,0.18445534151967022,-0.8762666720422133,0.19148979576733977,-0.4970292140705191,0.4852951250085753,0.7983168232829894,0.01782019115386351,0.20427302556061788,-0.8975466994619249,0.09581065883594088,-0.7526828440548308
adios,0.9430877249372268,0.14450465052057226,0.9099007744476477,0.45946675639425355,0.39711815818881024,-0.4667613288602095,0.941733893129308,-0.9527812604332669,-0.4932676026453132,-0.1998321606067831,0.5327313888115477,-0.5606062955280742,0.7043517481680308,0.8557885386086448,-0.6738856680368277,0.1400510729681679,-0.9754369180350541,-0.14930008064284028,-0.8732070185968557,0.9901387268654707,-0.15578230731262926,0.890796296881349,0.520390162029733,0.6983764249113922,-0.7000133986224127,-0.9154389744343838,0.26977827402210564,-0.7686536473145135,0.5352672802613676,-0.12080933344995898,0.08080728060979057,0.8194178044971805,-0.035716510682244365,-0.8110334182887169,-0.6522971628134049,0.09055848527845932,-0.0033668146177911057,0.3326307274848118,-0.11278994641037732,0.28828025983795474,-0.2007331490166674,0.17238979291497133,0.514090598374796,-0.6165301810176886,-0.23110563581202637,-0.020317273806616593,0.3596219844088692,-0.5150012395044613,0.09555849019919782,0.27102342825410175,0.692625477843836,-0.27801029887414325,0.2926129228187578,-0.6456314300441272,-0.028378422963632643,-0.6576289128983588,0.8128135796026674,-0.13606166842502607,0.6668263420973817,-0.2714731064549648,0.8419791960603483,-0.20484950959553588,-0.24100283504432785,0.08469511360056181,0.64752157275051,0.7118831745769809,0.2120375066209707,-0.9282151443277545,0.1530782120325445,-0.4795265748051036,0.41778069985830846,0.857803903452289,0.0067737618838365835,0.16215836065331796,-0.8393521623449094,0.160530328626835,-0.7208066197219298
adios,0.9970811479885162,0.17829626538329285,0.8992757859333897,0.4765515540517086,0.31928412372936427,-0.546575882249928,0.9489830150267425,-0.9253919794387172,-0.43542269958387003,-0.1019277676643883,0.5736872385616458,-0.5792114169633963,0.7290750147672718,0.9637415672952303,-0.6001866085779805,0.2728123788496273,-0.9891107645500004,-0.214975614562204,-0.9075971228983621,0.8327210133316121,-0.14452848512100502,0.9779398236155307,0.5351231781185314,0.838305770278462,-0.5950628415286345,-0.8300279184464755,0.22952760705435962,-0.7099159673799436,0.4534988974099047,-0.11104232417988258,0.025091179877164,0.9281997557493239,-0.025459764581936925,-0.8435211548492891,-0.5884839523510853,0.0898134460944094,0.02188316578722973,0.34335752960193544,-0.134718035071279,0.3456479463015465,-0.23469489016713996,0.23348634829956236,0.5503913753664842,-0.6073322128103764,-0.2742726415258421,0.013602974184903574,0.3867037248725619,-0.42830221485847103,0.14720501733187302,0.1745216058864309,0.7803208166880228,-0.320731991632918,0.303518517068057,-0.5709495282368211,0.0006660285151236581,-0.6485155423889788,0.8402245679313246,-0.125909893643657,0.6283712216108471,-0.2273829456817431,0.7068282253589662,-0.1269904587912437,-0.31283268163600625,0.16240309111270587,0.7541472425858741,0.6592552230215231,0.104594690343918,-0.811465182133225,0.20919678341052134,-0.5956579233174335,0.48316295028695916,0.7692914370134992,-0.010886461160588883,0.19045583530629215,-0.9919408037803088,0.050580748116015775,-0.7768411611333349
adios,0.9619148003741603,0.08655299152590036,0.9773121636137128,0.30215502011189527,0.3535027380659892,-0.540021156260675,0.9371056780238257,-0.9452664629421019,-0.5842654207025733,-0.0938613932066347,0.5268088826982529,-0.6414397050186276,0.7755388235448171,1.0248964108484508,-0.6205805323862384,0.2965999841181317,-0.9186876242427233,-0.26662926389935615,-0.9045979777302183,0.895296040004225,-0.026252213242951405,0.953198111298061,0.5631679650344491,0.776474087051047,-0.715279080323759,-0.8375897390915124,0.15458931812538437,-0.7484852425945627,0.5059871468976315,-0.13768272493659298,0.07867827864643998,0.8659948158735589,-0.019925687852404478,-0.841680577761401,-0.732017184617341,0.07872163882017942,0.10261709681719253,0.32824069880591994,-0.27943749280009805,0.2649485512028372,-0.24220804517512662,0.12125307067138386,0.5631159815277431,-0.6543601711336644,-0.254505589656464,0.07235967157265066,0.3777496104969094,-0.5141772259255346,0.13808560693536423,0.3028052804569735,0.8058257104147534,-0.2398333431988397,0.26783576355032906,-0.6212000830800565,0.0012392647495528559,-0.6727652383792194,0.8083629975610453,-0.06746187522662106,0.7607740089898086,-0.08683749494136583,0.7431723096483065,-0.26134244210743657,-0.39718646541501257,0.1509969126394713,0.5504510685703434,0.6925885451751689,0.2617311985947246,-0.781554836422734,0.16907848210967447,-0.5307603548923276,0.4935489825202808,0.8360660223956875,0.0028110784393021934,0.1954087196344409,-0.8981648616603864,0.013581987216851985,-0.7526136200602154
adios,0.9192633010169152,0.03143229255201187,0.9776727668116552,0.4537980212800238,0.43024363423679546,-0.6062245266124656,0.8533701256467512,-0.9641729331085378,-0.5272409109645978,-0.17495034185339348,0.4959131898553328,-0.6183959772038515,0.8048528360509681,0.9415288782828498,-0.7268056693989493,0.22726455791721983,-0.9733871906763258,-0.3328225030971516,-0.8785625681493365,1.0197293238535519,-0.2577335026118559,0.8361693123620194,0.4301856174375416,0.7288133761263552,-0.604149845177536,-0.844827788483972,0.27108522766117205,-0.6225281180466856,0.5518677011962486,-0.1251017412906158,0.03567049340536545,0.878479490713626,-4.160088413265872e-05,-0.7951460426689411,-0.6804616020294951,0.08615993722965791,0.1159208364521273,0.2587120851266458,-0.24361343349732206,0.25612966629352524,-0.17344498061540814,0.17767530669199616,0.5247506256727018,-0.5756771676449672,-0.23421854053787372,0.0013358491979310206,0.3715386396507701,-0.5441189322885923,0.06662499036339001,0.24010260448246656,0.8045659836177568,-0.2268853225436416,0.279742176896045,-0.5494684869743609,0.07584812999508769,-0.5953458302334761,0.8980151486823197,-0.18589153338694947,0.6029162574622894,-0.14054872182876657,0.7422746868933815,-0.20486815757898458,-0.2990913985512676,0.21494618677975758,0.6781765156738233,0.6895314087407595,0.20739931521224805,-0.884353950135374,0.18586928222367846,-0.5094925852476099,0.4637876975463958,0.7937277583243717,-0.012257800952316891,0.17077737108949193,-0.9072201882860164,-0.0008552576741401863,-0.7245349165668193
adios,0.9787925506119536,0.13428000249412145,0.9322438769067309,0.3890817253755349,0.4326733813126761,-0.5358748577205197,0.9634199416742983,-0.9003239269696566,-0.4953565513014652,-0.14326143438735287,0.5387749770337749,-0.6826737361235342,0.7590534694055592,0.9615270859927367,-0.6468189551227628,0.28676178797028046,-1.001565393160121,-0.34375787055231877,-0.8876263656614622,0.9216489049231056,-0.1643294000389707,0.9178179303442004,0.6119167878753407,0.6852481016528196,-0.6687357500782728,-0.7762651394813396,0.16540433319407033,-0.660722144792503,0.3355397767189455,-0.2572045547500353,0.06369352170248066,0.936542558381164,-0.024709239210134057,-0.7798850311225138,-0.702339081083087,0.1380597061560503,-0.012082005129182484,0.29672437067036156,-0.22969364716926707,0.31076211928000835,-0.20275344158111105,0.23524327338931525,0.5587005264937169,-0.6398695432025903,-0.25548877792874997,-0.012754708047268408,0.37721407931995843,-0.4815385252699301,0.06002462188108601,0.2323881262323266,0.7382430348807335,-0.2762850942727864,0.2454975357947719,-0.5785680383630105,0.029224578122445916,-0.6812466190358049,0.8366507110096016,-0.10443002835512655,0.651610788188491,-0.2028582668835521,0.7547150010844941,-0.1476361872992698,-0.292515336403506,0.1338801606017948,0.7291941774145605,0.5737680970118769,0.25775396667213074,-0.8385240182230385,0.2016220426783243,-0.5251184690170942,0.5349722712733108,0.7362660034357009,0.10319095815663198,0.22694056676766833,-0.8387311644384774,0.06368923111916687,-0.8070373925539431
adios,0.9805852163041584,0.1100349159109112,1.0134498928452096,0.4199431713379444,0.3744960802495959,-0.4984165970072321,1.0481436177773558,-0.9870721307725338,-0.5316731500759674,-0.08989039705163096,0.5460648152789712,-0.5746667095294539,0.7130226724795068,1.0450020552612163,-0.7072899924431375,0.21869437099181643,-1.0064629031764962,-0.24093276278377967,-0.9322826668750297,0.9502363387331426,-0.08178855049371114,0.9258415550097441,0.5672127985328584,0.7395875987134766,-0.6087830785851325,-0.8036372466134056,0.06697166118786183,-0.6776667411518271,0.4555473954491655,-0.14964965148966244,0.05247910595030338,0.9111023369493483,-0.01054079366161162,-0.7706105084524997,-0.6385429029578764,0.016686159940518197,0.17449033354739193,0.33476478489531325,-0.1969414476961721,0.2581898126767462,-0.21495425171021998,0.25202234507701315,0.5568430620208501,-0.5670191374447368,-0.27265338629705754,0.0332016105324968,0.30871270170268594,-0.5133207383934971,0.12831756827858498,0.2844248126786357,0.7533407082790611,-0.29633240793434285,0.34814197781665057,-0.559011764780671,0.006011090087229751,-0.7469414485186221,0.9623227056640259,-0.13735243540040698,0.6447478512956262,-0.1925653869359806,0.8281535293466893,-0.17102043591964144,-0.2901196001614289,0.09797443232804659,0.6752625542811636,0.823555909667354,0.20260576579916853,-0.8393029966255168,0.14745232635916475,-0.48379586754275816,0.5167378080320577,0.833031966923968,0.016527898645844363,0.2251896348885896,-0.7862814034019547,0.13369357389418612,-0.7808345697687906
adios,0.8067594247962798,0.10930312370565641,0.9852971262671903,0.37517076275506617,0.39501817308840276,-0.5810059621329011,0.9577632256640934,-1.0147743039468058,-0.4295097253517124,-0.12301849115947029,0.5148149992792674,-0.5587567431198078,0.6627770913988592,1.0310260732273822,-0.6227625459794743,0.26415665263175775,-0.9899401232869708,-0.25166313370191007,-0.9074787960903462,0.9090840961106953,-0.1603435205185803,0.8702734478568435,0.5542933295067987,0.6740784128414038,-0.6197709925281369,-0.8527176828523363,0.18606651929385626,-0.7195733406102762,0.4087416861377665,-0.08631657715984993,0.024454773692762194,0.9056695876123503,0.05152396838492485,-0.9223726572809438,-0.5939306444734715,0.12460950234523141,0.010424652421706336,0.27380216303050753,-0.2544682811896375,0.3909212419617413,-0.2515828796086079,0.22167802726171318,0.4983318802728681,-0.6380332099072799,-0.18033263781794956,0.09453484110862664,0.35338435262157675,-0.47372775356133756,0.11357699651532073,0.2007812249059925,0.9121301108420893,-0.20615484501893436,0.28456993852302503,-0.5380133910871239,0.05619356487050167,-0.6310161238034986,0.853064258545925,-0.06074955019871203,0.6130685251402085,-0.08276285577720788,0.798079549452478,-0.11411572823580957,-0.3379123236908955,0.16115785166914584,0.6891718803596036,0.6954364423655826,0.17787348922945334,-0.7617212078007511,0.0788250155047264,-0.5710408800740376,0.42891331171203045,0.7353853450116765,0.10496692234706466,0.27001086961307297,-0.8402627847646545,0.04825925591173592,-0.6748738393194178
adios,0.8546531817275761,0.20156363035884145,0.9111372300708911,0.4165302262566574,0.3739904566698059,-0.6214763795441811,1.0488045657493295,-0.9480947580515959,-0.4332617481291227,-0.19160039879414698,0.5678127349377049,-0.5785784163329236,0.7395242973759367,0.9087826817972255,-0.6185405161340707,0.20074539200497615,-1.0297760064470403,-0.31961996169037443,-0.8813465584625069,1.0358287221350468,-0.17846941990771878,0.9064769660837738,0.6281368358247008,0.6690959838583318,-0.6776669954623549,-0.893110764936856,0.2507192774967659,-0.5977795040954894,0.4747121482577265,-0.2251989831456756,0.033678099939448286,0.8436182421895463,-0.005471198191234337,-0.7887151442664618,-0.6548118614073081,0.11491817562785157,0.04839654190847124,0.2780731800932555,-0.20108665257394315,0.23474964108037094,-0.19819324934739105,0.21865094782371364,0.4674427732222758,-0.6235169015619592,-0.2794349646458425,0.01645381471681053,0.41571605058616296,-0.5401526387344953,0.11408778998876563,0.15934054404167736,0.8676289866427559,-0.34224614797818625,0.24937316291760456,-0.5501882005738754,-0.016137917069437863,-0.6949790751726014,0.8724197398938522,-0.10182923420998549,0.6287168872284309,-0.19269371668229482,0.7875647289558296,-0.2007007634124895,-0.4322995476638449,0.13520634748959226,0.780083008097384,0.6772301251443087,0.16220155446318074,-0.8898576611189993,0.2251413109581175,-0.44893271492667697,0.5242027891388168,0.7269020551887946,0.0544575283511382,0.2788145224311246,-0.8443812198488791,0.10406994345280152,-0.7652085615908826
adios,0.9450651692170365,0.15628040733676493,0.9617791683512069,0.36721824954724297,0.37265556548024303,-0.5073570318947975,0.9687860755700383,-0.9815863856786664,-0.521736051895447,-0.07098697616438668,0.6418864734786178,-0.5414703946485921,0.7981160522707131,0.9488660423123172,-0.6973239720592977,0.18685062919075912,-0.9800991425660773,-0.15530644570647845,-0.8533855471635801,0.9402294047911965,-0.19926604453274904,0.8135535213332818,0.5846351091102071,0.7765917574434328,-0.6576475094574106,-0.7543576007248657,0.14736339056651682,-0.7244732300379723,0.43354628629742376,-0.21822714035553234,0.08213194026993964,0.8540575753097088,-0.03399977817401709,-0.7390343113907828,-0.7715507819340076,0.036844392255890146,-0.03232716840024667,0.285576552105531,-0.1877067272118936,0.39543293408950225,-0.16050866138925718,0.31991453626355615,0.5492404167451723,-0.6908987709722665,-0.24244308272524043,0.034687169023234085,0.4085245289452703,-0.5162613098826508,0.13392104957423703,0.2032102895861322,0.7388384524067563,-0.3300820587030214,0.27634544546531314,-0.6759990135158884,-0.025648990258938957,-0.5899633632868884,0.7853095943756102,-0.1615714589927606,0.663957768035501,-0.15410304556666152,0.7843706479464558,-0.15100656194143008,-0.3081283787785183,0.2012703707635824,0.6868072019708736,0.6963876830333268,0.15724463303606284,-0.8153254020627113,0.1756754254977862,-0.5375510717178352,0.44277253396766947,0.755118060377265,0.03941899746442681,0.13649786159320973,-0.8547135606106372,0.1139768973057602,-0.7706703895679895
adios,1.0301615250076808,0.09534556390028733,0.8673015707747742,0.4155698420318958,0.39859045644133145,-0.5453726310607365,0.9396773833469412,-1.0381180033760398,-0.5487843061387262,-0.16309689945019198,0.5308770754615668,-0.6613785590444567,0.6893458131432596,0.9997742805725933,-0.5898948868058782,0.23244097355926657,-0.9167347503555494,-0.17815151130105633,-0.8700233677170837,0.8964161222756054,-0.12066116232105734,0.8769236464403245,0.5616566137534406,0.7359869521827263,-0.6179908494291524,-0.8289366568980298,0.19339397960482077,-0.6612786955186091,0.4884335187308161,-0.1497425577930788,-0.02013211132701946,0.8212737197069371,0.09875777158688312,-0.7866567127220916,-0.7047570152987501,0.07723032976012367,0.03562289485811908,0.303117377328206,-0.2524099325184926,0.30084910536352266,-0.19389410772401447,0.26764562292472127,0.5459531339907624,-0.6162568684020369,-0.2774832703778309,-0.042024017962379034,0.49618438199521725,-0.5077039369059455,0.10025900235238866,0.28375369301408965,0.8708067967220041,-0.30151922898048195,0.22517338262799702,-0.6792148633016538,0.07524354030975772,-0.687014540180638,0.8353882814537471,-0.18522009891969318,0.5879584082987773,-0.18106615829795916,0.7624458441696759,-0.22493098664935357,-0.23734573894688435,0.1655223457541174,0.737460774165926,0.7632616016486066,0.1863331879827177,-0.8526626959280607,0.20697994523140567,-0.5006700443371711,0.43674662632167016,0.7957949761568206,-0.005848543508524401,0.1985541241883708,-0.8866285489602521,0.016705829655323717,-0.8591843433147331
adios,0.8871065155303683,0.18466973158075972,0.9298846308279323,0.4684303953935495,0.2892353920398737,-0.6182353122374636,0.884824428684366,-0.997654490095176,-0.37293750120634994,-0.10740498802971252,0.6435464702514092,-0.617351687183777,0.7942299398911981,1.07046418968477,-0.6777839705111255,0.16770465230435017,-1.0479183515143977,-0.2423104476415897,-0.9075850503769612,1.0148536162959292,-0.19245540494520902,0.9009377082479745,0.48189656580064105,0.7112404557214685,-0.6380993891375027,-0.8244736683393581,0.23093659673763467,-0.64418543091885,0.4957814320259518,-0.1808253232458374,0.003424331536392086,0.7825603197178812,0.016057853803055154,-0.7903440058787001,-0.6208565957716271,0.08537521964861626,0.03897970842611215,0.29449684459407627,-0.2105097121920143,0.34013731798603153,-0.10723331327734076,0.35737150280698116,0.5396619655424721,-0.6252075616829659,-0.16990565680624106,-0.002431982490944804,0.4072937669289005,-0.549398709161525,0.09393976847136716,0.3076674189604608,0.7550925504229109,-0.28069538207023104,0.19640366375736734,-0.5168187810365914,0.0587396327254566,-0.6257042125499489,0.8621417218836418,-0.11656095197037632,0.7295917918482318,-0.19238739276184347,0.8459485584831454,-0.13647874043557925,-0.27688469529393167,0.03130899635391235,0.6609235742749694,0.6710700924410488,0.19885564841520323,-0.9314782889348932,0.09225207009106967,-0.40058783323998276,0.4960713665931026,0.7953530467934181,0.04765157421823931,0.21444406690787177,-0.819996842406809,0.04852724968241374,-0.7322956913554461
adios,0.9454307414242391,0.04212160042852777,1.0092178728829213,0.40734815035365884,0.4463287326849867,-0.5620753725206732,1.0342281511729363,-1.0396084440168964,-0.5482732153086346,-0.17570171474132384,0.5654306211132236,-0.5275564310105836,0.8056411521067071,0.8513029243287036,-0.6598301591294756,0.03402020733996727,-0.9422762149756383,-0.17094896396798087,-0.9136920978716101,0.9175050143032095,-0.12402476159339271,0.8587325176260632,0.594197261136196,0.721008197080734,-0.6071545715436227,-0.8557841726997475,0.15843428743112564,-0.7408488661064678,0.37355709376835416,-0.11748681249824879,0.032928179192889706,0.8920718774059664,0.13255373947714194,-0.8117534507904332,-0.7149270598494588,0.08379721578865941,0.050279795157946415,0.36959805576477966,-0.11871808311474855,0.330653988834022,-0.13372930574669128,0.23892127646805333,0.5497681625396716,-0.6571278621446731,-0.3133668819538972,0.0652598557435485,0.3999190965321846,-0.4917370290060505,0.10935833341950829,0.17455094458287002,0.7421285654546563,-0.2574851646280459,0.248658512673748,-0.6279928478229478,-0.00964457400434365,-0.6692326293084419,0.7883701622783229,-0.21697373886381344,0.6530502902461155,-0.13551696326276066,0.7271534703757364,-0.19155195663317923,-0.32359383118317653,0.09479852035904,0.761994388765631,0.7027428550542235,0.1863132497138434,-0.8387402529890784,0.10599449350879703,-0.4586549792495936,0.41741095875897366,0.7774765588631908,0.059350991890189976,0.2801721920276395,-0.9238609893292273,0.05782528000589132,-0.672505501158767
adios,0.9572453719911257,0.12802306630402507,0.8928121331409603,0.4106715108524014,0.3870658775755201,-0.610715746706396,0.8688204282687881,-1.013064417529,-0.42632086525389057,-0.12745826191308363,0.6274803892661738,-0.5956788050880178,0.6877510847190463,1.0306823050122116,-0.6616992101572076,0.2427598294870883,-1.0354442132209185,-0.17491962023201607,-0.858235420359791,0.9277942926462986,-0.16805281053089383,0.895654172127495,0.6031765292320341,0.7443070981602236,-0.6236150201027155,-0.7994905305911407,0.16906311008694253,-0.7218094136111993,0.4648833949525277,-0.19959943763946394,0.09510996749364818,0.8214182484189435,0.09441133859879998,-0.7159326287482003,-0.6835379374172866,0.09344210968549083,0.01043083507543912,0.24808744330328397,-0.21742594685173838,0.37175722143058115,-0.20979353348707339,0.1817235792644457,0.5475776512858479,-0.6007376736866246,-0.250119031290995,0.07852679064021821,0.4122095931959865,-0.5450971391716264,0.08191008526529696,0.26117300219942585,0.7076928702109617,-0.2574749862602164,0.18703502467474087,-0.5659355229838479,0.040951913474196855,-0.6098701228118328,0.8029721600619099,-0.1278457160868678,0.63470732982096,-0.21798815451577816,0.7923980268981633,-0.15543628855358316,-0.33546028417616647,0.2168130367522184,0.7291763251622403,0.7549631642014248,0.11092990666438873,-0.8449347044669434,0.14131459411663985,-0.518242726814991,0.4305230909837777,0.7704223369805806,0.08252607844498273,0.23088951717070447,-0.8195086537853036,0.00011530383481339612,-0.7387276978283415
adios,0.9823949270971833,0.16977929409580245,0.867964300445144,0.41205780554067084,0.4471689828947798,-0.5774349244798195,0.9070280258439973,-1.0650394485156207,-0.5414703519662705,-0.21486201861929488,0.5616888664292062,-0.5598143415105609,0.6629377332530143,0.9796878414111782,-0.6300519657183092,0.19453247152330094,-1.0625625194107524,-0.20754685697961606,-0.9144122313752243,0.9054807029984291,-0.15504856852842794,0.9022939848768277,0.5981028672924699,0.8521110038801893,-0.6480525535887435,-0.7745457679731522,0.21937319692688242,-0.66903204894558,0.4741877114067044,-0.244199098180596,0.07111066037344256,0.7755399146608153,0.0002589269954894058,-0.7781210795688481,-0.6238540719714589,0.16193652325634533,0.036980831154900036,0.28300635422850934,-0.1477909893403528,0.23313553942903864,-0.1859626189307595,0.20643758372815568,0.5262186819464117,-0.6650033424424541,-0.22708055647250786,0.03258130235432326,0.4178880937025614,-0.47523076125401126,0.11806441438356188,0.34256287815012554,0.7147843786024333,-0.18951233012728516,0.26062305059405344,-0.588562616443658,-0.02069475479506862,-0.6702362723351676,0.8609949379192369,-0.08424944188682257,0.6840266019450628,-0.19355317997741897,0.9899026806275174,-0.13042088183487532,-0.2909838786073919,0.12662932900838703,0.6596290087737746,0.7080366697139969,0.24544656135629309,-0.8802069948129709,0.14112302306563398,-0.4821152061657449,0.48114671941204157,0.7507869077389328,-0.02509223709447104,0.2790218703888344,-0.8520141539694072,0.011972666099211049,-0.8063077094632394
adios,0.9159840794048298,0.13110658870132633,0.9751191600351826,0.4862159141987902,0.32094015882150173,-0.5566286743502644,1.0238444261685515,-0.9208994030670153,-0.4760897761624778,-0.013016009758414604,0.589230099408298,-0.5524925191574267,0.7282088671372199,0.9277525897084111,-0.7160759772295399,0.20374864860543943,-0.9926029050074003,-0.3152867182084153,-0.9629695633832879,0.8973857567257671,-0.09134273744354673,0.8971509192550219,0.5690087613450963,0.6832329658132311,-0.6525108530049988,-0.7841477746014865,0.20926419839346644,-0.7394213116372854,0.4041841953059132,-0.1536728358348129,0.04460187307470969,0.8714141563967083,0.012755536139178146,-0.758442623615543,-0.6985990712926686,0.08107464231999538,0.006246990553790459,0.3213050531591258,-0.20806575240027528,0.3300042346946726,-0.26587957239823556,0.33452638401537654,0.5986786361059088,-0.7375420634006846,-0.288945336578101,0.02894783820436299,0.3073477270252414,-0.4992204067854,0.13081331518395692,0.24062539252922124,0.8179442672891469,-0.3089593183638412,0.1629050689290672,-0.5680014301538202,0.044378961914737954,-0.5099273587431696,0.7264067523828097,-0.09881425185020395,0.5619420972925232,-0.07862272655950889,0.8337285191715343,-0.2379460077620006,-0.2986398700876828,0.11662529015965045,0.70590810316579,0.7323266593165981,0.2785846409440337,-0.7399304824548538,0.16466994597467452,-0.4561873019339939,0.4829289049584504,0.718668481283132,-0.005343477192318806,0.323934325700394,-0.8519716551791525,0.1301384382614888,-0.7522286482774742
adios,0.9070625822913863,0.09582772373316839,0.9320635171674578,0.35496934079714937,0.34529137632184004,-0.5324267831186357,0.9335143750973629,-0.9862542454894249,-0.4822891227082515,-0.11476443275017242,0.6160947966532735,-0.6595646415529204,0.7544991073756258,1.004552744026608,-0.6230229282405273,0.1240220078949748,-0.9692868437475401,-0.14105363739281535,-0.916635910094832,0.9374806705266864,-0.08868692651114546,0.8466811213432125,0.6643032083201207,0.7575536370118421,-0.6276940162984324,-0.9332041948743127,0.24121268266620424,-0.6387351154942355,0.547969901407243,-0.19867554041118823,0.006434730355918586,0.8410312181631673,0.018143333139551052,-0.8395555601321073,-0.6190451844421014,0.15679019655300896,0.039018575079944016,0.2555824921477776,-0.28778320848541983,0.3344082808038648,-0.12352798875524251,0.21597249123346832,0.5289707078914277,-0.6203376068519518,-0.16262754479441993,0.015054929745623474,0.3831056556340175,-0.48367477761924355,0.038230100539933407,0.1775221554367022,0.7506025736565485,-0.2236482944318785,0.25834629251017366,-0.6435873982021879,-0.03177050097257696,-0.6419920347812202,0.9218714749846074,-0.14391572660240082,0.6210613339279496,-0.1651851091891932,0.8970893577748107,-0.21549080132496873,-0.3967012442393018,0.11922797705897639,0.6973254850056483,0.756440671047411,0.24172041307078124,-0.8829626416572959,0.14699094791539635,-0.5252556958031702,0.49941154841478036,0.7263021897508648,-0.0008984036945946586,0.17748983424981538,-0.8227769324661668,0.10656249731883455,-0.6964405146066286
adios,1.0009935767390061,0.07918199359699063,0.8859984121870845,0.37058380645637834,0.30355227094159964,-0.5907593503225569,0.9333377788108966,-0.9481618192505679,-0.4931895643742819,-0.15493335740823871,0.5529659072794756,-0.6565785249852321,0.7772567997360088,0.9275055762101501,-0.7293120807873974,0.23556198620109192,-0.9533195942466974,-0.31304170364069184,-0.8689298024014898,0.876226303473769,-0.1464119326186007,0.9073056189478225,0.601943216000963,0.7548525558977732,-0.6561600735534038,-0.8713349924195815,0.22209647743381095,-0.6699750244304037,0.557028057977436,-0.15379182919747544,0.009646865586322932,0.8512631703332014,0.045801853752907476,-0.7186416734720159,-0.6129979351747944,0.07059856738814739,0.0021264493074746246,0.22214560619167795,-0.1843876749586652,0.4147994334995593,-0.17924528898377956,0.1681366007622458,0.49850972901794766,-0.673247890009984,-0.28994858883066066,-0.01432857259284227,0.39180390288368866,-0.4585416442111014,0.16406990043094927,0.2760718167805543,0.6932948200958501,-0.3271580525103128,0.26720944419451376,-0.6097432029736993,0.038659147228424284,-0.6329499820467477,0.8393014409727091,-0.12446598916059178,0.6476251172576324,-0.16210313364938428,0.8656267864373214,-0.19454511031738808,-0.3391616301569687,0.14259827030713776,0.7557759888777851,0.6666259571646718,0.2801685788762287,-0.8894958706849552,0.16182220157196187,-0.4718556693480298,0.5167027319536192,0.7191276337835532,-0.0251671513360641,0.22101916119400516,-0.7526434058461955,0.1424625983355467,-0.7540312851407152
adios,0.8131032211235656,0.09854663507250262,0.9634835601120963,0.4104972302945891,0.35292144966721184,-0.5598627458231779,0.9054358498577855,-0.8939170565503841,-0.4181980353564212,-0.09752130361147036,0.5632513720434708,-0.6376380551301718,0.7249471120038995,1.0487662111109892,-0.6288828142687711,0.2048525017895414,-0.9358290879565103,-0.1995769015436998,-0.8918660071426573,0.9623340983780486,-0.10185532399916682,0.9408821870682945,0.5806813243518474,0.7198723060038917,-0.6810773009551111,-0.8834683062473339,0.12122692063346197,-0.7096526299037755,0.4197176585420307,-0.20847953949517234,0.13392985736775526,0.8672650701241951,0.055480589384131494,-0.7699472519999423,-0.6041741399882827,0.061626030714161034,0.0376820561240437,0.2699105196632781,-0.14018237003071582,0.36681550272640734,-0.18247080321183745,0.30947769579954015,0.5436929840036971,-0.6506823422985795,-0.18991225849563415,0.02944700241555863,0.33655762653731247,-0.4427696557710162,0.09905709433410309,0.2333205119919852,0.8356525505222777,-0.2787344301759928,0.29456207283948777,-0.5840102165585334,-0.04355892472900779,-0.6158666626234762,0.9042397335426067,-0.18417921450452523,0.6828716486382539,-0.20792077737228923,0.8604050616787537,-0.13975428619069935,-0.3553671108302095,0.25475897315504037,0.7462185636450908,0.7573750727629524,0.22390677894197572,-0.7814804324988683,0.14475109427614183,-0.49936220291074457,0.48434641644880194,0.7692957814683495,0.05270770529848848,0.2687117357421131,-0.8909528296226806,0.07742824426704739,-0.7826556974518218
adios,0.8447102275368137,0.1334111073774702,0.9440820301878063,0.4320109582063687,0.3461189682858653,-0.5770961852910568,1.0073785990115898,-0.9874984227518473,-0.4925760873303414,-0.12004052129793728,0.49694673716718213,-0.573383827594376,0.663226565452653,0.9198205752866742,-0.7247762556409608,0.18590663953419115,-0.9996504398417829,-0.22691868662815395,-0.9569426921258231,0.9635807014437907,-0.08600532780408815,0.8892639379185395,0.548693636040725,0.703610722496137,-0.6691764067586377,-0.9201150874113447,0.15350507714494654,-0.621049612963944,0.4818509593249332,-0.101398555397144,0.0408578893273746,0.8570675065465406,0.02299729866273359,-0.799571458386447,-0.716550886287731,0.10395471414078561,0.050263363494367344,0.2497247631600737,-0.1344516671685091,0.39443936416299996,-0.14787113391786466,0.2757384277506159,0.5728984204934364,-0.5492314040264216,-0.21083249703694404,-0.02419317397609549,0.39294778616521897,-0.4613284893740678,0.05974586218332107,0.23561514719603655,0.8460219233150654,-0.3654674598862265,0.2125927187854436,-0.6259275484434896,0.013272209009896657,-0.7029908131050316,0.8304266156962283,-0.07866743036311641,0.6638087770504068,-0.11949294346171832,0.7797294714199837,-0.230845408217647,-0.2952073023035022,0.16274081727830672,0.6316074977995036,0.6819865776980045,0.26960529618953966,-0.8769045389326453,0.2412496519746497,-0.5330019176954808,0.465028104341579,0.8040322156806462,-0.07558111869868973,0.13399115394904781,-0.8655477242950271,0.043934081096418665,-0.6917973678953935
adios,0.8537536339839471,0.122727251164344,0.8765576589095524,0.4120267376415079,0.34223876098264344,-0.47269951481568734,0.8855743014039817,-0.9936424743592714,-0.5803770826341197,-0.05043842908757892,0.5788299643963651,-0.5977811963195604,0.7997021181630308,0.9741724764217562,-0.6613369493835487,0.201254152268976,-0.9538460883927341,-0.25147950390880436,-0.9223942495051675,0.9538226668513441,-0.1138380586625106,0.8922424178580193,0.5025858523185863,0.8074811113902267,-0.6867418625056422,-0.8007409640528231,0.21027312533994286,-0.7287281586996859,0.5293741088976706,-0.17038524737599356,0.12258491467269281,0.866022732865088,0.07859480638826871,-0.8717395897927893,-0.708563978810089,0.026755636794862023,0.03006896763502719,0.29881107522729455,-0.2272381172021615,0.34280232272062366,-0.24903062637403525,0.2920940577789451,0.6002977924739495,-0.5913758731631891,-0.2660579154164039,-0.1012065612433384,0.40244250966955897,-0.4989024384129989,0.0605620788787494,0.2220477348846749,0.8627235979345321,-0.3311598331642549,0.2985296048185339,-0.6062092869802032,-0.02228115399855018,-0.602882556491934,0.9183783412244687,-0.15115443251185465,0.6482171567928374,-0.13534414539376485,0.855247318558484,-0.19673492573561968,-0.35291968062243695,0.03339521450950922,0.6519868525698989,0.6650630399027664,0.2256074839522635,-0.8428719253892216,0.1803821343614034,-0.5095453960149449,0.42167807367366555,0.8669649439679152,0.09437763741112075,0.2880323598727972,-0.8356935136724407,0.07867555353451582,-0.6608899675087804
adios,0.9000113362317044,0.05090404939979404,0.9152931441912757,0.45577555069444425,0.357352389525158,-0.5755896582501472,0.8724561448582446,-0.963484606319408,-0.5698904435922676,-0.17702498793437652,0.6196242003323371,-0.5456139349501883,0.7447021256757694,0.980584533437387,-0.6988634995483155,0.15602270467860835,-1.0001398895527591,-0.3025401434358571,-0.8990574563893177,0.9157474916688924,-0.17437776957591805,0.9763887095051934,0.6029576573844744,0.7671706873638398,-0.678036153310062,-0.8501693298751021,0.2328540762649097,-0.6564165142081806,0.5468553742596334,-0.1933016581668081,0.03058962022403514,0.9068558117254553,-0.019840118724409606,-0.737398387610133,-0.7485887756600003,0.12233453670935313,0.016394482428313643,0.29904969560115696,-0.15164196551640335,0.30728127781388054,-0.26618104177856866,0.20299346487108855,0.49837697712855855,-0.7368025245976271,-0.1924745698883188,0.010571497941685189,0.31655825757324185,-0.4198569598043158,0.0744153208782089,0.262390312581939,0.749738804852482,-0.37520583080019854,0.20689211809491026,-0.6395317173053948,0.04050307279491383,-0.617782533516624,0.8437763345880877,-0.23685723845478884,0.7238805115806972,-0.15526340581849704,0.8033642939921259,-0.13372840987874315,-0.2752761576393409,0.2020070529259568,0.6785329733530622,0.6718547954669342,0.2408223799937726,-0.8989295001127003,0.29189605157156395,-0.5076926055740676,0.4121426843949563,0.7277091569256471,-0.03441229937651279,0.21414516605645492,-0.8701839912373747,0.01835335061015303,-0.7594492219869198
adios,0.8656629087227863,0.12392958864865329,0.9426390566241329,0.4107118620528569,0.33105211269116525,-0.5828287888503855,0.9318125154851672,-0.9716531545303404,-0.485684376327264,-0.09081393008714131,0.5345370164122518,-0.6976504259093186,0.7755411150283466,0.9199997286982164,-0.7276613698413653,0.19251206061003082,-0.9669142790171642,-0.2533992549984754,-0.9386145182104072,0.8937546195401941,-0.056879688690747526,0.897820709185219,0.5242138298970321,0.6846894293182485,-0.6662133659872221,-0.8382099292723856,0.2256844508538481,-0.6578477023708316,0.42466666747528536,-0.20430934467400969,0.09251304092907188,0.8178385698792292,0.020104575236042876,-0.753740091331471,-0.6397891142986423,0.08075953485185647,0.02824781960840598,0.2091145911798003,-0.17072711668309948,0.36554920229602406,-0.07794229126655008,0.2671545362723485,0.5322659515980487,-0.6880427105752837,-0.34279130851207273,0.013914081140860412,0.49085111584040675,-0.4291000911943881,0.16530993934080698,0.26214182898109123,0.8089784901263082,-0.39548018904764604,0.3132396750756732,-0.646074224240864,-0.039498138095182926,-0.6512720385100167,0.8189158538069747,-0.17223763691612787,0.6610698078054913,-0.19436127045367751,0.8143513252745412,-0.2647084561056896,-0.34835388234935544,0.08946276106118467,0.6588148322633333,0.7291985656578205,0.11117635339892103,-0.8717971468227863,0.22298143388016653,-0.5797514749270858,0.554080254193876,0.8495229824400099,0.0047415876036762394,0.16776653633115962,-0.8597673800676112,0.007776346434254691,-0.8417335689007464
adios,0.911092921824725,0.0877620600263351,0.9500900811474452,0.3988949565428351,0.459154985668289,-0.6425779917634414,0.8956358028045786,-0.9632076917835797,-0.5521176445149691,-0.19043295780097425,0.5649335831978631,-0.6573059818152954,0.7193322498024102,0.9318085263677377,-0.7153987023592395,0.0895526182984714,-0.9750496470238231,-0.2892169343183877,-0.9200919943135268,0.8877006905110436,-0.13803210917539888,0.8904708448624625,0.5822933844160351,0.6961906320888248,-0.5915343330444353,-0.9424728290165648,0.19015588682917714,-0.622244083742649,0.49059896267126996,-0.2318540585224004,0.015405372186439475,0.8248035399355538,0.07335362642313546,-0.820609420651314,-0.6707970312242286,0.10362037411022336,0.1672278335487154,0.2908830512420725,-0.23756631355697738,0.22660270493536463,-0.21999262992842195,0.24187793497508023,0.4242749578107199,-0.677744887932389,-0.23398083568353759,-0.021551664859439996,0.42176534911798347,-0.5705585249132596,0.1433258668927779,0.29555617520449307,0.838827155904369,-0.35258564236646606,0.29084178583034254,-0.650544901688149,-0.07471889286453363,-0.6558025771062718,0.791517178684485,-0.09031833390935126,0.686029371347371,-0.22406961404871822,0.7731241117951875,-0.2093844366590191,-0.3412712511836494,0.19459645428568628,0.7254264145122582,0.724598221954886,0.17834379164192282,-0.9193444796895531,0.25913309594465267,-0.5314474127270786,0.5429289092012484,0.7991080492400694,0.13073215225736246,0.2374430973887286,-0.9414653567954292,0.049428685272552064,-0.7500831806927228
adios,0.8903705336719372,0.07561145749234244,0.8770217620006632,0.42991805140368544,0.4073282466450886,-0.6180264791995532,1.049561624226579,-0.9843638265267973,-0.5348723185392577,-0.21189390018936927,0.5617629880573634,-0.6176542774401614,0.7651385165627667,0.9596328411020272,-0.7320014563040389,0.2782038026745975,-0.9602465606895307,-0.23956287029265916,-0.9034479575645139,0.9370080332565547,-0.19914953693507648,0.905839324561266,0.5501057982054274,0.7579435964448845,-0.6906782532384176,-0.8803379187286401,0.2846289976837415,-0.6025100280190855,0.3019822760227744,-0.12527418057275497,0.05213504552295283,0.8397340647569334,-0.006966491895466512,-0.831069115639538,-0.7175499828683218,0.03404867422233343,-0.018921822916685344,0.22320148070979176,-0.18083942006616985,0.30211472546722445,-0.17840717161894187,0.24451373513594343,0.4694759676480081,-0.617330133743058,-0.299082926768661,0.03739683375331545,0.31503815968484356,-0.5270145339974099,0.09141214385672132,0.28358192818104283,0.7998021947186619,-0.2732927570262009,0.3693975852902386,-0.7089563538233306,-0.056330652900416125,-0.689168614759536,0.7482334627834117,-0.17233183296184612,0.6947646623865278,-0.19602976056906243,0.7926850288874184,-0.27647730677220206,-0.3774772725757719,0.12119260476611804,0.7230073193155823,0.6382828036102328,0.16862579685061202,-0.776335876455735,0.17227905035718663,-0.6148706535397297,0.5291456860473451,0.8260474317603942,0.07293780058022975,0.11993783838314308,-0.7942415889420246,0.04148565503005278,-0.7670983798701362
adios,0.8989208197277532,0.14181135744920503,0.9363788023045039,0.4537190389781106,0.39925270033876004,-0.5725731090238932,0.9052097063651737,-0.896932460225432,-0.5672049566583736,-0.1098042364893742,0.5775986731928688,-0.5469120364918726,0.7953909728174084,0.9599319243797867,-0.6457958018943649,0.2829115733883439,-0.9852866430110027,-0.280179108466,-0.9309032897719719,0.8480736354977485,-0.10911586569066857,0.9511774239701574,0.566559897266745,0.6515305946907148,-0.6025866152552198,-0.9389177740520749,0.12418770385938653,-0.6729725519379283,0.4793495973049147,-0.16199990475805284,0.05251066923351701,0.9631453561586268,0.04665066194407609,-0.7318798291378918,-0.6442054574256663,0.02576161679619912,0.04032163577267071,0.3813865139160383,-0.2222266555164671,0.26587919182085007,-0.19767121512268357,0.22440623063344356,0.49512470520513574,-0.6662163496326177,-0.17724797925648395,-0.0017648159200098741,0.306930408194956,-0.568228029581642,0.21982197248784055,0.2386949696564903,0.812731257160563,-0.3128616844507276,0.2911634445010441,-0.5441407131819966,-0.03702492995257631,-0.6121798518601572,0.7664787644850061,-0.035212551399205136,0.6738030007089213,-0.18708708286088946,0.7944414713224257,-0.2158514741039047,-0.3605962520239292,0.02190278342801423,0.6859890115833888,0.7150346894758584,0.2158093109996928,-0.8568339652812558,0.1559813989312987,-0.5094813300564446,0.3845684912754114,0.7964737440102068,-0.06362302114979584,0.2631679531619526,-0.8356508774513466,0.033840165464412014,-0.7085695319922228
adios,0.9396353892400474,0.044013986797201664,0.8442249120683142,0.44545377152005194,0.3557435568377899,-0.5130725303544432,0.953250596246576,-1.022518624415686,-0.40414333857858853,-0.10159461056095816,0.3760115178322996,-0.6289494392390371,0.6567820215978233,0.9268114574646101,-0.6795521371365294,0.21237031329509573,-0.9689595175592114,-0.17296378088450112,-0.8798499652615676,0.9420432818847471,-0.11763209008374098,0.9622945561994206,0.5567981447105761,0.7180634337266374,-0.7489478246567303,-0.7972946237832842,0.19763915496658085,-0.5173753472546287,0.4464837004330169,-0.17868337322513378,0.08314289451626136,0.8200481692524483,0.061319630583877384,-0.7818801626226793,-0.698737595114243,0.14903550134357593,0.0036207242414139917,0.2889655939060984,-0.12427589825020192,0.2642791302408697,-0.22104429333114964,0.36509745527003756,0.5585294874380505,-0.6673620537498692,-0.20871722482099134,-0.023338558925682547,0.29508836362468804,-0.4240225054139752,0.054328762678566345,0.37244731937805997,0.7665357133391818,-0.16762958905565437,0.20668059261147043,-0.5658325164487606,0.02057454288384394,-0.5932218795798287,0.8851672136133385,-0.16124311443160333,0.5949340120965426,-0.16899327716023574,0.8204866903659906,-0.21394179643596317,-0.32377329530976146,0.16075881710423426,0.6453859758610333,0.7417771875906672,0.17801563295193665,-0.8656758229693481,0.23390197154954948,-0.547942143418473,0.4423535176846992,0.7929051271428104,0.09818352285900214,0.21676622460662767,-0.843449958610652,0.06526733248578787,-0.7455509138779417
adios,0.9316158163513737,0.10912981015229589,0.9305703412773557,0.4966319816225398,0.37679933726943454,-0.6531830655995157,1.0896887397709845,-1.0039079241380078,-0.4283767858785447,-0.06017739309312049,0.606026559200024,-0.614531211779364,0.7403207121921617,0.9030758438853792,-0.5728081284996888,0.15207758795658494,-0.9947228528019338,-0.2219081103607287,-0.9170518718788488,0.8804622713138022,-0.05798975363767028,0.9454685777375396,0.5887143320864066,0.7126009443635594,-0.6004553634158801,-0.8733262576126642,0.2800050347724294,-0.658494586789021,0.5282494113697755,-0.18880329600514972,0.05939430593788791,0.9364142209748173,0.15308850248013822,-0.7055948933502946,-0.6396964546615086,0.11986947505430544,0.023460725623965478,0.28998197530725894,-0.2426615720192908,0.3183993247229233,-0.18419746116185598,0.14978997002303657,0.536746864639833,-0.621308434963283,-0.2530339556818664,0.022968560596697284,0.3062480476648759,-0.5314339179552466,0.1612286340433137,0.24989027141048425,0.8079962811780376,-0.30161888116917607,0.2760888472013161,-0.7322078047688332,0.03788882615564976,-0.5447125489099628,0.7835152008187933,-0.18337246669302315,0.6824201991085667,-0.09275342611793755,0.8092303116175866,-0.25181546641881314,-0.3480818556496482,0.0927809365299076,0.6574449835447878,0.7068265685484781,0.14491000472458757,-0.8695720641679078,0.198259914649462,-0.4983407922269343,0.3939878804888872,0.8091216707589445,0.010371248669720307,0.24314009689804322,-0.8308394991999923,0.05292240023786024,-0.710919047957238
adios,0.8922118760424118,0.16065260149320915,0.9054119098869454,0.447269467780005,0.38607719196232765,-0.6186657345511273,0.9975946976417489,-1.0182460800341597,-0.5790388834820274,-0.2745176033495099,0.5150136088661064,-0.5358344298345452,0.7888733945736275,0.9308714342332489,-0.6910382629256715,0.1714222340879173,-1.0486994119373685,-0.2742990282939084,-0.8626224081669616,0.9385003289974418,-0.11405226331391025,0.8311972829800827,0.5776471325718208,0.6173863486889958,-0.611529022445077,-0.8371740809369289,0.13422382015054707,-0.5832343546886903,0.3769521020627107,-0.15659697058349042,0.08357623528477377,0.8131596459342599,0.041499710349410156,-0.8654546263331818,-0.8258719014467418,0.03701149205984267,0.017976913023846935,0.3074332972925269,-0.19363870856641321,0.3042874910079919,-0.25692107536071396,0.2213316618943768,0.48831360368678967,-0.7033008802692288,-0.2785334341742781,0.008791737908685437,0.3447022338614814,-0.5088158361484824,0.14422746643068657,0.22482396719366024,0.7243040005628976,-0.24612014705368518,0.2884066284628875,-0.6006742208534576,0.02688016211139692,-0.612277114492189,0.8382025129030907,-0.01678322417494009,0.5961277668815947,-0.19576825456770278,0.8577018957206423,-0.1832202507734092,-0.2997548421171926,0.1527653620223408,0.7595901257462256,0.6716530807244816,0.2584992286070044,-0.7721269532989662,0.13401875892683082,-0.4775593123394121,0.4630349005681061,0.7589734836775244,-0.06496301765959578,0.15658633716454695,-0.8344587682251559,0.12084152274864052,-0.7521619566879332
adios,0.9749089351845176,0.14172750224615152,0.9531007178610861,0.3935153061562191,0.41751035483532384,-0.543471773456304,0.986246129069999,-0.9442693260907082,-0.5621435038291731,-0.15591339745939553,0.4638347763031139,-0.5672800488817265,0.7153708987994237,0.9883420578854962,-0.7460994546001105,0.26471693035037097,-1.0417447628958538,-0.18812926949361827,-0.9057823755923737,0.9038337965521629,-0.1412147115710134,0.8660514630973191,0.6373717807151603,0.7332092388810091,-0.7171302335257647,-0.869300836075528,0.2079023941156855,-0.6191653684909261,0.4365293489952794,-0.21000110748619794,0.05698925319321094,0.9188144088992503,-0.02504548188988548,-0.7583455026759514,-0.7067563121368339,0.07418367431900127,0.14888694739343422,0.26539702702441104,-0.15927442530402522,0.33555590989885203,-0.26520118990146,0.15556251083530093,0.5758590388010932,-0.6962294895401643,-0.3320576105534666,0.05637422939607864,0.32236282314391196,-0.5312665764614534,0.20820038363958182,0.16687492005911686,0.7281880300419459,-0.2972777302574432,0.2631013040457522,-0.6617944598679559,-0.06234452563153439,-0.5596094746359898,0.8499153844847612,-0.10709742010708534,0.6535149453687658,-0.15197464320031803,0.8559802605422134,-0.24016451610545467,-0.32440919399185547,0.1790796562158918,0.7681271655074396,0.819423172496232,0.194869223985757,-0.7737448304748228,0.061024817969772466,-0.43147843736496005,0.4288927140938954,0.7772477121840831,0.05152316604464126,0.1994549023546371,-0.8600417062559785,0.15953410769691984,-0.7608374349264232
adios,0.8797134872023257,0.18513769121637222,0.9717069307800026,0.5257439361144025,0.43863914472348686,-0.6340007284399191,0.9848181431403276,-1.036736892884948,-0.49366368511112874,-0.1342026553714963,0.4778826533558521,-0.6452703752775831,0.8362458362063995,0.9787202245926837,-0.6810953239237502,0.2853123988627647,-1.0018395701683485,-0.23142845281119723,-0.8621397413308584,0.8932691454976543,-0.16503274320802977,0.7852667927950897,0.5257870562009839,0.6852772098639163,-0.6457408222346732,-0.8806257392601747,0.3093863932983984,-0.7169370790749326,0.53679266936401,-0.1721246319395931,0.09615634862146014,0.9124441476386774,-0.06751953162570484,-0.7841908681743665,-0.6966645924920928,0.03375639867186224,0.0717894619977402,0.3610475040458609,-0.33065929501365754,0.27288673424659854,-0.26848830240221583,0.2514211184083308,0.518528870022748,-0.6723360405555973,-0.2143731214084623,0.08687518370672369,0.5064000924205834,-0.5296221551006631,0.018437948294213594,0.2778215098321124,0.8715265688784523,-0.23360832478171073,0.3554314980139889,-0.6283815292921793,-0.03489049275404499,-0.6293373954875208,0.820238418911181,-0.10320115625052753,0.7088645930968671,-0.11404320741468055,0.8348648110269534,-0.17805844904442295,-0.2979296593552121,0.04612794516286117,0.7014158358049237,0.7246525263646665,0.20203025393524668,-0.8350579552718911,0.21612598931143062,-0.5378227289104965,0.521663068652617,0.8129850735041513,0.03700223472048324,0.1722511921886068,-0.82909853097399,0.09048244421033723,-0.7794006023359705
adios,0.9312266009066914,0.12591862931350664,0.9729473968707599,0.4539824357391371,0.4000842187815955,-0.5165300321741524,1.014438734743064,-0.9506733588070433,-0.5234078389758975,-0.1833200210556343,0.5315688552389253,-0.5069470134006576,0.7400712668898122,1.0731234457269447,-0.6783254343699744,0.18172720434107234,-0.9857306314970937,-0.2314661387154064,-0.9503624297303871,0.8558635220201379,-0.10263987488136156,0.9506996494429938,0.694861036903442,0.7108929518288458,-0.6713019313513074,-0.8886642906963368,0.25777181422421697,-0.6233062598233791,0.42291360592741345,-0.2282221840446177,0.10344338476563555,0.8943029754623043,0.08131168054047319,-0.8277516581424843,-0.7774394288259114,0.04665705257241711,0.08319649663750812,0.3807733871837319,-0.21848231229583462,0.4134030121325279,-0.16470900582195028,0.17818061201100482,0.5455116260707993,-0.5988534659971453,-0.37012260775254957,0.037288676549537846,0.43197021882384723,-0.47269729647067654,0.1063956653510459,0.24121535897812507,0.7794362157277009,-0.3330918133221026,0.24073795444222493,-0.6379368980446812,0.0012629465458985452,-0.6629499287404397,0.7933096161546289,-0.09836731436125247,0.6789069027940853,-0.1934088674827532,0.8346491010611132,-0.21300746006248467,-0.33449774234334856,0.19302974328164058,0.6607002435299134,0.6634080431144568,0.18411950498560184,-0.8988500287684525,0.18066078917080106,-0.5231244567994686,0.3420026909846574,0.8158343428207031,0.020333453492224172,0.26622184335900956,-0.8590877762446811,0.1169298878013901,-0.6821244949987725
adios,0.927473823888816,0.09442333890824957,0.866691558760257,0.4916088746104414,0.3881727792084639,-0.6181075363566463,0.9895350338768549,-1.0965285491890329,-0.5154989863767709,-0.08500138313051636,0.5368797509892097,-0.6405259483469229,0.705178731342797,0.8663048911271969,-0.6365415956014508,0.18852358576687278,-0.9956440351646282,-0.2402908655331933,-0.9109758942137717,0.9459778039620752,-0.13030988330036714,0.829872786154135,0.6013877779473252,0.7575070817136083,-0.6433928070972806,-0.79634076062572,0.20300437657618653,-0.6084868281137296,0.5371208860950596,-0.15399663541974642,0.01842096574194381,0.868603881976762,0.10533504659283469,-0.858494627529014,-0.7031508690393315,0.0732570615840884,0.005547630119260093,0.3188644357479266,-0.17816835926741537,0.26405730020866,-0.1759243481847427,0.23991141536303526,0.49030020551913056,-0.6776981004298817,-0.22704590908611824,0.05201661257996068,0.34899574818495227,-0.46541863599378314,0.1885694337639912,0.18691816030968278,0.8087858257542233,-0.23276003856897673,0.27035665520753177,-0.555193035219291,0.10553008114767565,-0.6179414234382712,0.8250865916656255,-0.08750671693444691,0.7024796472155876,-0.2923889383891841,0.8091983996821782,-0.21007953871514362,-0.3178157092420587,0.13459462653080773,0.6866284935746765,0.6788679855330899,0.22810269505789332,-0.7479246668857429,0.15214961717759806,-0.5789453339911445,0.46618705817130873,0.7878698015817144,0.0880145811323082,0.14566727310148617,-0.8967621339855902,-0.02723570267772997,-0.6728772508485336
adios,0.9465869094435215,0.07129285265240483,0.8792551460002098,0.36810818443986676,0.4161709941841112,-0.6231922611192827,0.957749180709912,-0.8853922465340687,-0.5114146563803531,-0.17848915738982737,0.5778662038601431,-0.6659194378385802,0.8119856977149147,1.0369823377770422,-0.6805240981382847,0.14980322879450741,-1.003316298303658,-0.24164071531701264,-0.8925015275516476,0.9652875518935277,-0.1795323377783342,0.9485000918302627,0.6034962525106868,0.7071891226230665,-0.7080047517919542,-0.8442911901091575,0.14850601857043438,-0.6128715901050621,0.4105661964145295,-0.15572697003781336,0.05178682859508657,0.8471119236831239,0.03825066957395146,-0.7296140757438285,-0.7431660560800906,0.06979747564683478,0.01122098190258737,0.27328963157455155,-0.23124315744508694,0.21120615591935388,-0.2589568715431528,0.32971997802335173,0.5471463447445614,-0.6314340772273345,-0.26297908232534717,0.0024848474484102743,0.3518435636911226,-0.46629427612518043,0.11452216859808571,0.19129827762026466,0.8036885572675018,-0.39722991929732465,0.29580710602136256,-0.6875750386038993,-0.009214525073892366,-0.6948405710173958,0.8369072382561803,-0.10744193135373363,0.7355175584591715,-0.24351527339384876,0.8581088252702906,-0.18379193010931436,-0.36018435145898575,0.18227036579847022,0.6790910556339662,0.7579051493261779,0.14176274848026918,-0.8623266295739941,0.24171321727807982,-0.4348225566552747,0.46343530222229307,0.6499381383656886,0.019515477695867454,0.20874832661153428,-0.8815030440690439,0.09696638736888924,-0.7654719290389908
hola,0.0,0.0,0.0,-0.2918278,-0.09452317,-0.118870854,-0.5619162,-0.29911658,-0.18772082,-0.7701187,-0.46898207,-0.24767578,-0.94170105,-0.59268713,-0.30905026,-0.38619986,-0.88564414,-0.10753151,-0.49667266,-1.2160379,-0.19140704,-0.56064045,-1.4228064,-0.26434848,-0.6122552,-1.6149676,-0.3245356,-0.20596246,-0.9699879,-0.12923943,-0.24746089,-1.3870908,-0.20373872,-0.28714976,-1.6580182,-0.27801567,-0.3267008,-1.8977733,-0.33734727,-0.03195189,-0.93732893,-0.16862345,-0.011313733,-1.3340988,-0.26860628,-0.013353334,-1.5937743,-0.34750423,-0.025474524,-1.8332951,-0.40406308,0.12941362,-0.81294495,-0.2168005,0.22275588,-1.073761,-0.32193452,0.2737182,-1.2669213,-0.3771077,0.30974835,-1.4597208,-0.41457424,175.10695,175.20737,174.62325,175.42508,169.87926,1.1548121,1.7573559,1.9550141,1.8774682,1.5487417,1.0741656,0.40210015,0.31519154,0.5020384
hola,0.0,0.0,0.0,-0.31430015,-0.029160276,-0.109400205,-0.6085285,-0.16487913,-0.18790081,-0.83646756,-0.2485307,-0.2616007,-1.0342497,-0.3222037,-0.34062934,-0.5449711,-0.78924817,-0.12832092,-0.7286173,-1.0931895,-0.23606418,-0.84946984,-1.270983,-0.32744983,-0.95970094,-1.4449239,-0.40072128,-0.3795343,-0.9099881,-0.166959,-0.5271877,-1.3079401,-0.26599732,-0.63175577,-1.5663453,-0.36136633,-0.7339459,-1.8014553,-0.43652612,-0.19964759,-0.9154117,-0.22135594,-0.28131193,-1.3140814,-0.33641672,-0.34723967,-1.570945,-0.42506132,-0.4280978,-1.8145393,-0.490681,-0.01292577,-0.83782625,-0.28333318,0.0013710666,-1.1361223,-0.39758363,-0.007633488,-1.3434969,-0.45679346,-0.035455313,-1.5499514,-0.49983054,176.34756,175.06726,174.91272,175.36623,169.69112,1.1355686,1.7802832,1.9936079,1.9278455,1.6289375,1.126796,0.42351142,0.310881,0.47355944
hola,0.0,0.0,0.0,-0.29870966,-0.08514787,-0.09504853,-0.5809919,-0.28260994,-0.153648,-0.7900682,-0.42606595,-0.20828058,-0.96862704,-0.52003366,-0.26694852,-0.4445485,-0.8638904,-0.09235977,-0.58761597,-1.1884433,-0.17404954,-0.67030025,-1.3960742,-0.2448461,-0.73550016,-1.5859367,-0.30288696,-0.26891097,-0.9546692,-0.12764665,-0.3614549,-1.3822156,-0.19964321,-0.42743218,-1.6585457,-0.2729104,-0.486939,-1.8917416,-0.33096543,-0.08949802,-0.9314666,-0.17848755,-0.11771326,-1.347242,-0.27361014,-0.14982854,-1.6150126,-0.3511157,-0.18908857,-1.8573116,-0.40814045,0.08493804,-0.818786,-0.23603,0.15136375,-1.101712,-0.33445728,0.18501805,-1.3071284,-0.38536936,0.20324187,-1.506989,-0.42154434,172.34526,174.8915,175.03539,175.6522,171.21861,1.131342,1.7742311,1.9812456,1.9110049,1.5779806,1.0916909,0.39507943,0.3096067,0.5261452
hola,0.0,0.0,0.0,-0.2874726,-0.13760749,-0.1114938,-0.5312921,-0.3954698,-0.17735733,-0.7124722,-0.60936433,-0.23700169,-0.876947,-0.75540626,-0.30083358,-0.30891857,-0.93654037,-0.118826285,-0.38886896,-1.2999685,-0.20758222,-0.43511382,-1.5313674,-0.2811483,-0.46505243,-1.740096,-0.34128475,-0.11685675,-0.98214793,-0.14741063,-0.12589462,-1.4213102,-0.22884938,-0.1406206,-1.7118487,-0.30629507,-0.15302953,-1.9641179,-0.3682598,0.057665825,-0.9116049,-0.192007,0.1257037,-1.3149753,-0.30394107,0.15565786,-1.5848215,-0.39111337,0.17364603,-1.8323373,-0.4534151,0.21371509,-0.75026166,-0.243403,0.3650297,-1.001948,-0.36466303,0.4648466,-1.1813627,-0.4275922,0.5450452,-1.3591561,-0.46939984,171.08115,175.90216,175.78339,175.81241,171.24715,1.1958995,1.8332165,2.0041938,1.8955733,1.5377634,1.0681325,0.38506073,0.362401,0.6017418
hola,0.0,0.0,0.0,-0.2895648,-0.12591968,-0.10697568,-0.5420941,-0.37449837,-0.1677469,-0.7304062,-0.57852536,-0.22250962,-0.8928206,-0.7212544,-0.2818004,-0.32553872,-0.92752016,-0.11545274,-0.40970567,-1.2855781,-0.20012307,-0.45803246,-1.5117443,-0.2711232,-0.49056324,-1.7190826,-0.32997292,-0.13627355,-0.98014057,-0.1440623,-0.1474682,-1.4116738,-0.22183363,-0.16730164,-1.7009114,-0.2991377,-0.18437494,-1.9531211,-0.3616248,0.038090706,-0.9185129,-0.18801159,0.10311793,-1.3169527,-0.2953087,0.12691762,-1.582964,-0.38426784,0.14124234,-1.8290904,-0.44854018,0.19166382,-0.7664823,-0.23852083,0.33824298,-1.013282,-0.35698548,0.4300837,-1.1994635,-0.4232414,0.50561076,-1.38609,-0.46808207,172.83302,175.69972,175.15622,174.87576,170.50171,1.1818409,1.8179052,1.9948555,1.8885734,1.5478982,1.0769367,0.38668737,0.3591163,0.5739299
hola,0.0,0.0,0.0,-0.2970586,-0.09090431,-0.10997499,-0.570574,-0.28627244,-0.1782297,-0.7821357,-0.4389037,-0.24002087,-0.96316755,-0.5436138,-0.30602467,-0.41438732,-0.8776851,-0.11546086,-0.5448578,-1.209548,-0.20395549,-0.6236973,-1.4224751,-0.27782,-0.6839499,-1.6213634,-0.33924362,-0.23326695,-0.96139216,-0.14598487,-0.30162153,-1.3837179,-0.22902626,-0.35474762,-1.6643571,-0.30888987,-0.4016046,-1.9125288,-0.3721091,-0.054060776,-0.9260181,-0.19255914,-0.04404203,-1.334386,-0.30216685,-0.0513904,-1.6055198,-0.39014435,-0.06781793,-1.859099,-0.4532895,0.11747647,-0.79942936,-0.2460428,0.21825114,-1.0700291,-0.3615705,0.2732322,-1.2734693,-0.42509156,0.31191117,-1.4791244,-0.46893662,173.04254,175.69942,175.82713,176.01083,169.6688,1.1475446,1.7921196,1.989351,1.9147636,1.582719,1.1138269,0.40691066,0.34764713,0.53741944
hola,0.0,0.0,0.0,-0.3021293,-0.073475026,-0.11129189,-0.581752,-0.23723504,-0.18584971,-0.8032564,-0.34720007,-0.2541582,-0.9918485,-0.43708566,-0.3259636,-0.46988073,-0.84270525,-0.116796665,-0.6286652,-1.1565211,-0.21407169,-0.7309898,-1.3471617,-0.29561305,-0.8196994,-1.5272107,-0.36065534,-0.29742682,-0.9428431,-0.15028039,-0.4108754,-1.3503604,-0.23764141,-0.49545398,-1.6158091,-0.32188782,-0.5746707,-1.8534421,-0.38688785,-0.114415616,-0.9233223,-0.20029715,-0.15216401,-1.3343409,-0.3125432,-0.1896541,-1.5978088,-0.3996768,-0.23804942,-1.8470395,-0.460855,0.06808475,-0.81245387,-0.25732914,0.1297392,-1.0982492,-0.37371978,0.1576053,-1.3045479,-0.43350363,0.1690015,-1.5121243,-0.47331047,176.36565,176.07285,175.25926,175.83325,169.55077,1.131839,1.7704102,1.9786804,1.9184916,1.5934567,1.1041791,0.40884486,0.34471145,0.52727014
hola,0.0,0.0,0.0,-0.29198977,-0.10189637,-0.105692714,-0.5601342,-0.30694038,-0.17165108,-0.76544183,-0.46405172,-0.23164038,-0.9422275,-0.57315165,-0.29594713,-0.40190357,-0.88290244,-0.11338503,-0.52967906,-1.2133914,-0.20377068,-0.6104501,-1.4176655,-0.28017232,-0.6779761,-1.6117067,-0.34280288,-0.22231703,-0.9640536,-0.14551917,-0.28728622,-1.388489,-0.22810496,-0.34252855,-1.6671493,-0.3086855,-0.39654654,-1.9139374,-0.37231603,-0.04327189,-0.92737687,-0.19319022,-0.037437227,-1.3366139,-0.30051553,-0.049221832,-1.6035974,-0.38614565,-0.07172583,-1.8515222,-0.44730744,0.12675309,-0.8000396,-0.24762374,0.21881644,-1.0774504,-0.3596622,0.26882252,-1.2816098,-0.41957292,0.30221373,-1.4847199,-0.4606263,173.083,176.13489,174.89677,175.38266,170.22707,1.1418757,1.7817867,1.9897299,1.9061383,1.583636,1.07267,0.41402534,0.33915755,0.5239772
hola,0.0,0.0,0.0,-0.29132855,-0.117101766,-0.10628778,-0.55632377,-0.34345797,-0.16700907,-0.7552936,-0.5248097,-0.22096518,-0.9240786,-0.64500266,-0.27826786,-0.36429206,-0.8996169,-0.10578146,-0.47345358,-1.2442837,-0.18819225,-0.5373469,-1.4614033,-0.2581768,-0.5846382,-1.6622233,-0.31621593,-0.17878327,-0.9747945,-0.13346246,-0.22427674,-1.3991092,-0.20816784,-0.2635727,-1.6798671,-0.28316978,-0.29643944,-1.9248633,-0.3436438,-0.0014350973,-0.93420476,-0.17696662,0.03145933,-1.3314302,-0.2785289,0.03845134,-1.5957863,-0.3617708,0.03781578,-1.8384433,-0.42218038,0.16113853,-0.80260336,-0.22757182,0.27546194,-1.060919,-0.33669358,0.34398115,-1.2552644,-0.39608938,0.3967866,-1.4502735,-0.43697634,172.12881,175.52579,175.30618,175.83421,170.38062,1.1607682,1.7901901,1.9776416,1.8866743,1.5657845,1.073032,0.39088437,0.35406634,0.5289185
hola,0.0,0.0,0.0,-0.29468796,-0.10118009,-0.12674288,-0.57068557,-0.31958294,-0.20220315,-0.8106011,-0.45295575,-0.27178943,-1.0221595,-0.5091817,-0.35018933,-0.34719467,-0.9120297,-0.15586302,-0.44775993,-1.3059345,-0.24701701,-0.4934217,-1.556624,-0.3164189,-0.51951826,-1.7825556,-0.37442067,-0.12830396,-0.9737036,-0.18825334,-0.144978,-1.4536593,-0.26866516,-0.16010182,-1.767582,-0.34957495,-0.16459201,-2.0355816,-0.41718474,0.067630745,-0.9036859,-0.23615634,0.15449981,-1.3165051,-0.36743468,0.19065371,-1.6078266,-0.4797446,0.22353552,-1.8777988,-0.5606241,0.2407767,-0.7257649,-0.2901653,0.4633886,-0.9223373,-0.44201812,0.6106366,-1.0644063,-0.5255031,0.73606706,-1.2089443,-0.5811278,165.37466,173.9995,175.1953,175.10861,171.03828,1.1944491,1.8940946,2.0844007,1.9724087,1.5300492,1.3692029,0.43797666,0.44284675,0.84289694
hola,0.0,0.0,0.0,-0.29674727,-0.093653075,-0.12719949,-0.5565913,-0.3445726,-0.20344065,-0.74498546,-0.5667113,-0.2688625,-0.92934334,-0.70717156,-0.3393538,-0.38486227,-0.8987149,-0.15910044,-0.49971503,-1.2729117,-0.2648891,-0.5585967,-1.5074366,-0.3453529,-0.5989965,-1.725453,-0.40885156,-0.19020915,-0.96379066,-0.18689048,-0.24267824,-1.4297353,-0.28571856,-0.2840714,-1.734144,-0.37236345,-0.3234796,-1.9997017,-0.43871838,-0.0038554352,-0.9068073,-0.23003916,0.016488438,-1.3454543,-0.35270828,0.008673967,-1.6324865,-0.44327372,-0.010697885,-1.8962758,-0.5065243,0.17129762,-0.76180995,-0.280257,0.27007133,-1.0586791,-0.40667912,0.32251322,-1.271961,-0.47119465,0.35393476,-1.4841821,-0.51438665,167.28574,175.01566,176.61647,174.7209,169.39925,1.2161133,1.8716689,2.07266,1.9627897,1.610174,1.0727797,0.38988963,0.33634353,0.550309
hola,0.0,0.0,0.0,-0.30239224,-0.025324693,-0.13777503,-0.6047023,-0.1510006,-0.22974615,-0.8534737,-0.2055838,-0.31406724,-1.0767362,-0.19793259,-0.41146603,-0.47286785,-0.8224322,-0.19790256,-0.63676786,-1.1895461,-0.3085737,-0.722417,-1.4305266,-0.39202163,-0.7837915,-1.6497115,-0.45991158,-0.25791076,-0.93699974,-0.2356132,-0.33966833,-1.4204789,-0.33117804,-0.39334825,-1.7372533,-0.42301217,-0.4335574,-2.0132318,-0.49925366,-0.051515676,-0.9020436,-0.2882716,-0.015834525,-1.3542756,-0.43444273,-0.004632546,-1.6531088,-0.55677986,-0.002602526,-1.9389517,-0.6461701,0.14169009,-0.74449337,-0.346857,0.33315572,-0.97015893,-0.5180531,0.46570924,-1.1283898,-0.608624,0.5706985,-1.293772,-0.6687479,165.631,173.59692,175.3465,176.3365,169.85258,1.169548,1.8834531,2.1190395,2.0437896,1.5642143,1.4818319,0.50631875,0.46132857,0.8633891
hola,0.0,0.0,0.0,-0.3017003,-0.062296905,-0.13715887,-0.5784256,-0.27716953,-0.21988572,-0.78989947,-0.46684998,-0.28970551,-0.9842871,-0.57870907,-0.3652119,-0.43755722,-0.85749567,-0.17999195,-0.57233685,-1.2160784,-0.29054335,-0.64391357,-1.4484577,-0.37181845,-0.69446576,-1.6641823,-0.43607444,-0.24196847,-0.94846195,-0.20462437,-0.30094317,-1.4129525,-0.3074826,-0.34954542,-1.7210598,-0.39438155,-0.3925545,-1.9912537,-0.4612021,-0.05181104,-0.90555686,-0.24471238,-0.03128754,-1.3453281,-0.3758988,-0.038660374,-1.6354856,-0.47199434,-0.054048188,-1.9027758,-0.5387609,0.1263825,-0.7635258,-0.29188082,0.24005815,-1.0495192,-0.4318655,0.30699387,-1.2566115,-0.5032989,0.35231835,-1.4629245,-0.5496731,167.54762,174.71089,177.11368,175.18408,169.06683,1.198793,1.8552483,2.0813212,1.9783175,1.6020039,1.125731,0.44582224,0.35837162,0.59893405
hola,0.0,0.0,0.0,-0.3131855,-0.02773992,-0.15324222,-0.61728346,-0.15961222,-0.24874254,-0.86446065,-0.254262,-0.33278325,-1.0945863,-0.2917406,-0.42555484,-0.47484466,-0.81238854,-0.21386601,-0.6567598,-1.1948004,-0.32707992,-0.7505868,-1.4311806,-0.40622288,-0.8198261,-1.6531527,-0.47008267,-0.24696802,-0.93769264,-0.24441624,-0.32489085,-1.4355632,-0.34275302,-0.37206173,-1.7478849,-0.433551,-0.40436703,-2.0277054,-0.507871,-0.03312545,-0.9033351,-0.2904844,0.058039814,-1.3482782,-0.44640154,0.12198077,-1.6387897,-0.56901336,0.16714649,-1.9188949,-0.6544033,0.16375244,-0.7419,-0.34251052,0.3791481,-0.951007,-0.52064896,0.52642065,-1.0966921,-0.6097467,0.6430887,-1.2526962,-0.66633797,168.2526,174.18704,175.42767,178.9642,168.49211,1.2100945,1.9042076,2.1290927,2.0342908,1.5578245,1.389575,0.56064606,0.5999493,0.818831
hola,0.0,0.0,0.0,-0.29329062,-0.102969475,-0.1449677,-0.55784595,-0.3317288,-0.2330423,-0.77449715,-0.48988762,-0.31147635,-0.98050064,-0.56299186,-0.4010323,-0.27603117,-0.9290267,-0.19407067,-0.35939136,-1.3453748,-0.29100618,-0.38930258,-1.6092387,-0.36632293,-0.40087217,-1.8432854,-0.4296751,-0.042811323,-0.97405475,-0.22222638,-0.029725978,-1.465994,-0.30189028,-0.020438774,-1.7839327,-0.38425162,-0.0020183008,-2.0520613,-0.45753527,0.15176103,-0.87935907,-0.26569256,0.29010913,-1.300737,-0.39310682,0.36610514,-1.583295,-0.5047514,0.42956153,-1.8464915,-0.5907333,0.3081083,-0.67470396,-0.3171137,0.54023457,-0.8435508,-0.4683401,0.6986875,-0.9696949,-0.55084795,0.83619034,-1.1050048,-0.6090695,163.25148,173.11055,174.22125,175.06876,170.44295,1.1996534,1.9346888,2.1024504,1.9857037,1.5136762,1.4056818,0.45105204,0.49624774,0.8458639
hola,0.0,0.0,0.0,-0.3202766,-0.032163892,-0.15914793,-0.6216094,-0.1910634,-0.2606463,-0.86230874,-0.29519764,-0.35062128,-1.0910602,-0.3299092,-0.4531015,-0.4447628,-0.83853215,-0.23335516,-0.59260863,-1.2363652,-0.35217825,-0.66792625,-1.4975866,-0.43852645,-0.7187445,-1.7419947,-0.5090875,-0.20984851,-0.9407115,-0.26650602,-0.27128989,-1.4503708,-0.3686883,-0.30618238,-1.7889596,-0.46205768,-0.32588676,-2.0885098,-0.5420291,0.0057677147,-0.8877403,-0.3152188,0.07377668,-1.350713,-0.47085613,0.10712706,-1.6676675,-0.59358877,0.12936589,-1.9715502,-0.68395185,0.20455165,-0.71454114,-0.3714366,0.4139462,-0.9587451,-0.5512576,0.56057036,-1.1282344,-0.6430648,0.677473,-1.3022851,-0.705328,165.39816,173.77354,175.6602,176.89291,169.97324,1.2266023,1.9520015,2.182171,2.090822,1.6286201,1.4614167,0.52487624,0.4909955,0.86532897
hola,0.0,0.0,0.0,-0.30996794,-0.08778211,-0.1310761,-0.59568405,-0.2930914,-0.21014182,-0.81066203,-0.44624814,-0.27988005,-1.0023814,-0.53510845,-0.3582783,-0.41284183,-0.8821745,-0.18825595,-0.5218119,-1.2780638,-0.30169377,-0.57458085,-1.5371639,-0.38042593,-0.6094406,-1.7776407,-0.44484857,-0.2127782,-0.95138097,-0.22270998,-0.23196323,-1.4337736,-0.3285763,-0.2359835,-1.7532871,-0.4170503,-0.22891493,-2.037331,-0.48579666,-0.03138396,-0.8713741,-0.2721629,0.061966576,-1.2985333,-0.4182762,0.11520972,-1.590763,-0.52889276,0.16168885,-1.8747927,-0.60593677,0.13288522,-0.6821895,-0.32720488,0.32273737,-0.8720441,-0.4910876,0.44391698,-1.0272497,-0.5764225,0.54346055,-1.2009636,-0.63159263,168.47415,174.75005,176.65178,177.51793,164.46652,1.1914164,1.9311433,2.1069217,1.9769042,1.4617019,1.3060564,0.46251026,0.43979964,0.7748893
hola,0.0,0.0,0.0,-0.27231094,-0.13473535,-0.10943038,-0.515058,-0.39721102,-0.17418581,-0.7029338,-0.60172975,-0.23168793,-0.871665,-0.74262434,-0.2933988,-0.31538454,-0.9315457,-0.11903119,-0.41009948,-1.2891444,-0.20933597,-0.46465555,-1.5111848,-0.2833585,-0.50051516,-1.7201903,-0.34448782,-0.125635,-0.9808275,-0.1489738,-0.14305574,-1.4178053,-0.23343122,-0.16300209,-1.7108905,-0.3157025,-0.17992546,-1.9749143,-0.38036436,0.04518491,-0.90721214,-0.19368593,0.111317694,-1.305582,-0.30534956,0.14098205,-1.5643356,-0.39084664,0.15683685,-1.8088605,-0.45093617,0.19338335,-0.74608064,-0.24457036,0.31028426,-0.99029493,-0.36275718,0.38070652,-1.1688184,-0.4219284,0.43440175,-1.3544914,-0.46116683,171.64102,175.58849,175.91464,175.85683,168.77315,1.1821055,1.824347,2.0192416,1.8708067,1.495335,1.0468991,0.4110343,0.38205117,0.5325394
hola,0.0,0.0,0.0,-0.27525625,-0.13963473,-0.12320612,-0.5197975,-0.35405394,-0.20127706,-0.7078223,-0.53781337,-0.27011773,-0.8606551,-0.70228404,-0.3402002,-0.32659715,-0.9125486,-0.120507956,-0.43251637,-1.255473,-0.21706508,-0.49688023,-1.4680871,-0.2986475,-0.54673105,-1.6695045,-0.3631041,-0.14591627,-0.9790864,-0.14176841,-0.18661173,-1.3993927,-0.22624941,-0.21996397,-1.6734998,-0.30518135,-0.25208178,-1.9222642,-0.3665905,0.027026426,-0.929567,-0.18057966,0.045368638,-1.3187846,-0.28165254,0.047868755,-1.5786079,-0.35389972,0.040637083,-1.8184606,-0.4054494,0.18920712,-0.7951551,-0.22902809,0.26663086,-1.0569158,-0.32655165,0.30905882,-1.2437127,-0.3709243,0.33825395,-1.4271755,-0.40098524,176.24307,175.92235,176.075,176.7968,169.9744,1.1617514,1.7938799,1.9730772,1.8635556,1.5205377,1.0171472,0.38822392,0.31300086,0.49162966
hola,0.0,0.0,0.0,-0.2915246,-0.06984873,-0.123493336,-0.5734591,-0.23876564,-0.20238312,-0.79429424,-0.36991388,-0.27120778,-0.98300046,-0.4607705,-0.34410265,-0.45744765,-0.8437488,-0.14444155,-0.6042805,-1.1627855,-0.24586467,-0.6915669,-1.3608909,-0.32829037,-0.76599514,-1.551572,-0.39408582,-0.27075034,-0.9474627,-0.17031947,-0.34484664,-1.3634676,-0.2602702,-0.40612698,-1.6394634,-0.34327856,-0.4661917,-1.8867869,-0.40840736,-0.08356043,-0.9191915,-0.21215558,-0.0823941,-1.3108474,-0.3264112,-0.09910605,-1.5669584,-0.4118656,-0.12769213,-1.8065906,-0.47195593,0.0919091,-0.7939787,-0.26161382,0.16401385,-1.0620162,-0.3804662,0.20117082,-1.2490891,-0.43850932,0.22085086,-1.4407208,-0.47668344,173.64894,176.14047,175.55089,174.82475,169.02496,1.1388617,1.7746627,1.9859749,1.8715814,1.5335184,1.1133003,0.4499514,0.3536267,0.5053367
hola,0.0,0.0,0.0,-0.27373788,-0.17174417,-0.12071474,-0.5071145,-0.43087932,-0.19322632,-0.6874353,-0.6344895,-0.25777006,-0.835441,-0.78690714,-0.32651067,-0.24508302,-0.9555449,-0.13216093,-0.31583244,-1.3125154,-0.22471471,-0.35481,-1.5352185,-0.30029795,-0.3784081,-1.7426915,-0.36178958,-0.049813338,-0.98639524,-0.15666242,-0.026988648,-1.4087229,-0.24156387,-0.021571528,-1.6881399,-0.32065353,-0.0144239385,-1.9382882,-0.38364667,0.11787502,-0.89915776,-0.19770999,0.22368303,-1.2733709,-0.31260017,0.2795915,-1.5236285,-0.40032512,0.3232735,-1.7608856,-0.461864,0.25568104,-0.7228895,-0.24636072,0.4180775,-0.93688655,-0.36891025,0.52478683,-1.0985699,-0.43192917,0.6156063,-1.268742,-0.47323832,174.7675,175.70966,175.96564,175.92691,168.8225,1.1932284,1.8196313,1.9759438,1.84893,1.4874918,1.0600224,0.4137877,0.38939592,0.57253224
hola,0.0,0.0,0.0,-0.2321742,-0.26154208,-0.116587736,-0.40202776,-0.5895982,-0.18690814,-0.5174012,-0.8487305,-0.24999778,-0.62158704,-1.0515649,-0.31757537,-0.038386073,-1.0131012,-0.12841143,-0.036451735,-1.388419,-0.2159339,-0.029988728,-1.6194758,-0.28722143,-0.008389342,-1.828379,-0.34552607,0.16380654,-0.974382,-0.15410124,0.2874387,-1.387375,-0.23298088,0.3636603,-1.6549264,-0.30944872,0.43681794,-1.8898016,-0.3709909,0.3104554,-0.8346307,-0.19578108,0.50175107,-1.1582161,-0.30552262,0.61819816,-1.3779984,-0.39535716,0.7171038,-1.5853003,-0.4592847,0.41004935,-0.61981213,-0.24470636,0.6244974,-0.7644388,-0.36184573,0.7680598,-0.87595356,-0.42471406,0.89460015,-0.9987455,-0.46676284,174.97395,175.4053,175.61664,176.02405,169.68144,1.2621464,1.8607602,1.9747896,1.7995436,1.4197428,0.99006706,0.4501452,0.4231749,0.6128682
hola,0.0,0.0,0.0,-0.26902553,-0.1826499,-0.114231445,-0.5018025,-0.46202716,-0.18607627,-0.67635787,-0.67664236,-0.25095695,-0.82758236,-0.8313628,-0.32216364,-0.2184572,-0.9723291,-0.14373317,-0.28617895,-1.337172,-0.23831429,-0.3249802,-1.5594479,-0.3137309,-0.3504428,-1.7691172,-0.37527052,-0.015814967,-0.98446757,-0.17485276,0.027362939,-1.4194613,-0.26060122,0.047632493,-1.7009643,-0.3411274,0.068794854,-1.955223,-0.40636933,0.15129408,-0.8751129,-0.22054352,0.28655258,-1.2489568,-0.33910492,0.36514524,-1.4992288,-0.43093523,0.42717212,-1.7384784,-0.49624595,0.28239807,-0.6761117,-0.272255,0.46404025,-0.88017035,-0.39866173,0.5850014,-1.0304564,-0.4617513,0.68670017,-1.1903303,-0.5037323,172.89786,176.31348,175.74438,176.26392,169.00822,1.2164892,1.8421221,1.9981905,1.8576983,1.4636221,1.0535017,0.459742,0.42835766,0.60652876
hola,0.0,0.0,0.0,-0.2838114,-0.13297246,-0.11566997,-0.5446015,-0.3678406,-0.18987119,-0.74616706,-0.54544735,-0.25630048,-0.92443794,-0.6550594,-0.32926083,-0.32709068,-0.9245594,-0.14566474,-0.43125024,-1.2759228,-0.24104951,-0.49169785,-1.4903438,-0.31730083,-0.5355655,-1.6940801,-0.37926123,-0.12851965,-0.97603476,-0.17560999,-0.13288656,-1.4114188,-0.26274827,-0.14268698,-1.6957011,-0.34280133,-0.1474637,-1.9509209,-0.40587625,0.047937248,-0.897171,-0.21996395,0.13190988,-1.2955656,-0.3394621,0.17623097,-1.5548818,-0.42855147,0.20868352,-1.7986898,-0.490047,0.19602038,-0.7234169,-0.270169,0.34491152,-0.95948815,-0.39812797,0.43985587,-1.1277895,-0.4589389,0.51580805,-1.3021318,-0.49750984,169.20439,176.00337,176.33945,176.9027,168.5697,1.1798733,1.816749,1.9981425,1.8758945,1.4863112,1.1105341,0.46615294,0.39635822,0.5839102
hola,0.0,0.0,0.0,-0.28812736,-0.104864314,-0.12942667,-0.55050623,-0.29095265,-0.21000685,-0.75344795,-0.45797747,-0.28126153,-0.9153724,-0.5954585,-0.35281515,-0.36510786,-0.8898903,-0.12544146,-0.47386584,-1.2260479,-0.21630523,-0.53433883,-1.4339657,-0.29239702,-0.5813045,-1.6237452,-0.3530047,-0.17732748,-0.97347283,-0.14458779,-0.21438833,-1.3990664,-0.22439446,-0.24334218,-1.6673707,-0.29807633,-0.26627514,-1.9019152,-0.35672373,-0.0004953235,-0.9388781,-0.18230124,0.03611346,-1.3403816,-0.28885618,0.04938998,-1.5975603,-0.36719847,0.055472195,-1.8318739,-0.42268825,0.16248085,-0.81113887,-0.22966127,0.28288534,-1.068727,-0.34101543,0.3580595,-1.2591879,-0.39690942,0.41936553,-1.4483348,-0.43340394,176.45111,175.23036,175.81618,177.11642,170.13095,1.1475871,1.7604191,1.953314,1.8808254,1.5688787,1.0811914,0.4202807,0.33582503,0.5288056
hola,0.0,0.0,0.0,-0.31086245,-0.012550658,-0.1428388,-0.6188947,-0.1141612,-0.23187931,-0.8645362,-0.19018543,-0.3094017,-1.065074,-0.25547883,-0.3896599,-0.5559776,-0.75974196,-0.15338212,-0.7419753,-1.0476615,-0.2636878,-0.8503638,-1.2320287,-0.35381332,-0.9423401,-1.4103869,-0.42458132,-0.38339895,-0.90705,-0.17397001,-0.5068603,-1.3144835,-0.27213234,-0.5944424,-1.57843,-0.35827434,-0.6739636,-1.8122381,-0.42535007,-0.19670673,-0.92550296,-0.2143143,-0.24201405,-1.335232,-0.33611214,-0.28396714,-1.5961682,-0.4223484,-0.33387664,-1.8370085,-0.48228198,-0.005834271,-0.8469557,-0.26506683,0.04226682,-1.140804,-0.38870537,0.060911868,-1.3492595,-0.45048743,0.06251501,-1.5562168,-0.49134487,175.86598,174.97357,176.32747,176.06914,169.34367,1.1625346,1.7485609,1.9797364,1.9283851,1.6331377,1.1619363,0.4832296,0.34570786,0.48585224
hola,0.0,0.0,0.0,-0.2852261,-0.090864174,-0.13130766,-0.5614009,-0.27801841,-0.21144083,-0.7790942,-0.43080816,-0.28139544,-0.95527315,-0.54420227,-0.35390323,-0.3827821,-0.8830756,-0.14001027,-0.49759564,-1.2115911,-0.23569046,-0.5569719,-1.418399,-0.3140755,-0.5995146,-1.614883,-0.37693128,-0.1924891,-0.96831536,-0.15910167,-0.22283272,-1.387685,-0.24309413,-0.24507996,-1.6566287,-0.3186522,-0.26162168,-1.9015161,-0.37886718,-0.012455806,-0.92518085,-0.19590484,0.033192612,-1.3148792,-0.30867735,0.053032022,-1.5706848,-0.38930708,0.06465999,-1.8135043,-0.44525987,0.15190957,-0.78450197,-0.24176073,0.27173072,-1.0380584,-0.35943952,0.34399217,-1.2255558,-0.41612706,0.3999227,-1.4191252,-0.45267594,175.12427,174.08208,176.53117,176.95135,168.39153,1.1549677,1.7633326,1.9564636,1.8684847,1.5423261,1.128473,0.44309583,0.34440354,0.5176785
hola,0.0,0.0,0.0,-0.26739833,-0.17700717,-0.11880006,-0.4960279,-0.4430472,-0.19195111,-0.65612036,-0.6609998,-0.25752315,-0.8012862,-0.81054926,-0.3279964,-0.20436226,-0.9693231,-0.13680725,-0.2465568,-1.3302939,-0.22696684,-0.26377437,-1.5526145,-0.30175522,-0.2693515,-1.7585175,-0.362251,-0.0037725484,-0.98686695,-0.16149113,0.05076108,-1.4175197,-0.24067014,0.084364,-1.6927454,-0.31397557,0.118980825,-1.9342982,-0.3738185,0.16271938,-0.8904355,-0.20227991,0.29509872,-1.2643573,-0.31196335,0.3706814,-1.511785,-0.39540827,0.43482694,-1.7403269,-0.45482433,0.29804492,-0.70816505,-0.2509524,0.48257536,-0.9193541,-0.3672206,0.6066981,-1.0742408,-0.42527372,0.71467656,-1.232019,-0.46370858,170.92702,175.00716,175.9973,176.922,170.37323,1.1860149,1.8155329,1.9736784,1.8505884,1.4978849,1.0875531,0.42642075,0.3794016,0.5803203
hola,0.0,0.0,0.0,-0.2849857,-0.11995879,-0.12698515,-0.54665345,-0.33773705,-0.2027437,-0.75149757,-0.5114798,-0.26960784,-0.922944,-0.63646984,-0.33984616,-0.32489258,-0.9183937,-0.13026814,-0.41800085,-1.2593424,-0.21861129,-0.46656314,-1.473733,-0.29175782,-0.5011505,-1.6727057,-0.35180116,-0.13248645,-0.9795831,-0.15120944,-0.12990454,-1.404361,-0.22964954,-0.13161309,-1.6785212,-0.30263022,-0.12899888,-1.9240996,-0.3617039,0.04075285,-0.91726434,-0.18993452,0.12194363,-1.3026578,-0.30066425,0.16229211,-1.5567001,-0.38411123,0.19450782,-1.8000083,-0.44294664,0.19261616,-0.76137304,-0.23727897,0.3416922,-0.98938835,-0.35588846,0.43650904,-1.1626024,-0.4157882,0.5144335,-1.3447673,-0.45517653,174.0699,174.87067,176.19858,176.53802,168.34776,1.1715012,1.7812524,1.9620472,1.8638844,1.510042,1.1188554,0.44921464,0.35588706,0.5565487
hola,0.0,0.0,0.0,-0.30560094,-0.02769895,-0.11773683,-0.6070995,-0.16609916,-0.19211385,-0.8464487,-0.27301267,-0.25953224,-1.0484712,-0.31762725,-0.33136368,-0.52116627,-0.79683775,-0.12544611,-0.6868023,-1.1071272,-0.21803866,-0.7853789,-1.3059609,-0.29514164,-0.86569935,-1.4958786,-0.35923365,-0.3460145,-0.9254008,-0.15461999,-0.44155985,-1.3397702,-0.23906134,-0.5114521,-1.6134669,-0.31762686,-0.57565194,-1.8595062,-0.38051024,-0.16213362,-0.9259849,-0.20064184,-0.17836966,-1.3348621,-0.31264216,-0.20485325,-1.5990909,-0.39846152,-0.24164645,-1.8446501,-0.45995507,0.019017754,-0.8283889,-0.25447175,0.09587423,-1.1093353,-0.37299293,0.13335979,-1.3148319,-0.43471232,0.1521519,-1.522584,-0.4766194,167.92213,175.22032,176.18411,175.32483,169.11945,1.1445439,1.7652583,1.9834129,1.9164252,1.6026784,1.1926686,0.46562353,0.34364495,0.5090004
hola,0.0,0.0,0.0,-0.2935191,-0.09852764,-0.13211486,-0.5695698,-0.2924606,-0.21306054,-0.7859949,-0.4414109,-0.2846231,-0.9716907,-0.5437305,-0.36007154,-0.37813562,-0.89133734,-0.14335977,-0.48732898,-1.2285002,-0.23869748,-0.5458158,-1.4341761,-0.3163314,-0.59098977,-1.6309258,-0.37933835,-0.17964226,-0.9697232,-0.16542514,-0.19799499,-1.3967314,-0.25018603,-0.20886348,-1.6701659,-0.32763973,-0.21401003,-1.9223068,-0.39013138,0.0034157592,-0.9172931,-0.20541406,0.06781897,-1.3154492,-0.32637528,0.10843115,-1.5749973,-0.4136739,0.13717954,-1.8257954,-0.47381255,0.1692404,-0.76749825,-0.2536582,0.31473103,-1.017507,-0.3829409,0.41117623,-1.1964334,-0.44478732,0.4865269,-1.383022,-0.48417118,173.0495,175.0532,176.2482,178.43459,168.92438,1.1702466,1.7756929,1.9731361,1.891255,1.5439819,1.1520841,0.47658485,0.3736992,0.5640915
bien,0.0,0.0,0.0,-0.14206344,-0.62659305,-0.020178085,-0.44130495,-1.1127338,-0.081313476,-0.6310177,-1.5560586,-0.14699836,-0.62972176,-1.9509029,-0.21623725,-0.8260909,-0.85786545,-0.14825961,-1.1860033,-0.9126227,-0.21162367,-1.01908,-0.8722013,-0.24984835,-0.83530915,-0.8322943,-0.2705597,-0.8730583,-0.45485455,-0.17571719,-1.2118177,-0.54660666,-0.19147766,-1.0493966,-0.54930544,-0.176569,-0.86895156,-0.5074722,-0.17820476,-0.86262345,-0.06931581,-0.19604242,-1.1685343,-0.17873257,-0.19185863,-1.0232192,-0.19800626,-0.12754378,-0.8558315,-0.16692899,-0.09934275,-0.8145381,0.2705827,-0.21761808,-1.066694,0.15787794,-0.2026699,-0.9475811,0.11971002,-0.124531515,-0.8160059,0.13154206,-0.06964338,156.82422,19.637794,8.643647,24.38937,42.357925,2.0613904,1.2098172,1.0219402,0.8776001,0.8294692,1.1386405,0.33936796,0.34980142,0.30257744
bien,0.0,0.0,0.0,-0.11815208,-0.5884227,-0.00064512336,-0.34226197,-1.0506983,-0.04511755,-0.533931,-1.4202558,-0.09635794,-0.5998345,-1.7452197,-0.14864872,-0.821981,-0.8556865,-0.0867614,-1.087298,-0.8567721,-0.11530164,-0.9621965,-0.7905571,-0.13931566,-0.7991243,-0.75517714,-0.15361847,-0.88153046,-0.4578196,-0.11534845,-1.0867844,-0.5146197,-0.09778643,-0.944663,-0.4858558,-0.08711333,-0.7885274,-0.45315713,-0.0963094,-0.86812913,-0.073990695,-0.13387021,-1.0399585,-0.18644561,-0.10786701,-0.9155513,-0.17287579,-0.055625647,-0.7678036,-0.14105241,-0.040068783,-0.81777626,0.27192065,-0.15247306,-0.95651364,0.15477921,-0.123376645,-0.8371929,0.1450824,-0.049897347,-0.72064173,0.16596355,0.0021367697,164.08826,23.301336,6.286063,31.574207,51.843113,1.851402,1.110176,0.91455036,0.78168005,0.73950857,1.0099136,0.30759177,0.31780788,0.31347144
bien,0.0,0.0,0.0,-0.17194332,-0.6122985,-0.00630799,-0.46909642,-1.1155418,-0.07049455,-0.64318687,-1.5655454,-0.14189465,-0.6466231,-1.9495661,-0.21918002,-0.8233576,-0.87991524,-0.17702076,-1.2087313,-0.89349926,-0.25454226,-1.0382593,-0.84014267,-0.29508767,-0.849593,-0.82144123,-0.31516522,-0.8539073,-0.47152403,-0.22024396,-1.2186186,-0.5218394,-0.25185513,-1.0455167,-0.4970507,-0.23354426,-0.8588576,-0.47445336,-0.2315414,-0.8358097,-0.07844111,-0.25355706,-1.1573792,-0.15701571,-0.261385,-0.9984731,-0.15318233,-0.18534294,-0.8207245,-0.14002585,-0.14769274,-0.78127,0.27501184,-0.28683892,-1.0480778,0.17847274,-0.27798977,-0.90705067,0.16304082,-0.18833388,-0.7598872,0.17148875,-0.124798045,159.46135,22.741154,1.7390038,20.292227,36.11634,2.0656643,1.2230712,1.0081437,0.84558207,0.78893065,1.1502502,0.35704255,0.3468811,0.31822425
bien,0.0,0.0,0.0,-0.1707924,-0.56699824,0.0075484393,-0.49214023,-1.0775542,-0.054059718,-0.67745423,-1.5229926,-0.12520008,-0.6587681,-1.9266336,-0.20617126,-0.8009632,-0.9289911,-0.18337485,-1.2233286,-0.80288714,-0.25274715,-1.094042,-0.69818264,-0.27499908,-0.9220809,-0.7181864,-0.28818518,-0.8033135,-0.5451578,-0.23977163,-1.2240607,-0.45908856,-0.27684215,-1.0632235,-0.39585084,-0.2418579,-0.88512623,-0.40902495,-0.23065382,-0.7688989,-0.15456839,-0.28488252,-1.1592749,-0.12090903,-0.31482378,-0.99075145,-0.098741904,-0.2317482,-0.80566376,-0.11127777,-0.18785942,-0.7105202,0.21892367,-0.3264691,-1.0312295,0.21174787,-0.34265655,-0.884517,0.20480528,-0.2611014,-0.7248479,0.19206563,-0.20277905,154.96904,35.715103,20.02837,16.62374,22.12861,2.046558,1.2037755,1.0019735,0.8347263,0.77679664,1.2395179,0.31663275,0.31112543,0.31427854
bien,0.0,0.0,0.0,-0.14885737,-0.6153115,-0.010391084,-0.43199226,-1.0954788,-0.06970444,-0.62347364,-1.5205747,-0.13597836,-0.644292,-1.9117961,-0.20633736,-0.8211214,-0.8673842,-0.13819768,-1.1525724,-0.87367827,-0.20678979,-0.9922172,-0.8317685,-0.24853347,-0.8161532,-0.8072633,-0.27123132,-0.86737674,-0.46531415,-0.1764661,-1.1846701,-0.5223293,-0.19514048,-1.0254343,-0.50970215,-0.18147562,-0.8517227,-0.48225886,-0.18442415,-0.8512579,-0.07612745,-0.20752323,-1.1247272,-0.16602877,-0.21117282,-0.9793939,-0.16600744,-0.14480646,-0.8153988,-0.1484455,-0.114666305,-0.7941383,0.27098322,-0.23908782,-1.0233338,0.17677823,-0.23009466,-0.8914349,0.15308216,-0.14826483,-0.7556002,0.15853542,-0.08956916,158.9663,24.475895,3.6377664,22.156431,38.991787,2.0279675,1.1795535,0.9960007,0.8366957,0.77723086,1.1197054,0.33827296,0.34295326,0.31375632
bien,0.0,0.0,0.0,-0.16939217,-0.5868221,0.0055796145,-0.43017587,-1.058196,-0.044853725,-0.6061194,-1.4555687,-0.10618855,-0.63852113,-1.8110557,-0.17257433,-0.8446512,-0.8367692,-0.08906996,-1.1446804,-0.7934239,-0.14281653,-1.011697,-0.73163736,-0.18646114,-0.8461435,-0.7173026,-0.21146445,-0.8855844,-0.4458252,-0.13030802,-1.1511889,-0.43557918,-0.13714056,-1.0052102,-0.40079248,-0.13270307,-0.84357494,-0.3888082,-0.1412542,-0.863929,-0.062660724,-0.16410835,-1.0913367,-0.10052677,-0.15528418,-0.9535397,-0.079033725,-0.10169755,-0.8016097,-0.071454175,-0.0805792,-0.8031128,0.28212866,-0.19796288,-0.9948301,0.22705759,-0.17944889,-0.86133814,0.22542489,-0.10463472,-0.7319464,0.22478902,-0.049839564,161.40509,31.811335,11.080263,16.986736,35.37862,1.9280596,1.1292471,0.93954414,0.80881196,0.76730675,1.1139637,0.3359236,0.32581607,0.3058724
bien,0.0,0.0,0.0,-0.12708022,-0.5826361,-0.025686726,-0.34276864,-1.039649,-0.093633786,-0.5151436,-1.4224851,-0.16679265,-0.5853219,-1.7701684,-0.24336708,-0.86210185,-0.8220473,-0.10866902,-1.1522859,-0.7246742,-0.14873634,-1.0237383,-0.6645564,-0.17712873,-0.860656,-0.6550569,-0.19149609,-0.89337033,-0.43049023,-0.12871547,-1.101932,-0.40457714,-0.12114864,-0.95069045,-0.38830045,-0.11267478,-0.79052985,-0.3795325,-0.12267731,-0.85230404,-0.045555975,-0.14214423,-1.0266728,-0.09062031,-0.12305045,-0.8904731,-0.08041139,-0.07857604,-0.73932475,-0.07121763,-0.06781989,-0.7841485,0.3008352,-0.15783957,-0.9332934,0.21766725,-0.13276616,-0.8036375,0.20994316,-0.06787802,-0.6815072,0.21356393,-0.022084894,167.20256,35.47728,11.812856,19.944786,43.503292,1.880246,1.0984075,0.8854559,0.74583685,0.7145273,1.1497709,0.29251906,0.31731588,0.2941685
bien,0.0,0.0,0.0,-0.1528503,-0.63047254,-0.014165852,-0.43736714,-1.151314,-0.08874655,-0.6016139,-1.603112,-0.17039193,-0.5872629,-1.9948332,-0.2576845,-0.78723717,-0.9254182,-0.1956608,-1.1856401,-0.9574557,-0.29232305,-1.00011,-0.9226197,-0.3458792,-0.80901414,-0.90399784,-0.3733736,-0.827074,-0.50692105,-0.2428572,-1.2167546,-0.5946303,-0.2915901,-1.0401908,-0.58301693,-0.27930668,-0.8498034,-0.54174966,-0.27987796,-0.8173242,-0.106081486,-0.28155702,-1.1713619,-0.21055757,-0.3066913,-1.0089508,-0.21501607,-0.22948083,-0.82469785,-0.1882212,-0.18733321,-0.77075744,0.25157005,-0.32063618,-1.0654149,0.139831,-0.32466146,-0.92414933,0.11915725,-0.23410015,-0.770357,0.13761792,-0.16824463,158.14865,25.85491,6.8166366,19.551743,33.93522,2.095385,1.2693005,1.0459398,0.86639917,0.8004342,1.1191423,0.37633622,0.366302,0.33089036
bien,0.0,0.0,0.0,-0.16623966,-0.58284545,-0.011689039,-0.4700508,-1.0847247,-0.08586241,-0.64632475,-1.5236406,-0.16819721,-0.6276003,-1.9246514,-0.2593137,-0.8219612,-0.8891904,-0.18488462,-1.1970886,-0.82957715,-0.26192448,-1.0379201,-0.7610725,-0.30013043,-0.8644663,-0.7709932,-0.32229915,-0.8417435,-0.48687935,-0.23327303,-1.2023883,-0.4856559,-0.27125335,-1.0353526,-0.44289052,-0.24900435,-0.857515,-0.43664357,-0.24403372,-0.81537527,-0.08823798,-0.27278438,-1.1477982,-0.12506646,-0.29245955,-0.9879866,-0.10878893,-0.2173505,-0.81038076,-0.10899204,-0.17863113,-0.7588721,0.27908182,-0.31200936,-1.044167,0.20920072,-0.3115762,-0.9015309,0.2019698,-0.22512296,-0.7503654,0.205599,-0.16371292,155.75874,28.704336,8.391185,15.655696,30.198854,2.0409334,1.2023349,0.9927447,0.8369619,0.7950604,1.1794065,0.3434581,0.33742356,0.3206118
bien,0.0,0.0,0.0,-0.16417006,-0.6434775,-0.025328754,-0.44224876,-1.1565204,-0.115286104,-0.60639083,-1.6039153,-0.21098168,-0.58974576,-2.010197,-0.3077076,-0.8009744,-0.89573306,-0.21690066,-1.2136668,-0.99762887,-0.32771605,-1.0078499,-0.9650823,-0.38870755,-0.81057364,-0.91855645,-0.41698417,-0.8420454,-0.47229883,-0.2605634,-1.2381281,-0.60722834,-0.31392238,-1.0531417,-0.60945505,-0.30167413,-0.8631009,-0.5623822,-0.30207905,-0.8325472,-0.07559287,-0.2967297,-1.191297,-0.21761815,-0.32027766,-1.0274801,-0.23188989,-0.23942003,-0.843567,-0.19596623,-0.1951305,-0.7878577,0.2681513,-0.33476478,-1.0863309,0.113881394,-0.33175766,-0.9474481,0.08660538,-0.23573723,-0.7929701,0.12142894,-0.16687869,157.94327,27.01167,13.143418,23.961634,38.729588,2.1173985,1.2940832,1.0735309,0.8877409,0.819387,1.1191003,0.37791848,0.38220444,0.32264206
bien,0.0,0.0,0.0,-0.15123992,-0.6884658,-0.02334659,-0.4021999,-1.209742,-0.09459166,-0.58561915,-1.6364723,-0.174728,-0.59646183,-2.0355167,-0.24831933,-0.83885914,-0.8307286,-0.12532946,-1.2229683,-1.0283062,-0.20972091,-1.0146003,-1.0265728,-0.26559854,-0.8244265,-0.95648265,-0.29131553,-0.9007317,-0.4050929,-0.15678692,-1.251367,-0.6469828,-0.18027785,-1.071584,-0.67359143,-0.17810193,-0.891292,-0.6005742,-0.1863971,-0.8957875,-0.041773826,-0.18387285,-1.201116,-0.27561274,-0.17334606,-1.0512933,-0.3006514,-0.105470374,-0.8894327,-0.24228923,-0.07430788,-0.8537544,0.25267875,-0.21503384,-1.1086966,0.025481112,-0.17993908,-0.9866785,-0.009984274,-0.08507366,-0.8545178,0.03207648,-0.01918827,158.62871,28.094301,27.555256,36.30989,54.028004,2.1355932,1.2959177,1.0907954,0.9248331,0.85533494,1.1036899,0.37702742,0.3754139,0.28201732
bien,0.0,0.0,0.0,-0.1513718,-0.599757,-0.032373227,-0.36863345,-1.0428451,-0.10631371,-0.582496,-1.421404,-0.18259479,-0.63227445,-1.7946775,-0.25799093,-0.88595283,-0.7508615,-0.086335465,-1.0707504,-0.85274786,-0.11766735,-0.91353375,-0.8489325,-0.15808964,-0.771668,-0.8106162,-0.18754408,-0.9311809,-0.35146007,-0.0968399,-1.0748016,-0.50452036,-0.071374245,-0.9315265,-0.51995313,-0.069655724,-0.7874438,-0.4694711,-0.0917448,-0.8992388,0.01725929,-0.10148654,-1.0374131,-0.16034126,-0.05625523,-0.9158395,-0.17968622,-0.01752418,-0.77131253,-0.14468487,-0.018000958,-0.8397652,0.3244165,-0.10990427,-0.95769113,0.17137842,-0.057240035,-0.8450799,0.13773839,0.010807931,-0.7287434,0.15789817,0.053548593,158.46928,29.832489,39.779964,52.27515,68.0064,1.9202077,1.1347877,0.92135113,0.78497183,0.74757355,0.9963784,0.35469195,0.33344334,0.31382793
bien,0.0,0.0,0.0,-0.09991619,-0.5907411,-0.047061328,-0.31636485,-1.031725,-0.09766264,-0.5313684,-1.3917027,-0.14601588,-0.5874581,-1.7164326,-0.19963196,-0.87209255,-0.754862,-0.09093993,-0.7887071,-0.8142652,-0.099423625,-0.6298739,-0.76218957,-0.13730568,-0.54133534,-0.68660754,-0.17618404,-0.927912,-0.3609773,-0.093138404,-0.8429122,-0.4614633,-0.04414697,-0.70430535,-0.44547147,-0.050637882,-0.60236895,-0.37659213,-0.091007784,-0.8929732,0.00036331982,-0.08815852,-0.82740766,-0.114011556,-0.04066248,-0.70447516,-0.122464314,-0.028282326,-0.59352374,-0.07857636,-0.053082712,-0.82408524,0.31933796,-0.0892798,-0.77013475,0.20390947,-0.05310156,-0.6461199,0.16454358,-0.013726716,-0.54787695,0.18217719,0.005858223,158.98639,117.494606,105.31838,108.79035,122.93482,1.8251302,0.89191633,0.71620697,0.60105115,0.57740104,1.031124,0.32724553,0.30054942,0.2712012
bien,0.0,0.0,0.0,-0.18829367,-0.5942342,-0.00049224397,-0.52066,-1.1128879,-0.08353339,-0.70277256,-1.5712998,-0.17514813,-0.67658156,-1.9937178,-0.2770469,-0.81433135,-0.94100237,-0.2433753,-1.2595407,-0.78246844,-0.3451062,-1.0980746,-0.7109604,-0.38469994,-0.9186974,-0.7595268,-0.40653583,-0.80394375,-0.5096964,-0.30640492,-1.2540381,-0.42358854,-0.37814948,-1.0756531,-0.37827718,-0.34770232,-0.8834075,-0.39576757,-0.3354821,-0.7673933,-0.08911534,-0.35718068,-1.179604,-0.06393566,-0.40759557,-1.0059669,-0.052920416,-0.3161538,-0.8114905,-0.07152271,-0.26243716,-0.71254677,0.2966035,-0.4051133,-1.0547818,0.25813183,-0.42818585,-0.89766437,0.24809693,-0.33768004,-0.72625995,0.23854347,-0.27123696,155.1677,32.279236,15.167168,14.727472,23.629477,2.1235414,1.2594273,1.0244945,0.8558654,0.81112635,1.2643634,0.37231007,0.34006226,0.3216873
bien,0.0,0.0,0.0,-0.18908735,-0.56604624,0.029234596,-0.5118562,-1.0525223,-0.029710539,-0.6950239,-1.4797448,-0.10249479,-0.6831236,-1.8696514,-0.18496835,-0.7988149,-0.9354549,-0.17436121,-1.241583,-0.70644754,-0.26168117,-1.0827594,-0.61603343,-0.2982755,-0.90322644,-0.68226284,-0.31830513,-0.7915465,-0.56085765,-0.24267833,-1.2272779,-0.36502838,-0.28991622,-1.0528399,-0.30190805,-0.25356498,-0.87165236,-0.35593122,-0.24079268,-0.75325215,-0.17797528,-0.30064988,-1.1417917,-0.0439145,-0.3387101,-0.96610475,-0.010840678,-0.25400224,-0.78029317,-0.06506098,-0.20721221,-0.6922499,0.1913787,-0.3541083,-1.003023,0.25766242,-0.3779872,-0.847073,0.26159745,-0.30163294,-0.68054545,0.21622945,-0.24383414,155.27867,36.81848,25.579031,21.164995,18.691158,1.9991167,1.1758481,0.97182614,0.80995506,0.7545544,1.214955,0.3368938,0.30672407,0.300691
bien,0.0,0.0,0.0,-0.15303005,-0.55631196,0.0076222024,-0.42238367,-1.0492187,-0.04881799,-0.5972785,-1.4723703,-0.113824956,-0.58886135,-1.8482417,-0.18832582,-0.7897107,-0.915398,-0.15948066,-1.167503,-0.77231514,-0.20802449,-1.0289804,-0.65591776,-0.22195417,-0.8601664,-0.6691217,-0.2329791,-0.80898637,-0.5492962,-0.20931976,-1.1537192,-0.43623805,-0.22523838,-0.99289596,-0.36502606,-0.19036426,-0.8249373,-0.38223207,-0.18325338,-0.7820834,-0.17652425,-0.24716799,-1.0913569,-0.1181098,-0.25994423,-0.9308553,-0.073474064,-0.18464522,-0.7626335,-0.085311934,-0.15097016,-0.7264684,0.17998938,-0.28211132,-0.9800504,0.18822496,-0.29156163,-0.8327836,0.20528181,-0.21587472,-0.6866245,0.19699167,-0.16127202,156.39644,40.812725,27.772888,22.629263,22.072052,1.9489027,1.1144009,0.9274722,0.7820997,0.73230296,1.2107537,0.29329062,0.30509922,0.29253858
bien,0.0,0.0,0.0,-0.15241916,-0.62140644,-0.034242183,-0.4104805,-1.1182864,-0.107434504,-0.59433585,-1.5439174,-0.1809663,-0.6042877,-1.941535,-0.2551728,-0.83724236,-0.84531087,-0.16199139,-1.1702862,-0.9039755,-0.22767393,-1.0004963,-0.8856978,-0.2685762,-0.8326201,-0.85511905,-0.29053333,-0.8849687,-0.42803928,-0.183338,-1.1884629,-0.53869563,-0.20201175,-1.0275126,-0.5516288,-0.19116321,-0.8572145,-0.51396954,-0.19575594,-0.8731448,-0.035963718,-0.19741274,-1.1340078,-0.17886198,-0.19386092,-0.9986968,-0.19737664,-0.13412395,-0.84114426,-0.163414,-0.10872813,-0.82705575,0.30526888,-0.21377437,-1.0512463,0.15874432,-0.1963415,-0.92476356,0.12434239,-0.11713607,-0.791578,0.1453277,-0.059937052,158.33928,21.501802,15.907696,30.45735,46.8748,2.04935,1.2283705,1.0184802,0.86374164,0.80703676,1.1107141,0.35492337,0.361554,0.3164788
bien,0.0,0.0,0.0,-0.14953054,-0.6618447,-0.039191883,-0.4457767,-1.2147564,-0.10294912,-0.66628736,-1.6708019,-0.17494678,-0.7199373,-2.0735257,-0.2375088,-0.8346058,-0.8541217,-0.089281276,-1.2647226,-1.0001223,-0.19348675,-1.1003984,-0.9874716,-0.2676163,-0.8931624,-0.91653466,-0.29611015,-0.89246583,-0.43799832,-0.10799144,-1.270547,-0.62047416,-0.1526153,-1.1203448,-0.6364296,-0.17464246,-0.94390684,-0.569418,-0.19184823,-0.89738566,-0.082397334,-0.12946618,-1.2277328,-0.27154523,-0.13474104,-1.1020389,-0.28510442,-0.085464686,-0.9466683,-0.2297418,-0.059643652,-0.8731022,0.21160685,-0.15710907,-1.1473591,0.010667956,-0.12517561,-1.0465264,-0.012619382,-0.043390676,-0.9215099,0.029864728,0.014843823,161.96901,28.639269,21.176922,25.310135,47.618267,2.2077656,1.3135662,1.1189293,0.9759711,0.92211324,1.1713536,0.365972,0.36450732,0.27125058
bien,0.0,0.0,0.0,-0.14596838,-0.6185093,-0.013371982,-0.37482926,-1.0740824,-0.06490243,-0.57836384,-1.4677721,-0.12101259,-0.6590146,-1.8016413,-0.17055637,-0.88123405,-0.75022024,-0.06159048,-1.1775174,-0.89952904,-0.095715456,-1.0109318,-0.9283909,-0.13431641,-0.85008353,-0.8962667,-0.15546353,-0.93437606,-0.3480102,-0.07635592,-1.1862552,-0.5674341,-0.044255685,-1.0388639,-0.62026507,-0.0333141,-0.89171726,-0.5655429,-0.046290144,-0.9094235,0.0059656277,-0.08645485,-1.1378585,-0.20860747,-0.039274316,-1.0166532,-0.26176077,0.015093852,-0.8751701,-0.21907414,0.028755046,-0.8524202,0.293473,-0.09873864,-1.05548,0.10121379,-0.04772294,-0.9536516,0.046722367,0.03538191,-0.83541864,0.07311065,0.09180918,166.33096,30.69696,40.941196,50.666687,64.421196,1.9259546,1.2450321,1.056949,0.90263116,0.8436222,0.92543954,0.35075697,0.35488892,0.30154264
bien,0.0,0.0,0.0,-0.118219994,-0.602454,-0.04931127,-0.32290038,-1.0500633,-0.111628704,-0.54066306,-1.405773,-0.17932023,-0.6207546,-1.746371,-0.248669,-0.8728938,-0.75186354,-0.058332227,-0.91280985,-0.8492478,-0.1018747,-0.7383736,-0.7922466,-0.170069,-0.6218622,-0.72212815,-0.22324651,-0.9319858,-0.35557568,-0.07048652,-0.9254497,-0.48107108,-0.055548627,-0.76480556,-0.46295413,-0.077810496,-0.6523601,-0.3967421,-0.11711427,-0.9029545,0.013208168,-0.083021134,-0.8853677,-0.118902646,-0.06170604,-0.74688804,-0.11578934,-0.043692242,-0.6276446,-0.070037134,-0.054217692,-0.8433622,0.3359751,-0.103091635,-0.8195344,0.22896819,-0.075468525,-0.6863836,0.20779154,-0.025782624,-0.58332264,0.23007958,0.0077675846,161.9404,61.104267,74.77306,87.14605,106.0088,1.8700225,0.9787853,0.7724595,0.63386315,0.62710625,1.0245589,0.34361354,0.333621,0.30963954
bien,0.0,0.0,0.0,-0.09545943,-0.560719,-0.06338515,-0.31691352,-0.9842285,-0.12125354,-0.5293381,-1.3148317,-0.17511036,-0.6105682,-1.6344538,-0.23258871,-0.8710029,-0.7370884,-0.098362446,-0.7647926,-0.77671933,-0.13932322,-0.6036073,-0.7220006,-0.20539437,-0.5198828,-0.64730746,-0.25975537,-0.927865,-0.36003327,-0.09717263,-0.81923383,-0.4177428,-0.07501148,-0.6824916,-0.39756393,-0.0960931,-0.58935875,-0.33476233,-0.14259337,-0.89613473,-0.008462588,-0.0944151,-0.79924375,-0.08296549,-0.078979805,-0.6762946,-0.08935529,-0.07492985,-0.5765625,-0.05254684,-0.09745248,-0.83026385,0.30869827,-0.09889704,-0.7653209,0.23004664,-0.08966138,-0.6441388,0.19085036,-0.06005086,-0.55482364,0.19851318,-0.041937273,161.64127,135.16083,126.12639,133.2195,137.9593,1.7602074,0.86991835,0.6926344,0.5870967,0.5907584,0.99167514,0.3409374,0.2860892,0.25804195
bien,0.0,0.0,0.0,-0.1423836,-0.58585984,-0.010938551,-0.3976237,-1.0824244,-0.07610659,-0.57880384,-1.4891758,-0.14791277,-0.60337365,-1.8554261,-0.22508994,-0.79868114,-0.8929348,-0.14866957,-1.1267788,-0.8549603,-0.21724157,-0.9686758,-0.78655225,-0.26038194,-0.7977081,-0.77195686,-0.28584495,-0.84795517,-0.4946582,-0.19048692,-1.1582671,-0.5314578,-0.21475957,-0.9980781,-0.48372427,-0.2018653,-0.82189155,-0.45280072,-0.20468475,-0.84260607,-0.10372341,-0.22408843,-1.1107385,-0.17999215,-0.2308375,-0.9617882,-0.15102243,-0.16072673,-0.7971326,-0.13350055,-0.12764996,-0.802125,0.25488412,-0.25832576,-1.0393347,0.15611883,-0.24898247,-0.9020864,0.16107847,-0.16245103,-0.76369286,0.1768981,-0.10052205,159.98785,31.004326,6.9636765,18.17699,35.04428,1.9640089,1.1462822,0.96043223,0.81825256,0.79033184,1.1024348,0.3302006,0.32939336,0.31337112
bien,0.0,0.0,0.0,-0.14458539,-0.6220653,-0.0148889115,-0.36997148,-1.1137843,-0.08564468,-0.5594682,-1.5024191,-0.16539477,-0.61909056,-1.8706645,-0.24412355,-0.81758606,-0.8627591,-0.11686306,-1.1338934,-0.90960544,-0.20842049,-0.9652325,-0.8900088,-0.27732244,-0.7810664,-0.86231923,-0.3136008,-0.8754429,-0.45715764,-0.15686499,-1.1733625,-0.550667,-0.19476648,-1.004287,-0.5382307,-0.2047721,-0.8300515,-0.49580377,-0.21866782,-0.873573,-0.0667819,-0.19210577,-1.1186681,-0.18032141,-0.20733202,-0.97303337,-0.1769328,-0.15000492,-0.8116417,-0.14539106,-0.12100059,-0.8321153,0.28603363,-0.22896059,-1.0381125,0.18517041,-0.22365727,-0.9077663,0.16974877,-0.1444552,-0.77668136,0.18708643,-0.08330243,163.4598,32.4482,13.682273,21.911818,38.46662,1.9855113,1.2049916,0.9912731,0.8333918,0.8032276,1.0236325,0.38176614,0.36423466,0.33642927
bien,0.0,0.0,0.0,-0.17775896,-0.5842253,-0.005615421,-0.4577894,-1.0818181,-0.07181047,-0.63839763,-1.4913716,-0.14907403,-0.6679752,-1.8502411,-0.23185234,-0.852083,-0.8580647,-0.12624869,-1.1801356,-0.8187903,-0.20919313,-1.0217147,-0.7310814,-0.26869172,-0.8382496,-0.71007967,-0.29968166,-0.87299097,-0.45659408,-0.17148955,-1.1888885,-0.45973983,-0.20520118,-1.024595,-0.4065873,-0.20256384,-0.84532654,-0.39296046,-0.2087018,-0.8436435,-0.06478495,-0.21032658,-1.125375,-0.105565295,-0.22387995,-0.969737,-0.07671696,-0.16183186,-0.79494554,-0.07087661,-0.12973496,-0.78229177,0.29082957,-0.24954677,-1.032857,0.22334729,-0.24267192,-0.88581395,0.22429247,-0.15587148,-0.7326031,0.2266411,-0.09056564,161.03142,37.207474,12.361251,13.279714,31.613556,1.980742,1.1387206,0.95527554,0.80857474,0.77218884,1.1547997,0.32998788,0.33542812,0.30649242
bien,0.0,0.0,0.0,-0.1808377,-0.6157473,-0.005137848,-0.52937084,-1.1883681,-0.09090431,-0.71098787,-1.6589292,-0.18309362,-0.69875485,-2.0716534,-0.28045332,-0.7759195,-0.9740629,-0.27562478,-1.3063643,-0.85253733,-0.40357646,-1.130328,-0.7746721,-0.44975558,-0.9121355,-0.8049497,-0.4669232,-0.7700327,-0.53781503,-0.34322676,-1.3267381,-0.47425863,-0.429605,-1.1326821,-0.42217588,-0.39444697,-0.9152432,-0.43755612,-0.37572506,-0.7391944,-0.11248629,-0.3999911,-1.2307644,-0.083888136,-0.46300268,-1.0399464,-0.07506185,-0.35802957,-0.8273168,-0.09439561,-0.29147878,-0.6931158,0.28712904,-0.45444605,-1.1134027,0.25396845,-0.48520043,-0.95468044,0.23953441,-0.38357028,-0.76478046,0.22673288,-0.30856487,157.5007,29.71685,11.570534,15.83207,24.200203,2.2042367,1.303055,1.0818017,0.88222647,0.85528314,1.298014,0.3785562,0.36412585,0.32760683
bien,0.0,0.0,0.0,-0.1383146,-0.5489414,-0.0073022437,-0.40561646,-1.0620683,-0.0669553,-0.57864755,-1.482304,-0.13599618,-0.5789526,-1.8648319,-0.21471302,-0.728316,-0.9658884,-0.13797008,-1.1087193,-0.8568465,-0.21944585,-0.98763466,-0.7155919,-0.2767557,-0.81097335,-0.69124573,-0.31203604,-0.77142555,-0.6091117,-0.1840803,-1.1458164,-0.5384197,-0.22428088,-1.0066004,-0.43381235,-0.22529072,-0.8248713,-0.40982643,-0.2352618,-0.7732359,-0.24402471,-0.22324714,-1.0846868,-0.18730521,-0.24817906,-0.94811636,-0.11519375,-0.18967587,-0.7768824,-0.106912725,-0.1609355,-0.74993265,0.10863492,-0.26246354,-1.0254807,0.116409995,-0.27027333,-0.89925516,0.15814358,-0.1959668,-0.75188035,0.16193424,-0.14115623,157.81943,52.08037,33.412376,26.824211,25.666687,1.9644047,1.1103445,0.9506411,0.80054784,0.7819667,1.2002542,0.2920347,0.3155694,0.2707305
bien,0.0,0.0,0.0,-0.13303289,-0.5875728,-0.010323152,-0.37655982,-1.0824915,-0.07109978,-0.544481,-1.487763,-0.13994959,-0.5655921,-1.8465908,-0.21502371,-0.77612954,-0.9138146,-0.13961942,-1.0909096,-0.8626564,-0.20933984,-0.9353828,-0.7830474,-0.25590724,-0.7652174,-0.7696057,-0.2847405,-0.83025324,-0.5264991,-0.18297087,-1.1266834,-0.54308593,-0.21289459,-0.9676466,-0.48056525,-0.20683333,-0.7944995,-0.45260075,-0.21328908,-0.8287062,-0.1413973,-0.21868628,-1.0880921,-0.20133428,-0.23208375,-0.9441211,-0.15487123,-0.16799833,-0.7823521,-0.13309182,-0.13743056,-0.79062384,0.21557802,-0.25499678,-1.0149747,0.13590194,-0.25363293,-0.88162047,0.15141101,-0.1735642,-0.74427193,0.16762945,-0.114363946,160.95903,35.254566,13.350485,13.937709,30.059904,1.9432002,1.1220195,0.9389192,0.8054039,0.7714399,1.0975461,0.32627425,0.32861534,0.3039991
bien,0.0,0.0,0.0,-0.12202118,-0.59817404,-0.020822434,-0.3376625,-1.0815793,-0.07170802,-0.5558854,-1.416498,-0.12288943,-0.6952592,-1.6863688,-0.17316812,-0.83541787,-0.8625198,-0.11740317,-1.1388546,-0.8752085,-0.15658468,-1.0243176,-0.8173659,-0.1823523,-0.8684859,-0.79141253,-0.19546981,-0.8856688,-0.44323152,-0.13833517,-1.166508,-0.50588065,-0.12938657,-1.0318202,-0.48764148,-0.116798624,-0.86938834,-0.45718715,-0.12545732,-0.8662489,-0.04764399,-0.15103115,-1.0953445,-0.13286084,-0.13780838,-0.96570086,-0.13584636,-0.08141842,-0.8096948,-0.11082111,-0.061806023,-0.8084131,0.30899137,-0.1640489,-1.0069593,0.20738818,-0.14364737,-0.8873128,0.18480876,-0.06593827,-0.7606016,0.20093189,-0.011337084,173.9136,21.183304,4.1322227,23.942106,43.34521,1.8322698,1.1911381,0.99025035,0.81957734,0.78677624,0.9118397,0.34148085,0.35718936,0.31960475
bien,0.0,0.0,0.0,-0.14702843,-0.6021717,-0.035509903,-0.37062237,-1.0524389,-0.103975475,-0.5707399,-1.4512631,-0.17344333,-0.663777,-1.7922466,-0.24246676,-0.8627403,-0.76789296,-0.105476536,-0.9834121,-0.8427403,-0.13941938,-0.81764495,-0.79796886,-0.18754525,-0.69529474,-0.73882145,-0.22674525,-0.9199035,-0.37305656,-0.12085674,-1.0131079,-0.51305443,-0.09714688,-0.86072266,-0.49919832,-0.09784998,-0.7242458,-0.43083772,-0.12589796,-0.8945707,-0.007944628,-0.12944992,-0.9924543,-0.17821255,-0.09320647,-0.8580655,-0.17449595,-0.047240574,-0.7169925,-0.12569518,-0.043572657,-0.83952796,0.30300027,-0.142695,-0.942329,0.15868653,-0.10480971,-0.8146791,0.1364371,-0.031602364,-0.69052255,0.1650575,0.016301427,168.57407,31.654913,40.24401,53.153744,63.97792,1.9265352,1.0395699,0.85205835,0.7292298,0.7101627,1.0540137,0.32536492,0.3161361,0.29803136
bien,0.0,0.0,0.0,-0.18270314,-0.60316426,-0.011341996,-0.461093,-1.0855739,-0.08225602,-0.63929045,-1.4923923,-0.16449371,-0.6859506,-1.8572294,-0.24946176,-0.85895115,-0.81907016,-0.13475946,-1.1892318,-0.84850425,-0.23115988,-1.0124902,-0.81023675,-0.30013812,-0.81951773,-0.78344727,-0.33590063,-0.8973341,-0.40205652,-0.18204974,-1.2056317,-0.487065,-0.22321557,-1.0295238,-0.4659695,-0.23108917,-0.84204227,-0.42566484,-0.24387707,-0.869592,-0.0017863486,-0.22360647,-1.1423221,-0.101793416,-0.24169298,-0.9870325,-0.094807796,-0.17798306,-0.81173044,-0.07164055,-0.14434576,-0.8050822,0.35380843,-0.26623276,-1.0529062,0.25979298,-0.2600117,-0.92021066,0.23594072,-0.16921963,-0.7753237,0.2448688,-0.10092962,163.78348,32.164,12.040973,19.45404,38.56285,1.9955101,1.182467,0.9745264,0.82757133,0.81931335,1.0855045,0.3701134,0.36899662,0.32154095
bien,0.0,0.0,0.0,-0.15134874,-0.57128245,0.00031249158,-0.4427792,-1.0708443,-0.06428923,-0.6342163,-1.5026298,-0.13602866,-0.620996,-1.9030582,-0.21636985,-0.7845089,-0.92469496,-0.1764208,-1.1730812,-0.8087444,-0.24480675,-1.0242398,-0.71153903,-0.27365932,-0.85559857,-0.73613834,-0.29288208,-0.80882597,-0.54211384,-0.22784445,-1.1968415,-0.47501814,-0.26315254,-1.0336567,-0.4018781,-0.23377259,-0.8579088,-0.4026832,-0.22521335,-0.7950697,-0.1546982,-0.2686482,-1.1361237,-0.13018894,-0.29320994,-0.976877,-0.08793247,-0.21463612,-0.8041836,-0.093470484,-0.17399052,-0.75381744,0.21170281,-0.30722883,-1.0472146,0.20265324,-0.3174749,-0.9022453,0.22167146,-0.23529908,-0.7505492,0.2201109,-0.17578715,154.45522,34.43399,21.777693,18.565939,23.542141,2.0134752,1.166074,0.97410595,0.8280825,0.80166954,1.1927255,0.34025982,0.31799793,0.31814015
bien,0.0,0.0,0.0,-0.13548444,-0.6343942,-0.013968691,-0.38280296,-1.1305863,-0.0875392,-0.57102376,-1.5488001,-0.16646333,-0.61074823,-1.9229977,-0.24825764,-0.795849,-0.8797769,-0.171188,-1.1546333,-0.9381925,-0.2557053,-0.9791545,-0.90794706,-0.30878368,-0.7932592,-0.86851436,-0.3351734,-0.86237055,-0.46117738,-0.20888382,-1.1966164,-0.5874153,-0.23039506,-1.0233799,-0.5813853,-0.21570288,-0.84376985,-0.5333184,-0.2186315,-0.86095077,-0.056771874,-0.2381279,-1.1516032,-0.19585627,-0.23908764,-1.0044222,-0.20765336,-0.16489734,-0.839179,-0.17724966,-0.13076743,-0.8188073,0.3067627,-0.26759437,-1.0716763,0.1713627,-0.25372455,-0.9410509,0.13766696,-0.16232815,-0.8017265,0.15770084,-0.096952006,161.99402,25.327625,12.061736,28.819227,44.28481,2.0328712,1.2230775,1.0218492,0.86760527,0.8228212,1.073685,0.35845456,0.36677805,0.33872998
